trans_date_trans_time,merchant,category,amt,gender,city,state,lat,long,city_pop,job,dob,merch_lat,merch_long,is_fraud,merch_zipcode,Customer_ID,Age,Age_Group,Customer_Segment,Credit_Limit,Account_Balance,Avg_Transaction_Amount,Last_Transaction_Amount,Transactions_Last_24H,Transactions_Last_1H,Time_Since_Last_Transaction_Min,Merchant_Risk_Score,Customer_Risk_Score,Device_Type,Transaction_Channel,Authentication_Method,OTP_Verified,Card_Present,New_Device_Flag,New_Merchant_Flag,Transaction_Hour,Day_of_Week,Weekend_Flag,Fraud_Probability,Predicted_Fraud,Risk_Category
2019-01-07 04:51:16,"Raynor, Feest and Miller",gas_transport,51.64,M,Sauk Rapids,MN,45.604,-94.1591,16163,Hydrographic surveyor,1987-02-22,45.490296,-93.952942,0,55319,CUST007658,38,26-40,Standard,7195.0,3818.05,48.34,45.04,7,1,1224,42,77,MOBILE,Mobile,Biometric,Yes,Yes,No,No,4,Monday,False,0.0,0,Low Risk
2019-01-04 22:39:40,Lynch-Mohr,travel,3.08,F,Roma,TX,26.4215,-99.0025,18128,IT trainer,1990-11-07,27.343817,-98.701593,0,78361,CUST009851,35,26-40,Standard,6925.0,4482.125,2.43,3.65,11,0,129,73,28,ATM,POS,Biometric,Yes,No,No,No,22,Friday,False,0.0,0,Low Risk
2019-01-15 17:58:37,"Reichert, Rowe and Mraz",shopping_net,1.33,F,Littleton,CO,39.5994,-105.0044,320420,Water engineer,1975-07-31,39.559612,-105.371079,0,80433,CUST010417,50,41-60,Gold,14085.0,5582.98,0.86,1.47,11,0,909,10,99,ATM,Mobile,OTP,Yes,No,No,No,17,Tuesday,False,0.0,0,Low Risk
2019-01-14 15:33:19,"Mosciski, Ziemann and Farrell",shopping_net,3.97,F,Diamond,OH,41.0935,-81.0425,2644,"Engineer, biomedical",1983-08-25,41.384025,-81.66282,0,44131,CUST010372,42,41-60,Platinum,52880.0,23735.18,3.36,4.5,11,0,802,97,51,ATM,POS,OTP,Yes,Yes,Yes,No,15,Monday,False,0.0,0,Low Risk
2019-01-13 16:25:09,Stark-Batz,entertainment,82.74,M,Boonton,NJ,40.9115,-74.414,15269,"Psychologist, sport and exercise",1993-07-05,41.599614,-73.984398,0,12542,CUST002794,32,26-40,Standard,7799.0,6062.54,57.19,60.78,10,1,753,56,52,POS,Online,Biometric,Yes,No,No,No,16,Sunday,True,0.0,0,Low Risk
2019-01-06 20:01:41,Stamm-Witting,shopping_net,514.22,F,Florence,MS,32.153,-90.1217,19685,Fine artist,1984-12-24,33.060423,-89.7068439999999,0,39160,CUST009317,41,41-60,Gold,15849.0,12320.04,317.02,331.05,3,4,1424,3,75,POS,POS,Biometric,Yes,No,No,No,20,Sunday,True,0.04,0,Low Risk
2019-01-12 01:04:00,"Reichert, Rowe and Mraz",shopping_net,100.14,M,Fort Washakie,WY,43.0048,-108.8964,1645,Freight forwarder,1976-02-26,42.5987,-109.092878,0,45777,CUST000101,49,41-60,Standard,7367.5,4926.41,67.71,60.48,2,0,1273,8,55,MOBILE,POS,PIN,Yes,Yes,No,Yes,1,Saturday,True,0.0,0,Low Risk
2019-01-14 01:45:25,Emard Inc,gas_transport,83.81,M,Omaha,NE,41.2064,-95.9953,518429,"Surveyor, land/geomatics",1995-10-10,40.283609,-96.451402,0,68332,CUST002607,30,26-40,Standard,6197.0,4654.21,61.23,83.49,9,4,578,13,11,WEB,POS,PIN,No,Yes,No,No,1,Monday,False,0.0,0,Low Risk
2019-01-15 21:08:27,"Hauck, Dietrich and Funk",kids_pets,28.57,F,Thrall,TX,30.592,-97.2893,1766,Press sub,1976-01-02,30.638577,-98.124516,0,78605,CUST001668,49,41-60,Standard,7360.0,5099.99,22.04,21.51,1,3,182,88,54,MOBILE,ATM,PIN,Yes,Yes,No,No,21,Tuesday,False,0.0,0,Low Risk
2019-01-13 05:49:04,Huels-Hahn,gas_transport,55.04,M,Tallmansville,WV,38.8564,-80.158,571,Accounting technician,1967-09-16,38.530087,-81.034292,0,25113,CUST002233,58,41-60,Standard,4219.0,4482.125,38.13,37.755,11,4,139,36,30,POS,ATM,PIN,Yes,Yes,No,No,5,Sunday,True,0.0,0,Low Risk
2019-01-08 19:04:15,Kihn Inc,shopping_pos,1.27,F,Ogdensburg,NJ,41.0767,-74.5982,2456,Senior tax professional/tax inspector,1994-03-13,40.339981,-74.649138,0,8540,CUST006997,31,26-40,Standard,4960.0,1376.38,1.19,1.01,6,1,162,8,38,WEB,ATM,PIN,No,Yes,No,No,19,Tuesday,False,0.0,0,Low Risk
2019-01-15 18:51:23,Heaney-Marquardt,entertainment,26.2,F,Ruidoso,NM,33.3305,-105.6933,8874,Licensed conveyancer,2000-08-16,34.321054,-106.139729,0,45777,CUST004373,25,18-25,Gold,17634.0,12219.23,17.96,22.65,7,0,23,17,1,POS,POS,OTP,Yes,No,No,No,18,Tuesday,False,0.0,0,Low Risk
2019-01-17 07:07:28,McGlynn-Heathcote,misc_net,34.37,F,Heislerville,NJ,39.224,-74.9942,526,Exercise physiologist,1940-09-06,38.974856,-75.762334,0,21639,CUST003429,85,60+,Standard,5844.0,1304.49,30.58,21.06,3,4,456,41,74,MOBILE,ATM,PIN,Yes,Yes,Yes,No,7,Thursday,False,0.0,0,Low Risk
2019-01-11 14:28:25,Terry-Huel,shopping_net,42.9,F,Oolitic,IN,38.8938,-86.5246,1228,Counsellor,1991-03-13,38.502537,-87.321826,0,47567,CUST004558,34,26-40,Standard,4057.0,3033.86,35.53,23.48,5,4,287,95,98,MOBILE,Online,Biometric,Yes,Yes,No,No,14,Friday,False,0.0,0,Low Risk
2019-01-03 19:48:44,Morissette LLC,entertainment,19.07,F,Irvine,PA,41.8117,-79.2643,528,Chief Marketing Officer,1972-09-13,42.359516,-79.748853,0,14775,CUST009585,53,41-60,Standard,4941.0,2065.34,14.47,37.755,1,4,104,50,29,MOBILE,POS,OTP,Yes,Yes,No,Yes,19,Thursday,False,0.0,0,Low Risk
2019-01-12 04:39:17,Simonis-Prohaska,misc_pos,3.85,M,Benton,WI,42.5545,-90.3508,1306,Public relations officer,1958-09-10,43.19363,-89.608494,0,53528,CUST007070,67,60+,Standard,6888.0,2779.9,2.34,2.65,3,1,551,28,27,MOBILE,Mobile,PIN,Yes,No,No,No,4,Saturday,True,0.0,0,Low Risk
2019-01-14 01:05:54,Predovic Inc,shopping_net,6.38,F,Noonan,ND,48.8856,-103.0098,248,Industrial/product designer,1968-05-13,49.290944,-102.556695,0,45777,CUST006513,57,41-60,Gold,15090.0,8405.67,5.78,7.35,5,4,522,11,24,WEB,POS,OTP,Yes,Yes,No,No,1,Monday,False,0.0,0,Low Risk
2019-01-15 11:01:45,Boyer PLC,shopping_net,95.91,M,Carroll,NE,42.277,-97.1926,566,Metallurgist,1975-01-26,41.855796,-97.015128,0,68641,CUST001213,50,41-60,Standard,6941.0,4482.125,78.24,55.24,7,0,154,68,5,WEB,Online,OTP,Yes,Yes,No,No,11,Tuesday,False,0.0,0,Low Risk
2019-01-15 02:42:27,Kutch and Sons,grocery_pos,116.37,M,Brinson,GA,30.9788,-84.7373,1461,"Engineer, broadcasting (operations)",1935-09-08,30.428214,-84.389926,0,32304,CUST006347,90,60+,Gold,17964.0,5411.28,95.97,69.02,11,3,1292,50,58,POS,Mobile,OTP,Yes,Yes,No,No,2,Tuesday,False,0.0,0,Low Risk
2019-01-04 16:38:47,"Hintz, Bauch and Smith",health_fitness,65.24,M,West Harrison,NY,41.0592,-73.7395,11250,Lexicographer,1977-08-16,41.537405,-73.063201,0,6708,CUST007223,48,41-60,Standard,7616.0,1547.46,58.47,59.69,9,2,1219,22,80,MOBILE,ATM,PIN,Yes,Yes,No,No,16,Friday,False,0.01,0,Low Risk
2019-01-01 05:44:16,Heller-Langosh,gas_transport,62.62,F,Paauilo,HI,20.0271,-155.3697,1490,"Scientist, research (maths)",1991-04-13,19.209212,-155.16214,0,45777,CUST008739,34,26-40,Gold,17535.0,4582.29,59.14,71.01,6,0,515,50,43,ATM,Mobile,Biometric,Yes,Yes,No,No,5,Tuesday,False,0.0,0,Low Risk
2019-01-12 04:21:49,Kuhic LLC,shopping_net,5.35,M,Bolton,NC,34.3091,-78.3372,2290,"Engineer, biomedical",1945-12-07,34.83031,-79.04691,0,28386,CUST003475,80,60+,Standard,6581.0,5660.84,4.86,3.55,7,0,1040,73,10,MOBILE,Online,OTP,Yes,Yes,No,No,4,Saturday,True,0.0,0,Low Risk
2019-01-07 15:02:15,"Gottlieb, Considine and Schultz",shopping_net,3.54,F,Kingsport,TN,36.4715,-82.4834,87124,Warden/ranger,1987-02-14,35.872093,-82.830503,0,28743,CUST006135,38,26-40,Standard,5836.0,4818.75,3.23,3.61,8,4,610,31,74,ATM,Online,Biometric,No,No,No,No,15,Monday,False,0.0,0,Low Risk
2019-01-16 13:33:31,Kessler Inc,travel,4.4,F,Des Moines,IA,41.5855,-93.6719,222785,Wellsite geologist,1956-01-24,42.055161,-92.752859,0,50632,CUST004973,69,60+,Gold,14108.0,12637.36,2.94,4.19,5,2,1227,86,30,ATM,Mobile,OTP,No,Yes,No,No,13,Wednesday,False,0.0,0,Low Risk
2019-01-05 16:28:58,Rippin-VonRueden,health_fitness,12.34,F,Rock Springs,WY,41.606,-109.23,27971,Music therapist,1984-08-01,42.544108,-109.524629,0,45777,CUST008291,41,41-60,Standard,5125.0,2038.91,10.39,6.97,4,4,756,89,28,ATM,Mobile,OTP,Yes,Yes,Yes,No,16,Saturday,True,0.0,0,Low Risk
2019-01-15 03:50:40,Barton Inc,grocery_pos,87.08,F,Viola,AR,36.3924,-91.9932,1679,Psychiatric nurse,1986-05-02,35.649057,-92.22142,0,72044,CUST007650,39,26-40,Standard,7636.0,5591.95,63.56,91.94,4,0,816,88,49,MOBILE,POS,PIN,Yes,Yes,No,No,3,Tuesday,False,0.0,0,Low Risk
2019-01-14 20:57:55,Schiller Ltd,personal_care,72.7,M,Desdemona,TX,32.2819,-98.5673,407,Clothing/textile technologist,1978-08-08,32.115521,-99.27765,0,76443,CUST002577,47,41-60,Standard,5956.0,2752.27,46.81,44.66,1,0,241,65,37,ATM,Mobile,Biometric,Yes,Yes,No,Yes,20,Monday,False,0.0,0,Low Risk
2019-01-05 12:50:02,Weimann-Lockman,kids_pets,55.6,M,Pointe Aux Pins,MI,45.7549,-84.447,95,Electrical engineer,1994-02-09,45.314982,-85.407755,0,49720,CUST007624,31,26-40,Platinum,50064.0,35891.7,38.1,38.14,2,4,628,49,71,MOBILE,ATM,OTP,Yes,No,No,No,12,Saturday,True,0.0,0,Low Risk
2019-01-12 15:50:36,Denesik and Sons,shopping_pos,3.11,F,Daly City,CA,37.6787,-122.478,107941,"Buyer, industrial",1991-10-04,37.74377,-122.072367,0,94546,CUST005760,34,26-40,Standard,7121.0,5453.57,2.16,2.78,1,1,139,90,77,ATM,ATM,Biometric,Yes,No,No,No,15,Saturday,True,0.0,0,Low Risk
2019-01-03 03:18:50,"Eichmann, Bogan and Rodriguez",gas_transport,54.93,M,Sula,MT,45.8433,-113.8748,218,"Therapist, horticultural",1995-08-16,45.382286,-113.715683,0,83462,CUST010223,30,26-40,Gold,15299.0,7065.23,43.71,37.36,5,0,670,45,59,POS,Mobile,Biometric,Yes,No,No,Yes,3,Thursday,False,0.0,0,Low Risk
2019-01-14 14:56:03,Champlin-Casper,home,35.34,F,Jermyn,PA,41.5744,-75.5881,6508,Training and development officer,1981-06-22,41.728882,-76.038215,0,18828,CUST001089,44,41-60,Gold,15007.0,10990.99,36.06,36.82,10,3,834,84,10,ATM,ATM,PIN,Yes,No,No,No,14,Monday,False,0.0,0,Low Risk
2019-01-17 22:38:26,Kihn-Schuster,food_dining,102.84,M,June Lake,CA,37.7773,-119.0825,633,Health service manager,1927-09-09,38.17657,-119.671255,0,45777,CUST002098,98,60+,Gold,16168.0,7753.85,88.49,37.755,9,0,245,62,52,ATM,Mobile,Biometric,Yes,Yes,No,No,22,Thursday,False,0.0,0,Low Risk
2019-01-18 20:07:54,Lesch Ltd,shopping_pos,50.41,F,Saint Amant,LA,30.2385,-90.8435,10076,"Surveyor, rural practice",1977-12-16,29.675194,-90.896193,0,70352,CUST005795,48,41-60,Standard,4091.0,1448.82,40.11,54.33,10,0,357,33,79,POS,ATM,PIN,Yes,Yes,No,No,20,Friday,False,0.0,0,Low Risk
2019-01-08 06:15:17,Hudson-Ratke,grocery_pos,154.78,F,Umatilla,FL,28.9254,-81.6801,11432,Private music teacher,1986-03-31,29.580657,-80.907647,0,45777,CUST006557,39,26-40,Standard,5734.0,3897.28,101.95,156.75,2,4,395,56,11,MOBILE,Mobile,PIN,Yes,No,No,No,6,Tuesday,False,0.0,0,Low Risk
2019-01-14 18:26:14,Romaguera Ltd,health_fitness,30.56,M,Falconer,NY,42.1239,-79.1895,3833,Metallurgist,1970-10-09,42.159459,-78.400785,0,14743,CUST006667,55,41-60,Standard,7132.0,3696.24,24.92,36.61,8,2,68,55,80,MOBILE,Online,OTP,Yes,Yes,No,No,18,Monday,False,0.0,0,Low Risk
2019-01-04 04:58:45,Murray-Smitham,grocery_pos,118.99,F,Bradley,SC,34.0326,-82.2027,1523,Research scientist (physical sciences),1984-06-03,34.640936,-82.755561,0,29670,CUST005864,41,41-60,Standard,7630.0,4420.08,78.45,76.24,3,0,187,81,58,POS,Mobile,PIN,Yes,Yes,No,No,4,Friday,False,0.0,0,Low Risk
2019-01-10 11:01:05,Strosin-Cruickshank,grocery_pos,218.5,F,Wilmington,NC,34.2651,-77.867,186140,English as a second language teacher,1983-02-08,34.428964,-77.372492,0,28460,CUST010715,42,41-60,Gold,16678.0,11645.95,159.36,254.5,7,1,984,77,4,MOBILE,Mobile,OTP,Yes,No,No,No,11,Thursday,False,0.0,0,Low Risk
2019-01-17 15:42:29,Howe Ltd,misc_pos,366.03,M,Birmingham,AL,33.4629,-86.7904,493806,Musician,1980-07-12,33.746788,-86.763933,0,35116,CUST007494,45,41-60,Standard,4803.0,4314.38,303.36,208.25,10,2,431,99,88,ATM,Online,PIN,No,Yes,No,No,15,Thursday,False,0.06,0,Low Risk
2019-01-05 19:24:30,"McDermott, Osinski and Morar",home,7.44,F,East Canaan,CT,42.0158,-73.2913,647,Comptroller,1987-09-26,41.691828,-73.8421599999999,0,12603,CUST010946,38,26-40,Gold,15351.0,4492.01,5.94,7.71,9,3,518,63,93,ATM,POS,Biometric,Yes,Yes,No,No,19,Saturday,True,0.0,0,Low Risk
2019-01-09 14:29:47,McKenzie-Huels,food_dining,27.44,F,Oran,IA,42.7012,-92.0762,53,Sports administrator,1972-10-05,42.560115,-91.335752,0,52050,CUST007323,53,41-60,Standard,5597.0,1954.33,24.06,21.53,6,0,1122,56,55,WEB,Mobile,PIN,Yes,Yes,No,No,14,Wednesday,False,0.01,0,Low Risk
2019-01-15 18:03:36,"Klocko, Runolfsdottir and Breitenberg",health_fitness,30.43,F,Conway,WA,48.34,-122.3456,85,"Research officer, political party",1984-09-01,48.902884,-122.829423,0,98230,CUST006531,41,41-60,Standard,5545.0,4482.125,26.09,18.89,2,4,62,35,100,ATM,POS,OTP,Yes,Yes,No,No,18,Tuesday,False,0.0,0,Low Risk
2019-01-06 17:01:39,"Walter, Hettinger and Kessler",personal_care,86.66,M,Winfield,WV,38.5072,-81.89,5512,Exhibition designer,1980-03-24,39.314827,-81.740337,0,45742,CUST001329,45,41-60,Gold,17065.0,5254.71,74.75,89.35,2,0,114,48,25,WEB,POS,PIN,No,Yes,No,No,17,Sunday,True,0.0,0,Low Risk
2019-01-01 16:24:16,McDermott-Rice,misc_pos,8.71,M,Pikesville,MD,39.3764,-76.729,33917,Company secretary,1977-06-12,38.885368,-76.925187,0,20019,CUST007067,48,41-60,Standard,5668.0,2069.62,6.65,5.07,7,2,1323,15,54,POS,ATM,PIN,Yes,No,No,No,16,Tuesday,False,0.0,0,Low Risk
2019-01-06 06:22:04,Pagac LLC,shopping_pos,7.32,F,Delhi,LA,32.3929,-91.4714,6581,Multimedia programmer,1964-02-13,31.858109,-91.536141,0,71368,CUST010713,61,60+,Standard,5285.0,1776.29,5.73,6.87,6,4,915,40,1,MOBILE,Online,PIN,Yes,Yes,No,Yes,6,Sunday,True,0.0,0,Low Risk
2019-01-15 23:19:32,Bednar Inc,travel,5.51,F,Hedley,TX,34.8698,-100.6806,513,Early years teacher,1976-05-24,35.107603,-100.94371,0,45777,CUST002023,49,41-60,Standard,5739.0,3195.08,4.32,3.74,9,2,210,20,4,MOBILE,Mobile,Biometric,Yes,No,No,No,23,Tuesday,False,0.0,0,Low Risk
2019-01-16 06:11:35,Spencer-Runolfsson,misc_pos,7.1,F,Odessa,MO,38.9829,-93.9757,9512,Clinical research associate,1972-12-31,39.007273,-94.062878,0,64011,CUST000165,53,41-60,Standard,5440.0,2175.36,5.18,6.31,5,0,1376,24,7,WEB,Mobile,OTP,Yes,No,No,No,6,Wednesday,False,0.0,0,Low Risk
2019-01-14 04:43:56,Pouros-Conroy,shopping_pos,128.01,M,Big Indian,NY,42.074,-74.453,397,Psychiatrist,1931-09-12,41.892148,-74.1345,0,12419,CUST005971,94,60+,Standard,7133.0,2316.23,111.11,72.0,10,4,1257,15,11,MOBILE,Online,Biometric,Yes,Yes,No,No,4,Monday,False,0.0,0,Low Risk
2019-01-07 11:34:47,Brekke and Sons,gas_transport,75.35,F,Deane,KY,37.2409,-82.7696,230,"Conservation officer, historic buildings",1997-08-04,37.188993,-82.074344,0,24656,CUST006934,28,26-40,Platinum,51672.0,34104.84,51.55,43.15,3,2,1023,6,20,ATM,POS,Biometric,No,Yes,No,No,11,Monday,False,0.0,0,Low Risk
2019-01-11 22:51:17,Bogisich-Weimann,kids_pets,53.24,M,Brooklin,ME,44.2541,-68.5565,824,"Loss adjuster, chartered",1974-11-02,44.668879,-68.66506,0,4429,CUST004263,51,41-60,Gold,15719.0,8372.3,34.82,54.06,4,1,272,16,67,POS,ATM,PIN,Yes,Yes,No,No,22,Friday,False,0.01,0,Low Risk
2019-01-15 11:28:40,McDermott-Rice,misc_pos,5.4,M,Parker,CO,39.5102,-104.7216,84861,Materials engineer,1932-03-10,38.644514,-105.562152,0,80820,CUST010334,93,60+,Gold,16306.0,8176.53,3.27,3.46,3,3,548,73,41,MOBILE,POS,OTP,Yes,No,No,No,11,Tuesday,False,0.0,0,Low Risk
2019-01-07 22:15:42,"Bernhard, Grant and Langworth",shopping_pos,3.91,F,Sherman,TX,33.6372,-96.6184,46563,Systems developer,1970-09-11,33.922003,-96.850381,0,73440,CUST001263,55,41-60,Platinum,49826.0,24843.09,3.16,37.755,3,2,26,92,38,MOBILE,Online,PIN,Yes,Yes,No,No,22,Monday,False,0.0,0,Low Risk
2019-01-11 16:32:28,"Mueller, Gerhold and Mueller",health_fitness,32.89,F,Cranks,KY,36.7558,-83.1838,581,"Psychologist, counselling",1967-02-04,36.645261,-82.662451,0,24251,CUST008839,58,41-60,Standard,6438.0,5176.34,21.85,27.29,10,2,766,50,99,POS,POS,PIN,Yes,Yes,No,No,16,Friday,False,0.0,0,Low Risk
2019-01-08 15:10:27,Schulist Ltd,food_dining,39.0,F,Moravian Falls,NC,36.0788,-81.1781,3495,"Psychologist, counselling",1988-03-09,35.360129,-80.247965,0,28001,CUST008478,37,26-40,Platinum,52095.0,11086.43,24.15,38.38,7,2,368,19,17,WEB,Mobile,OTP,Yes,Yes,No,No,15,Tuesday,False,0.0,0,Low Risk
2019-01-18 15:58:01,Dibbert and Sons,entertainment,24.76,F,Mound City,MO,40.1362,-95.2138,1631,Architect,1953-01-20,40.283373,-95.617522,0,68414,CUST002151,72,60+,Gold,7367.5,6184.56,18.65,18.24,9,1,1019,29,51,WEB,Online,PIN,No,Yes,No,No,15,Friday,False,0.0,0,Low Risk
2019-01-16 05:31:32,Ledner-Pfannerstill,gas_transport,61.23,M,Conway,NH,43.9742,-71.1503,3807,Surgeon,1999-10-25,43.20641,-71.548395,0,3301,CUST007924,26,26-40,Standard,6274.0,5327.49,50.88,70.87,11,2,115,62,19,POS,ATM,OTP,Yes,Yes,No,No,5,Wednesday,False,0.01,0,Low Risk
2019-01-10 11:20:37,Parisian and Sons,gas_transport,60.25,M,Paint Rock,AL,34.7031,-86.3068,653,Paediatric nurse,1966-06-19,34.298968,-85.9042329999999,0,35963,CUST010073,59,41-60,Standard,5082.0,4515.89,41.57,43.49,10,0,605,18,15,ATM,Online,Biometric,Yes,No,No,No,11,Thursday,False,0.0,0,Low Risk
2019-01-13 16:42:43,"Runte, Green and Emard",health_fitness,50.57,F,Bynum,TX,31.9907,-96.9837,522,Commercial/residential surveyor,1946-03-21,32.685692,-96.555696,0,75159,CUST004434,79,60+,Standard,6004.0,4876.94,32.62,49.52,6,0,485,84,53,MOBILE,POS,Biometric,Yes,No,No,Yes,16,Sunday,True,0.0,0,Low Risk
2019-01-15 18:04:16,"Bernhard, Grant and Langworth",shopping_pos,6.36,F,Spencer,SD,43.7557,-97.5936,343,"Development worker, international aid",1972-03-05,44.548089,-96.987769,0,57234,CUST008308,53,41-60,Standard,6553.0,4957.06,3.95,4.61,9,4,42,63,21,WEB,ATM,Biometric,Yes,Yes,No,No,18,Tuesday,False,0.0,0,Low Risk
2019-01-01 23:39:08,"Lubowitz, Terry and Stracke",personal_care,12.64,F,Topeka,KS,39.1329,-95.7023,163415,Secondary school teacher,2004-12-30,38.272719,-95.0156,0,66072,CUST008187,21,18-25,Standard,5362.0,1162.3,9.04,9.55,4,4,954,21,24,MOBILE,Mobile,OTP,Yes,Yes,No,No,23,Tuesday,False,0.0,0,Low Risk
2019-01-13 18:52:50,Heathcote LLC,shopping_net,126.11,F,Orangeburg,NY,41.0442,-73.9609,5950,Records manager,1971-07-02,40.690888,-73.717771,0,11411,CUST003855,54,41-60,Gold,16442.0,9092.21,83.81,72.26,2,0,396,30,39,WEB,ATM,PIN,Yes,Yes,No,No,18,Sunday,True,0.0,0,Low Risk
2019-01-02 14:21:44,"Schoen, Nienow and Bauch",personal_care,4.6,F,Spencer,SD,43.7557,-97.5936,343,"Development worker, international aid",1972-03-05,44.318456,-98.565643,0,57379,CUST006203,53,41-60,Standard,6840.0,4526.4,3.35,3.41,10,1,539,88,47,ATM,POS,PIN,Yes,No,No,No,14,Wednesday,False,0.0,0,Low Risk
2019-01-11 13:12:09,Schmeler-Howe,personal_care,4.11,F,Montrose,NY,41.2496,-73.9446,3487,Race relations officer,1960-01-13,40.519766,-74.7910199999999,0,8887,CUST007882,65,60+,Standard,7521.0,1531.67,2.98,3.52,3,3,224,50,53,ATM,Online,OTP,Yes,No,No,No,13,Friday,False,0.02,0,Low Risk
2019-01-07 17:41:37,Carroll PLC,health_fitness,46.45,M,San Antonio,TX,29.5894,-98.5201,1595797,Exhibition designer,1975-12-28,29.240674,-98.765032,0,78052,CUST006395,50,41-60,Standard,7385.0,5262.41,34.52,35.53,1,2,238,50,83,POS,ATM,Biometric,No,Yes,No,No,17,Monday,False,0.0,0,Low Risk
2019-01-16 09:19:12,Dicki Ltd,grocery_net,54.78,M,West Hartford,VT,43.7185,-72.4439,140,"Development worker, community",1989-10-28,44.71461,-72.351562,0,5820,CUST000943,36,26-40,Gold,15670.0,5365.62,47.01,55.73,4,0,47,88,77,MOBILE,Online,OTP,Yes,Yes,Yes,No,9,Wednesday,False,0.0,0,Low Risk
2019-01-13 08:09:31,Bernhard Inc,gas_transport,52.17,F,Galatia,IL,37.8274,-88.6235,1943,"Restaurant manager, fast food",1971-10-19,37.806952,-87.632038,0,42420,CUST004992,54,41-60,Standard,7554.0,3787.38,38.21,36.52,10,0,1200,62,54,MOBILE,ATM,Biometric,Yes,Yes,No,No,8,Sunday,True,0.0,0,Low Risk
2019-01-13 13:09:19,Dibbert and Sons,entertainment,106.57,F,Hudson,KS,38.1485,-98.6408,215,Probation officer,1968-11-22,38.266,-98.138591,0,67579,CUST010984,57,41-60,Standard,4472.0,3335.2,73.1,85.93,3,1,263,71,62,WEB,Mobile,OTP,Yes,No,Yes,No,13,Sunday,True,0.0,0,Low Risk
2019-01-02 20:56:51,Connelly-Carter,home,180.47,F,Colorado Springs,CO,38.8881,-104.6556,525713,Museum/gallery exhibitions officer,1992-05-09,38.166824,-105.374185,0,81252,CUST008350,33,26-40,Standard,6125.0,2685.93,159.52,203.67,8,1,513,51,65,WEB,ATM,OTP,Yes,No,No,No,20,Wednesday,False,0.0,0,Low Risk
2019-01-13 13:32:45,Powlowski-Weimann,food_dining,116.72,F,Roma,TX,26.4215,-99.0025,18128,IT trainer,1990-11-07,26.400187,-98.096474,0,78542,CUST006548,35,26-40,Standard,6512.0,3843.5,72.91,86.57,9,1,440,82,61,POS,Online,Biometric,Yes,Yes,No,Yes,13,Sunday,True,0.01,0,Low Risk
2019-01-15 02:16:19,Hudson-Ratke,grocery_pos,244.18,F,Hurricane,WV,38.4257,-81.9943,21902,Sub,1980-09-18,38.960365,-82.702054,0,45640,CUST005146,45,41-60,Standard,7734.0,3618.64,216.29,155.34,8,1,679,26,77,POS,Online,Biometric,Yes,Yes,No,No,2,Tuesday,False,0.04,0,Low Risk
2019-01-01 14:11:41,Cartwright PLC,kids_pets,14.69,F,Coleharbor,ND,47.5196,-101.2332,307,Make,1930-08-13,47.938229,-102.081699,0,58770,CUST004519,95,60+,Standard,4898.0,4342.68,12.32,13.66,11,1,972,95,35,WEB,Mobile,Biometric,Yes,Yes,No,No,14,Tuesday,False,0.0,0,Low Risk
2019-01-05 15:23:32,"Bahringer, Bergnaum and Quitzon",home,78.83,F,Cuthbert,GA,31.7706,-84.7936,5726,Fitness centre manager,1947-08-14,32.540452,-84.031714,0,31076,CUST007458,78,60+,Standard,5186.0,4489.83,50.87,52.51,1,0,790,76,35,ATM,Online,OTP,Yes,Yes,No,No,15,Saturday,True,0.0,0,Low Risk
2019-01-02 15:45:28,Bednar Inc,travel,3.08,F,Llano,NM,36.1486,-105.6648,247,Architectural technologist,1961-10-24,35.503594,-106.578862999999,0,45777,CUST003350,64,60+,Platinum,7367.5,39209.02,2.69,2.71,9,1,155,98,39,POS,Online,Biometric,No,Yes,Yes,Yes,15,Wednesday,False,0.0,0,Low Risk
2019-01-19 00:13:14,"Zboncak, Rowe and Murazik",shopping_net,3.1,M,Ruth,NV,39.3426,-114.8859,450,Interpreter,1946-08-24,38.993267,-115.795321,0,89314,CUST009449,79,60+,Gold,14572.0,7489.67,1.92,3.11,6,3,886,96,32,MOBILE,POS,OTP,Yes,Yes,No,No,0,Saturday,True,0.0,0,Low Risk
2019-01-06 18:27:49,Baumbach Ltd,personal_care,50.99,M,Indian Wells,CA,33.7163,-116.3381,4677,Learning mentor,1955-05-06,34.144606,-115.864554,0,92277,CUST010884,70,60+,Standard,6124.0,2981.84,40.2,49.87,10,2,340,7,55,POS,ATM,PIN,Yes,No,No,No,18,Sunday,True,0.0,0,Low Risk
2019-01-06 04:19:16,"Douglas, Schneider and Turner",shopping_pos,12.92,M,Wittenberg,WI,44.8232,-89.1665,3223,Senior tax professional/tax inspector,1954-06-30,45.412098,-89.142924,0,54428,CUST000802,71,60+,Standard,4533.0,3079.71,8.78,9.69,8,2,1425,59,11,WEB,ATM,PIN,Yes,No,No,No,4,Sunday,True,0.0,0,Low Risk
2019-01-11 19:55:31,Gislason Group,travel,4.81,F,Lanark Village,FL,29.8826,-84.5964,217,Television production assistant,1990-01-24,29.426127,-84.867972,0,45777,CUST000789,35,26-40,Standard,6171.0,4356.17,3.48,4.41,3,4,985,24,17,WEB,Online,Biometric,Yes,Yes,No,No,19,Friday,False,0.0,0,Low Risk
2019-01-11 12:44:00,Heaney-Marquardt,entertainment,22.3,M,Parsonsfield,ME,43.745,-70.9092,1892,Audiological scientist,1956-03-02,44.470725,-71.238655,0,3570,CUST010181,69,60+,Gold,15464.0,6792.45,36.06,12.52,8,3,47,16,74,MOBILE,POS,OTP,Yes,Yes,No,No,12,Friday,False,0.0,0,Low Risk
2019-01-15 03:41:52,Spencer PLC,entertainment,95.1,M,Auburn,ME,44.0948,-70.2389999999999,23045,Tourist information centre manager,1958-09-02,43.196232,-70.6166,0,3902,CUST009134,67,60+,Gold,14058.0,10730.33,66.25,111.81,1,4,709,67,81,POS,ATM,PIN,Yes,Yes,No,No,3,Tuesday,False,0.01,0,Low Risk
2019-01-14 05:25:48,"Schaefer, Maggio and Daugherty",gas_transport,68.81,M,Doe Hill,VA,38.4207,-79.4629,99,Dance movement psychotherapist,1986-03-28,38.818837,-79.432664,0,26884,CUST003702,39,26-40,Platinum,50625.0,13358.6,49.22,35.08,4,3,1014,89,54,MOBILE,Online,PIN,Yes,Yes,No,No,5,Monday,False,0.0,0,Low Risk
2019-01-11 23:45:57,Ziemann-Waters,health_fitness,97.55,F,Cromona,KY,37.1788,-82.695,502,Chief Financial Officer,1960-02-01,37.147379,-81.816681,0,24622,CUST007909,65,60+,Standard,7367.5,1444.92,74.7,86.9,11,0,482,7,8,MOBILE,POS,Biometric,Yes,Yes,No,No,23,Friday,False,0.02,0,Low Risk
2019-01-07 04:17:01,Harris Inc,gas_transport,83.8,M,North Augusta,SC,33.6028,-81.9748,46944,Secondary school teacher,1942-04-02,34.544617,-82.8053719999999,0,29625,CUST001333,83,60+,Standard,6383.0,4278.99,71.9,58.1,9,2,99,86,38,POS,Mobile,OTP,Yes,Yes,No,No,4,Monday,False,0.0,0,Low Risk
2019-01-13 17:53:11,Klocko LLC,misc_net,9.24,M,Milwaukee,WI,42.9676,-88.0434,817312,"Accountant, chartered public finance",2004-03-18,43.041632,-87.758725,0,53202,CUST002392,21,18-25,Platinum,52671.0,14455.53,5.74,9.6,1,1,1319,15,58,MOBILE,Online,Biometric,Yes,No,No,No,17,Sunday,True,0.02,0,Low Risk
2019-01-11 12:45:24,Schumm PLC,health_fitness,45.8,F,Marietta,SC,35.0296,-82.5136,5648,Museum/gallery exhibitions officer,1934-10-06,34.426658,-81.63025,0,29178,CUST004307,91,60+,Gold,14678.0,8828.32,38.05,48.72,5,4,1180,19,71,POS,Mobile,PIN,No,Yes,No,No,12,Friday,False,0.0,0,Low Risk
2019-01-06 03:40:52,"Schumm, Bauch and Ondricka",grocery_pos,202.52,F,Joliet,IL,41.5378,-88.0572,128354,"Teacher, secondary school",1992-01-20,42.346668,-88.73745,0,61012,CUST001061,33,26-40,Standard,7948.0,3762.42,185.86,148.9,10,2,15,84,33,POS,ATM,Biometric,No,Yes,No,No,3,Sunday,True,0.0,0,Low Risk
2019-01-14 06:05:59,Schumm PLC,shopping_net,94.17,M,Mayersville,MS,32.9013,-91.0286,595,Technical brewer,1979-09-03,33.551326,-90.922959,0,38725,CUST000081,46,41-60,Gold,17318.0,12219.25,78.29,58.46,10,2,1289,61,27,MOBILE,Mobile,PIN,Yes,Yes,No,Yes,6,Monday,False,0.0,0,Low Risk
2019-01-04 00:09:27,Kuphal-Bartoletti,misc_net,6.42,M,Parsonsfield,ME,43.745,-70.9092,1892,Audiological scientist,1956-03-02,42.844477,-71.8837449999999,0,3084,CUST005882,69,60+,Standard,4116.0,1855.08,5.97,3.95,6,0,1096,40,54,ATM,POS,OTP,Yes,No,No,Yes,0,Friday,False,0.0,0,Low Risk
2019-01-07 03:42:14,Hackett-Lueilwitz,grocery_pos,224.18,F,North Tonawanda,NY,43.0498,-78.851,45100,Ambulance person,1993-10-25,43.590297,-79.083771,0,45777,CUST002321,32,26-40,Gold,16980.0,6425.76,165.58,189.78,6,1,775,22,21,MOBILE,POS,OTP,Yes,Yes,No,No,3,Monday,False,0.0,0,Low Risk
2019-01-02 19:01:39,Kirlin and Sons,personal_care,38.43,F,Mansfield,OH,40.7559,-82.5123,92985,Press photographer,1968-05-29,40.2739,-82.011534,0,43844,CUST008415,57,41-60,Platinum,52376.0,38185.42,27.88,32.5,9,3,747,77,48,MOBILE,Online,PIN,Yes,Yes,No,No,19,Wednesday,False,0.0,0,Low Risk
2019-01-09 09:16:47,"Connelly, Reichert and Fritsch",gas_transport,59.05,F,Eureka,IL,40.7152,-89.2706,6713,Archivist,1945-08-19,40.906762,-88.60679,0,61764,CUST007346,80,60+,Standard,6639.0,4597.04,37.08,38.78,1,0,694,100,70,WEB,Online,OTP,Yes,Yes,No,Yes,9,Wednesday,False,0.0,0,Low Risk
2019-01-15 15:57:26,Kutch-Ferry,home,54.96,M,Alexandria,VA,38.832,-77.12,321490,"Scientist, biomedical",1991-10-04,39.517128,-77.833324,0,25419,CUST008625,34,26-40,Gold,14654.0,12242.02,37.12,60.78,9,2,323,79,56,MOBILE,ATM,Biometric,Yes,Yes,No,Yes,15,Tuesday,False,0.0,0,Low Risk
2019-01-12 08:23:12,Hackett-Lueilwitz,grocery_pos,93.39,F,Unionville,MO,40.4815,-92.9951,3805,"Investment banker, corporate",1950-09-15,39.603269,-93.34132,0,64643,CUST001710,75,60+,Gold,16454.0,11377.77,84.78,101.9,1,1,182,70,90,POS,POS,Biometric,Yes,Yes,No,No,8,Saturday,True,0.0,0,Low Risk
2019-01-13 01:29:37,Jast Ltd,shopping_net,2.02,M,West Decatur,PA,40.9493,-78.3129,1762,Armed forces logistics/support/administrative officer,1962-05-04,40.699529,-77.35897,0,17841,CUST009732,63,60+,Gold,17435.0,14682.11,1.41,2.17,11,1,463,42,27,ATM,POS,Biometric,Yes,Yes,No,No,1,Sunday,True,0.0,0,Low Risk
2019-01-18 20:27:36,Williamson LLC,misc_pos,29.91,F,Ogdensburg,NJ,41.0767,-74.5982,2456,Senior tax professional/tax inspector,1994-03-13,40.403649,-74.260368,0,7747,CUST001463,31,26-40,Standard,5394.0,2156.46,27.58,22.5,1,1,384,40,87,MOBILE,Mobile,PIN,Yes,No,No,No,20,Friday,False,0.0,0,Low Risk
2019-01-13 05:32:35,Heller-Abshire,grocery_net,67.22,F,Houston,TX,29.7972,-95.3288,2906700,Animator,1983-08-24,29.202774,-95.534005,0,77515,CUST002013,42,41-60,Standard,5030.0,4422.18,42.72,59.11,4,3,1399,55,23,ATM,Mobile,PIN,Yes,No,No,No,5,Sunday,True,0.0,0,Low Risk
2019-01-07 08:18:42,Kunde-Sanford,misc_net,31.54,M,Boonton,NJ,40.9115,-74.414,15269,"Psychologist, sport and exercise",1993-07-05,40.028615,-73.998229,0,8738,CUST001430,32,26-40,Platinum,49801.0,13474.75,21.21,27.5,3,3,1043,11,79,WEB,ATM,PIN,Yes,No,No,No,8,Monday,False,0.0,0,Low Risk
2019-01-13 01:44:57,Spinka-Welch,grocery_net,56.52,M,Kissee Mills,MO,36.6704,-93.0377,1201,"Engineer, agricultural",1980-03-18,36.817483,-92.612806,0,65755,CUST008164,45,41-60,Standard,5903.0,3105.08,51.31,54.49,2,1,681,65,81,POS,ATM,Biometric,Yes,Yes,No,No,1,Sunday,True,0.0,0,Low Risk
2019-01-15 14:01:32,Reilly LLC,home,49.54,F,Bauxite,AR,34.5091,-92.4828,4074,"Scientist, audiological",1975-12-20,33.6225,-92.649493,0,71720,CUST008861,50,41-60,Standard,5626.0,1265.27,42.52,51.34,4,3,1259,7,96,MOBILE,ATM,PIN,Yes,Yes,No,No,14,Tuesday,False,0.0,0,Low Risk
2019-01-05 19:38:54,"Roberts, Ryan and Smith",personal_care,122.81,F,Maysville,KY,38.6207,-83.8067,14228,Advertising account executive,1971-03-26,38.243423,-84.08722,0,40311,CUST007594,54,41-60,Gold,15198.0,12323.56,108.57,80.48,8,4,443,84,39,ATM,Mobile,PIN,Yes,Yes,Yes,No,19,Saturday,True,0.0,0,Low Risk
2019-01-02 19:45:17,"Turner, Ruecker and Parisian",misc_pos,39.27,M,Huntsville,AL,34.7789,-86.5438,190178,Television production assistant,1973-04-01,34.527038,-86.9069849999999,0,35603,CUST004950,52,41-60,Standard,6426.0,3425.34,36.27,29.05,1,0,1377,59,54,WEB,ATM,OTP,Yes,Yes,No,Yes,19,Wednesday,False,0.0,0,Low Risk
2019-01-07 11:04:50,Funk Group,grocery_net,99.67,F,Hawley,MN,46.9777,-96.4092,4508,Naval architect,1949-04-24,46.544978,-96.433197,0,56514,CUST002203,76,60+,Standard,6620.0,3549.25,89.83,37.755,3,3,462,60,73,WEB,ATM,Biometric,No,No,No,No,11,Monday,False,0.0,0,Low Risk
2019-01-13 10:20:01,Bartoletti-Wunsch,gas_transport,71.72,F,Arcadia,SC,34.9572,-81.9916,530,Animal technologist,1989-05-14,34.244277,-82.228972,0,29653,CUST010164,36,26-40,Gold,17247.0,10155.77,55.99,73.2,9,1,354,5,84,POS,POS,PIN,Yes,Yes,No,No,10,Sunday,True,0.0,0,Low Risk
2019-01-14 00:58:54,"Moore, Dibbert and Koepp",misc_net,21.84,F,Meredith,CO,39.3199,-106.6596,61,Public relations account executive,1939-11-04,40.213145,-106.938789,0,80467,CUST009977,86,60+,Standard,7367.5,3767.48,13.32,25.52,10,0,225,66,47,POS,Mobile,OTP,Yes,No,No,No,0,Monday,False,0.02,0,Low Risk
2019-01-16 04:58:11,Kiehn Inc,grocery_pos,229.93,F,Kingsport,TN,36.4715,-82.4834,87124,Warden/ranger,1987-02-14,36.895588,-82.565905,0,24273,CUST007636,38,26-40,Platinum,51378.0,25875.34,192.12,155.41,8,0,1181,20,78,MOBILE,ATM,OTP,Yes,Yes,No,No,4,Wednesday,False,0.02,0,Low Risk
2019-01-01 10:53:23,Dickinson Ltd,misc_pos,4.64,M,Sontag,MS,31.6453,-90.1801,1196,"Librarian, academic",1958-06-11,30.804017,-90.458775,0,70456,CUST007290,67,60+,Standard,4274.0,2357.04,3.39,4.71,3,2,373,38,41,POS,ATM,OTP,No,Yes,No,Yes,10,Tuesday,False,0.0,0,Low Risk
2019-01-14 06:20:01,Brekke and Sons,gas_transport,68.14,M,Boyd,WI,44.9437,-91.0294,1690,IT trainer,1975-12-24,44.149706,-91.453167,0,54625,CUST007134,50,41-60,Standard,5925.0,4149.26,60.78,62.77,7,1,568,29,46,MOBILE,Mobile,Biometric,Yes,Yes,No,No,6,Monday,False,0.0,0,Low Risk
2019-01-08 18:22:39,"Kihn, Abernathy and Douglas",shopping_net,104.59,F,New York City,NY,40.8265,-73.9383,1577385,Herbalist,1981-08-29,40.445647,-73.324061,0,45777,CUST000571,44,41-60,Platinum,50929.0,4482.125,94.65,101.48,2,1,1152,15,90,MOBILE,ATM,PIN,Yes,No,No,No,18,Tuesday,False,0.0,0,Low Risk
2019-01-03 19:21:32,Schroeder Group,health_fitness,117.98,F,Dallas,TX,32.8463,-96.6972,1263321,"Designer, ceramics/pottery",1975-04-16,31.854005,-97.282478,0,76622,CUST005116,50,41-60,Standard,5328.0,2226.49,72.48,140.73,9,1,999,45,49,WEB,Mobile,OTP,No,Yes,No,No,19,Thursday,False,0.0,0,Low Risk
2019-01-10 17:05:03,Simonis-Prohaska,misc_pos,158.34,M,Cross,SC,33.3364,-80.1859,4471,Occupational hygienist,1973-10-09,33.81674,-79.464255,0,29555,CUST008384,52,41-60,Standard,4651.0,3454.94,139.92,182.91,3,2,1062,68,20,WEB,Online,PIN,Yes,Yes,No,No,17,Thursday,False,0.01,0,Low Risk
2019-01-05 08:33:04,"Stehr, Jewess and Schimmel",misc_net,3.44,F,Plymouth,CT,41.6611,-73.0449,2376,Herpetologist,1973-04-06,42.232796,-73.5891,0,12565,CUST000261,52,41-60,Standard,6864.0,3835.0,3.09,2.16,3,0,909,52,26,MOBILE,Mobile,OTP,Yes,Yes,No,No,8,Saturday,True,0.0,0,Low Risk
2019-01-15 22:07:42,Leannon-Ward,food_dining,22.36,F,Newhall,CA,34.3795,-118.523,34882,Health physicist,1971-04-25,34.496925,-119.255212999999,0,93023,CUST000476,54,41-60,Standard,7863.0,4297.47,15.76,25.26,3,4,1045,56,34,MOBILE,Mobile,OTP,Yes,Yes,No,No,22,Tuesday,False,0.0,0,Low Risk
2019-01-04 15:00:12,Keeling-Crist,misc_pos,2.56,F,Halstad,MN,47.3551,-96.798,771,"Scientist, audiological",1972-06-14,48.323757,-96.676192,0,56713,CUST007978,53,41-60,Gold,16285.0,10715.4,2.32,2.98,7,1,1347,73,11,POS,ATM,PIN,Yes,Yes,No,No,15,Friday,False,0.0,0,Low Risk
2019-01-01 18:14:04,Ullrich Ltd,kids_pets,81.07,F,Smiths Grove,KY,37.0581,-86.1938,6841,"Therapist, sports",1999-06-06,36.871211,-85.664938,0,42124,CUST009951,26,26-40,Standard,5185.0,1663.78,67.78,66.13,7,0,393,23,42,MOBILE,POS,PIN,Yes,Yes,No,No,18,Tuesday,False,0.0,0,Low Risk
2019-01-12 19:07:25,"Gottlieb, Considine and Schultz",shopping_net,62.12,M,Hancock,MD,39.6991,-78.1762,3766,Press photographer,1984-02-14,39.242041,-78.2096069999999,0,22603,CUST002615,41,41-60,Standard,7980.0,7075.0,56.62,70.02,4,0,204,16,65,MOBILE,POS,PIN,Yes,Yes,No,Yes,19,Saturday,True,0.0,0,Low Risk
2019-01-15 07:37:20,Prohaska-Murray,gas_transport,89.2,M,High Rolls Mountain Park,NM,32.9396,-105.8189,899,Naval architect,1967-08-30,31.952711,-106.599644,0,79821,CUST001639,58,41-60,Gold,17063.0,10381.85,83.53,86.55,4,4,1129,98,64,POS,Online,Biometric,Yes,Yes,No,No,7,Tuesday,False,0.0,0,Low Risk
2019-01-08 21:15:45,Graham and Sons,health_fitness,42.02,M,Arcadia,OH,41.1116,-83.502,1202,Curator,1933-03-01,41.180855,-83.104238,0,44836,CUST008005,92,60+,Standard,5056.0,1406.36,25.25,39.62,3,4,174,11,61,POS,Online,Biometric,Yes,Yes,No,No,21,Tuesday,False,0.0,0,Low Risk
2019-01-15 08:11:13,Luettgen PLC,gas_transport,77.08,F,Daniels,WV,37.7256,-81.1087,3994,"Biochemist, clinical",1936-11-05,36.762026,-80.9897939999999,0,24330,CUST005199,89,60+,Gold,17103.0,14897.36,67.0,81.03,3,0,586,26,42,ATM,Mobile,PIN,Yes,No,No,No,8,Tuesday,False,0.0,0,Low Risk
2019-01-11 07:40:33,"Okuneva, Schneider and Rau",shopping_pos,5.55,M,Columbia,SC,33.9659,-80.9355,333497,Mechanical engineer,1968-03-19,33.796807,-80.638114,0,29044,CUST003708,57,41-60,Standard,5798.0,1288.0,3.79,4.13,5,2,208,58,18,MOBILE,Online,OTP,Yes,Yes,No,Yes,7,Friday,False,0.0,0,Low Risk
2019-01-07 20:13:57,Hirthe-Beier,health_fitness,3.03,F,Marietta,SC,35.0296,-82.5136,5648,Museum/gallery exhibitions officer,1934-10-06,35.905646,-82.7935119999999,0,28743,CUST000670,91,60+,Gold,17464.0,10687.73,2.53,1.7,4,0,638,26,69,WEB,Mobile,PIN,Yes,Yes,No,No,20,Monday,False,0.0,0,Low Risk
2019-01-02 08:22:39,Kerluke Inc,misc_net,6.32,F,Esbon,KS,39.7562,-98.4462,242,Tourism officer,1987-07-18,40.45878,-98.96546,0,68959,CUST000586,38,26-40,Gold,15723.0,8936.1,4.23,4.11,6,3,1417,94,90,WEB,Online,Biometric,No,Yes,No,No,8,Wednesday,False,0.0,0,Low Risk
2019-01-03 12:56:10,Botsford PLC,home,21.52,F,Marathon,TX,30.1886,-103.2214,498,Lexicographer,1990-11-23,30.150646,-104.176436,0,45777,CUST006146,35,26-40,Standard,7427.0,5447.85,15.33,23.84,5,1,1352,32,8,MOBILE,ATM,OTP,Yes,Yes,No,No,12,Thursday,False,0.0,0,Low Risk
2019-01-03 01:55:47,Herman Inc,misc_pos,108.19,F,Kansas City,MO,38.9621,-94.5959,545147,Counsellor,1987-11-18,39.49615,-94.614274,0,64444,CUST009709,38,26-40,Standard,4700.0,1196.89,93.2,102.65,11,0,874,41,70,WEB,ATM,PIN,Yes,Yes,No,No,1,Thursday,False,0.0,0,Low Risk
2019-01-13 17:46:55,Zulauf LLC,personal_care,74.78,M,Rock Glen,PA,40.954,-76.1747,143,Health and safety adviser,1982-02-19,41.13117,-76.899835,0,17752,CUST010349,43,41-60,Platinum,49482.0,39139.37,59.54,41.46,1,3,931,15,59,MOBILE,POS,Biometric,Yes,Yes,No,No,17,Sunday,True,0.0,0,Low Risk
2019-01-06 14:56:35,Ratke and Sons,health_fitness,86.05,M,Bowdoin,ME,44.0575,-69.9656,3224,"Engineer, electronics",1997-08-22,43.415072,-69.335235,0,45777,CUST005243,28,26-40,Standard,6557.0,3526.26,73.72,60.28,4,4,332,29,6,ATM,Online,PIN,Yes,Yes,No,No,14,Sunday,True,0.0,0,Low Risk
2019-01-08 06:54:06,Bartoletti-Wunsch,gas_transport,50.13,M,Tryon,OK,35.8759,-96.9623,1165,"Psychotherapist, child",1944-11-11,35.075145,-97.123291,0,74852,CUST001794,81,60+,Standard,4017.0,807.37,42.85,55.66,4,3,568,7,59,POS,ATM,OTP,Yes,No,No,No,6,Tuesday,False,0.01,0,Low Risk
2019-01-13 18:44:59,Bartoletti and Sons,personal_care,81.34,F,Holstein,NE,40.4542,-98.6538,331,Telecommunications researcher,1950-08-19,39.923854,-99.47405,0,67647,CUST004511,75,60+,Gold,14034.0,10314.54,72.64,75.88,8,0,431,61,35,MOBILE,POS,Biometric,Yes,No,No,No,18,Sunday,True,0.0,0,Low Risk
2019-01-10 10:22:46,Kozey-Boehm,shopping_net,220.75,F,Girard,GA,33.0437,-81.7106,1100,"Conservator, museum/gallery",1950-04-05,33.670544,-81.591966,0,29805,CUST003358,75,60+,Platinum,52339.0,27802.58,160.61,160.22,5,0,275,50,54,MOBILE,POS,Biometric,Yes,Yes,Yes,No,10,Thursday,False,0.0,0,Low Risk
2019-01-02 18:58:34,Connelly-Carter,home,33.37,M,Norman,AR,34.4596,-93.6743,1383,Magazine features editor,1966-08-08,34.943867,-93.956841,0,72958,CUST004547,59,41-60,Gold,17707.0,7333.19,30.1,18.13,5,3,761,69,22,POS,POS,OTP,Yes,Yes,No,No,18,Wednesday,False,0.0,0,Low Risk
2019-01-12 12:47:10,Ullrich Ltd,kids_pets,31.46,F,Campbell,NE,40.2967,-98.737,493,"Surveyor, minerals",1940-09-13,40.717096,-99.065348,0,68847,CUST007089,85,60+,Standard,7171.0,4155.96,20.1,31.07,9,1,668,52,42,POS,ATM,PIN,Yes,Yes,No,No,12,Saturday,True,0.0,0,Low Risk
2019-01-08 13:18:24,Homenick LLC,personal_care,26.58,F,Dunlevy,PA,40.1151,-79.8627,427,Mining engineer,1951-02-05,40.424888,-80.856435,0,43944,CUST001572,74,60+,Standard,4695.0,3714.01,18.66,15.66,1,4,14,32,5,ATM,Mobile,OTP,Yes,Yes,No,No,13,Tuesday,False,0.0,0,Low Risk
2019-01-16 05:09:42,Stamm-Witting,shopping_net,8.39,M,Port Costa,CA,38.046,-122.1866,198,Armed forces training and education officer,1959-03-31,37.956479,-122.229853,0,94803,CUST005448,66,60+,Gold,16410.0,5840.21,7.9,8.4,8,3,424,50,74,POS,POS,PIN,Yes,Yes,No,No,5,Wednesday,False,0.0,0,Low Risk
2019-01-15 18:00:26,Erdman-Durgan,health_fitness,59.7,F,Steuben,ME,44.4971,-67.9503,1131,Make,1959-05-10,44.624691,-67.885122,0,4622,CUST010331,66,60+,Gold,16836.0,5511.4,56.57,63.39,2,0,8,39,84,WEB,Mobile,OTP,Yes,Yes,No,No,18,Tuesday,False,0.0,0,Low Risk
2019-01-11 19:19:06,Bins-Tillman,entertainment,2.34,F,Cottekill,NY,41.8467,-74.1038,722,Comptroller,1990-10-19,41.542288,-74.17237,0,12586,CUST000512,35,26-40,Gold,15997.0,13962.59,1.54,1.58,2,2,191,25,61,MOBILE,Mobile,Biometric,Yes,Yes,No,No,19,Friday,False,0.01,0,Low Risk
2019-01-05 12:07:11,Hermann and Sons,shopping_pos,2.81,F,Shields,ND,46.1838,-101.2589,77,Film/video editor,1989-12-17,45.319701,-102.097353,0,45777,CUST000346,36,26-40,Gold,14447.0,11517.92,1.93,37.755,5,1,587,73,58,MOBILE,POS,Biometric,Yes,Yes,No,Yes,12,Saturday,True,0.0,0,Low Risk
2019-01-04 07:03:29,"Monahan, Bogisich and Ledner",misc_pos,4.29,M,Armonk,NY,41.136,-73.7009,7987,Television/film/video producer,1964-03-16,40.823406,-73.257281,0,11725,CUST004238,61,60+,Standard,6101.0,3603.19,2.61,4.68,7,1,1113,11,60,MOBILE,ATM,OTP,Yes,Yes,No,No,7,Friday,False,0.0,0,Low Risk
2019-01-12 05:26:02,Bartoletti-Wunsch,gas_transport,66.03,M,Belmont,NH,43.4512,-71.4889999999999,7430,"Scientist, research (medical)",1955-01-13,43.548825,-71.884425,0,3230,CUST009152,70,60+,Standard,4572.0,4482.125,45.03,50.33,8,4,1126,75,35,MOBILE,ATM,PIN,Yes,Yes,No,No,5,Saturday,True,0.0,0,Low Risk
2019-01-15 23:52:57,Renner Ltd,home,99.98,F,Texarkana,AR,33.431,-93.8765,36438,Surgeon,1985-04-15,34.237262,-94.372273,0,71944,CUST004868,40,26-40,Standard,7009.0,4342.92,86.65,61.59,6,2,261,34,65,ATM,Online,OTP,Yes,Yes,No,No,23,Tuesday,False,0.0,0,Low Risk
2019-01-02 15:52:10,Reichel LLC,personal_care,4.73,F,Saint Amant,LA,30.2385,-90.8435,10076,"Surveyor, rural practice",1977-12-16,31.021832,-90.215925,0,70450,CUST007009,48,41-60,Gold,17175.0,10602.42,3.86,2.75,5,0,392,45,65,MOBILE,POS,Biometric,Yes,Yes,No,Yes,15,Wednesday,False,0.0,0,Low Risk
2019-01-04 10:55:12,"Greenholt, Jacobi and Gleason",gas_transport,72.98,M,Saint Bonaventure,NY,42.2701,-78.6847,1453,Toxicologist,1974-02-15,41.868856,-79.568112,0,16436,CUST004829,51,41-60,Standard,4438.0,1260.53,58.28,56.86,6,0,1251,5,18,ATM,Mobile,PIN,Yes,No,No,No,10,Friday,False,0.0,0,Low Risk
2019-01-15 22:50:45,Stamm-Witting,shopping_net,2154.92,M,Arlington,VA,38.8954,-77.1633,207410,Mudlogger,1984-07-03,39.381314,-76.917048,0,21104,CUST010785,41,41-60,Gold,14399.0,8490.33,1755.69,1935.32,1,1,299,94,53,WEB,Mobile,OTP,Yes,Yes,Yes,No,22,Tuesday,False,0.25,0,Low Risk
2019-01-13 08:03:43,Buckridge PLC,misc_pos,27.13,M,Atlantic,VA,37.9073,-75.5089,741,"Geologist, engineering",1986-08-17,37.884985,-74.509985,0,45777,CUST005630,39,26-40,Gold,15742.0,6337.08,21.74,28.44,7,4,154,93,28,WEB,Online,PIN,Yes,Yes,No,No,8,Sunday,True,0.0,0,Low Risk
2019-01-12 16:08:59,Morissette PLC,shopping_pos,4.22,F,Allentown,PA,40.5891,-75.4645,166081,"Scientist, research (maths)",1998-10-01,39.662383,-75.114243,0,8312,CUST009380,27,26-40,Gold,17031.0,11251.55,3.23,37.755,5,2,385,28,62,POS,Mobile,OTP,No,Yes,No,No,16,Saturday,True,0.01,0,Low Risk
2019-01-04 15:59:36,Shields-Wunsch,health_fitness,72.92,M,Utica,PA,41.4798,-79.9403,1102,Garment/textile technologist,1989-07-08,42.09193,-80.401421,0,16423,CUST000005,36,26-40,Gold,17960.0,12037.88,68.83,85.79,9,4,654,23,97,WEB,POS,Biometric,Yes,Yes,No,No,15,Friday,False,0.0,0,Low Risk
2019-01-04 12:48:13,Kris-Padberg,shopping_pos,272.33,F,Breesport,NY,42.1939,-76.7361,520,Psychotherapist,1991-10-13,42.374551,-75.780473,0,13778,CUST003566,34,26-40,Gold,17764.0,10001.49,205.89,37.755,7,0,237,28,48,POS,Online,Biometric,No,Yes,No,Yes,12,Friday,False,0.02,0,Low Risk
2019-01-10 12:02:02,Hudson-Grady,shopping_pos,78.96,M,Bowdoin,ME,44.0575,-69.9656,3224,"Engineer, electronics",1997-08-22,44.526181,-70.772521,0,4237,CUST001199,28,26-40,Gold,16369.0,12616.73,64.05,37.755,11,1,78,42,91,MOBILE,Mobile,Biometric,Yes,Yes,No,No,12,Thursday,False,0.0,0,Low Risk
2019-01-18 15:21:55,Gulgowski LLC,home,73.51,M,Saint Bonaventure,NY,42.2701,-78.6847,1453,Toxicologist,1974-02-15,41.791582,-78.734578,0,16738,CUST000240,51,41-60,Standard,7117.0,2001.85,51.75,78.79,8,3,367,13,14,MOBILE,ATM,Biometric,No,Yes,No,No,15,Friday,False,0.0,0,Low Risk
2019-01-05 18:56:11,Kilback and Sons,entertainment,67.57,M,Manley,NE,40.9207,-96.168,206,Human resources officer,1967-10-04,40.566167,-96.152905,0,68329,CUST002178,58,41-60,Platinum,51263.0,33764.49,58.18,68.83,6,4,345,55,38,ATM,Mobile,Biometric,Yes,No,No,No,18,Saturday,True,0.0,0,Low Risk
2019-01-10 02:47:45,Stiedemann Ltd,food_dining,100.51,F,Coleman,TX,31.8287,-99.427,5908,Radio producer,1962-04-05,32.1502,-98.890801,0,76471,CUST003509,63,60+,Gold,17495.0,13106.85,77.75,69.77,8,1,778,96,82,POS,Online,Biometric,Yes,Yes,No,No,2,Thursday,False,0.0,0,Low Risk
2019-01-07 22:01:03,Bednar PLC,kids_pets,81.52,M,Cuyahoga Falls,OH,41.1464,-81.5107,47772,Equities trader,1966-01-04,40.347998,-81.365936,0,44629,CUST007417,59,41-60,Standard,6562.0,4932.0,57.11,46.61,1,3,554,8,10,ATM,ATM,OTP,Yes,Yes,No,No,22,Monday,False,0.0,0,Low Risk
2019-01-14 03:30:37,"Mosciski, Gislason and Mertz",grocery_pos,148.01,M,June Lake,CA,37.7773,-119.0825,633,Health service manager,1927-09-09,36.856103,-119.600889,0,93619,CUST000162,98,60+,Standard,7118.0,4340.33,110.15,139.15,4,4,399,59,51,ATM,ATM,PIN,Yes,No,No,No,3,Monday,False,0.0,0,Low Risk
2019-01-15 21:42:18,Gleason and Sons,kids_pets,2.18,F,Surrency,GA,31.6489,-82.1982,1324,"Engineer, technical sales",1926-07-12,30.838397,-82.955287,0,31649,CUST008611,99,60+,Platinum,51824.0,26401.0,1.62,2.39,9,2,1199,69,94,ATM,ATM,Biometric,Yes,Yes,No,No,21,Tuesday,False,0.0,0,Low Risk
2019-01-07 14:56:34,Connelly-Carter,home,7.33,M,Bolton,NC,34.3091,-78.3372,2290,"Engineer, biomedical",1945-12-07,34.385543,-78.585157,0,28442,CUST005594,80,60+,Standard,5052.0,4510.57,6.81,37.755,11,0,754,11,82,MOBILE,ATM,PIN,Yes,Yes,No,No,14,Monday,False,0.0,0,Low Risk
2019-01-16 05:09:07,Kuvalis Ltd,gas_transport,85.33,F,Oolitic,IN,38.8938,-86.5246,1228,Counsellor,1991-03-13,38.679068,-86.515418,0,47452,CUST008806,34,26-40,Standard,4383.0,3292.6,71.53,99.62,5,3,129,70,28,WEB,ATM,OTP,Yes,Yes,No,No,5,Wednesday,False,0.0,0,Low Risk
2019-01-05 05:38:51,Bauch-Raynor,grocery_pos,41.93,M,Sacramento,CA,38.5662,-121.3286,757530,Magazine features editor,1979-04-30,39.218186,-121.527818,0,95901,CUST008956,46,41-60,Standard,6432.0,2652.05,39.31,25.97,6,4,315,90,33,ATM,ATM,PIN,No,Yes,No,No,5,Saturday,True,0.0,0,Low Risk
2019-01-12 13:17:57,"Graham, Hegmann and Hammes",food_dining,10.09,F,Smiths Grove,KY,37.0581,-86.1938,6841,"Therapist, sports",1999-06-06,37.080114,-86.839286,0,42324,CUST004858,26,26-40,Gold,17003.0,4482.125,6.31,10.24,10,0,912,28,86,MOBILE,Online,Biometric,Yes,No,No,No,13,Saturday,True,0.0,0,Low Risk
2019-01-05 04:03:15,Friesen-D'Amore,gas_transport,45.03,F,Cisco,IL,39.9972,-88.6962,478,Landscape architect,1960-01-13,40.592124,-88.3926709999999,0,61773,CUST001623,65,60+,Platinum,52203.0,20557.34,32.07,47.71,4,2,9,99,24,MOBILE,ATM,PIN,Yes,Yes,No,No,4,Saturday,True,0.0,0,Low Risk
2019-01-14 23:36:30,Fritsch LLC,travel,10.2,F,Mobile,AL,30.7145,-88.0918,270712,"Surveyor, land/geomatics",1972-01-05,31.648465,-88.117149,1,36538,CUST002420,53,41-60,Standard,6884.0,5270.64,9.48,7.57,6,1,404,23,91,MOBILE,POS,OTP,Yes,Yes,No,No,23,Monday,False,0.07,0,Low Risk
2019-01-11 20:30:04,Waelchi Inc,kids_pets,62.95,F,Bellmore,NY,40.6729,-73.5365,34496,"Librarian, public",1970-10-21,41.078568,-73.935077,0,10913,CUST007536,55,41-60,Gold,17101.0,6233.16,48.35,71.75,10,0,182,5,2,POS,Online,PIN,Yes,No,No,No,20,Friday,False,0.0,0,Low Risk
2019-01-15 19:53:37,Erdman-Schaden,personal_care,29.64,M,Norwalk,OH,41.2403,-82.6078,23805,Copy,1970-02-22,41.395743,-83.606095,0,43402,CUST010679,55,41-60,Standard,7550.0,2104.71,24.4,33.42,5,3,410,17,50,MOBILE,POS,OTP,Yes,Yes,No,No,19,Tuesday,False,0.0,0,Low Risk
2019-01-01 03:55:27,Koepp-Witting,grocery_pos,92.62,F,Mill Creek,PA,40.4679,-77.8967,1334,Archaeologist,1986-12-17,40.827223,-78.74356,0,15757,CUST009941,39,26-40,Standard,6901.0,2944.4,59.23,70.69,3,4,581,31,61,ATM,POS,Biometric,Yes,No,Yes,No,3,Tuesday,False,0.0,0,Low Risk
2019-01-13 13:02:22,Ernser-Lynch,food_dining,98.86,M,Moorhead,MS,33.4783,-90.5142,2870,Chartered public finance accountant,1999-03-05,32.844904,-90.310212,0,39039,CUST009173,26,26-40,Standard,7738.0,2959.98,78.55,60.17,3,3,743,6,56,MOBILE,ATM,PIN,Yes,Yes,No,No,13,Sunday,True,0.0,0,Low Risk
2019-01-03 13:50:32,"Schneider, Hayes and Nikolaus",food_dining,102.83,F,Sturgis,MS,33.357,-89.0473,1923,Medical physicist,1960-01-16,34.211581,-88.89909,0,38863,CUST002221,65,60+,Standard,5620.0,1324.48,83.71,73.67,1,0,835,58,9,POS,POS,PIN,Yes,Yes,No,No,13,Thursday,False,0.0,0,Low Risk
2019-01-03 10:31:44,Kuhic Inc,grocery_pos,171.78,M,Nelson,NE,40.201,-98.0684,732,Television/film/video producer,1956-12-13,41.086773,-98.684229,0,68820,CUST001291,69,60+,Standard,7376.0,3311.7,123.96,132.2,4,4,111,9,36,POS,POS,PIN,Yes,No,No,No,10,Thursday,False,0.0,0,Low Risk
2019-01-11 15:33:12,Nolan-Williamson,kids_pets,29.91,F,Holcomb,KS,37.9931,-100.9893,2691,Arboriculturist,1993-08-16,37.975185,-100.416891,0,45777,CUST007001,32,26-40,Gold,17600.0,12402.79,21.0,31.51,5,4,469,50,51,POS,POS,PIN,No,Yes,No,No,15,Friday,False,0.0,0,Low Risk
2019-01-17 14:15:40,"Hodkiewicz, Prohaska and Paucek",travel,5.33,F,Issaquah,WA,47.4974,-122.0107,50489,Osteopath,1984-02-29,46.643932,-122.47154,0,98533,CUST003488,41,41-60,Platinum,50856.0,10697.0,4.42,2.98,5,3,1351,14,86,WEB,Mobile,PIN,Yes,Yes,No,No,14,Thursday,False,0.0,0,Low Risk
2019-01-11 23:34:12,"McDermott, Osinski and Morar",home,30.26,F,Knoxville,TN,35.9335,-84.1481,391389,"Designer, industrial/product",1994-04-22,36.883858,-84.866616,0,42633,CUST010702,31,26-40,Standard,7621.0,4199.3,20.9,24.8,9,2,971,72,47,POS,ATM,PIN,Yes,Yes,No,No,23,Friday,False,0.0,0,Low Risk
2019-01-03 13:58:58,"Durgan, Gislason and Spencer",home,111.4,M,Cross,SC,33.3364,-80.1859,4471,Occupational hygienist,1973-10-09,34.173389,-80.0914229999999,0,29069,CUST009519,52,41-60,Standard,7708.0,4379.26,69.89,87.52,6,1,1171,37,39,WEB,Mobile,OTP,No,No,No,No,13,Thursday,False,0.0,0,Low Risk
2019-01-10 05:36:40,Marks Inc,gas_transport,55.76,M,Hudson,NY,42.247,-73.7552,17867,Travel agency manager,1998-07-29,42.137709,-72.980877,0,1008,CUST007019,27,26-40,Standard,4781.0,1484.86,44.19,66.11,6,0,1026,67,38,WEB,POS,OTP,Yes,No,No,No,5,Thursday,False,0.0,0,Low Risk
2019-01-05 23:40:33,"Prosacco, Kreiger and Kovacek",home,56.3,M,Cadiz,KY,36.802,-87.8286,13422,Commissioning editor,1961-09-03,36.478769,-87.44498,0,37191,CUST003241,64,60+,Standard,6858.0,5553.68,45.07,54.59,1,2,1060,79,95,ATM,POS,PIN,Yes,Yes,No,Yes,23,Saturday,True,0.0,0,Low Risk
2019-01-07 14:24:38,"Turner, Ziemann and Lehner",food_dining,58.72,F,Baroda,MI,41.9488,-86.4913,3104,"Horticulturist, commercial",1981-03-29,42.020551,-85.761785,0,49067,CUST008726,44,41-60,Platinum,49460.0,26561.48,40.56,61.75,1,2,382,50,37,ATM,Online,Biometric,Yes,No,No,No,14,Monday,False,0.0,0,Low Risk
2019-01-11 13:19:38,"Kling, Howe and Schneider",home,23.57,F,New York City,NY,40.7699,-73.9511,1577385,Audiological scientist,1957-12-29,40.569664,-73.599976,0,11558,CUST001121,68,60+,Gold,17026.0,14836.08,18.18,24.32,4,2,756,32,65,MOBILE,POS,OTP,Yes,Yes,No,No,13,Friday,False,0.0,0,Low Risk
2019-01-07 05:03:43,"Altenwerth, Cartwright and Koss",shopping_net,730.04,F,Putnam,IL,41.1949,-89.4409,754,"Presenter, broadcasting",1962-05-13,42.070486,-89.819036,0,61046,CUST009550,63,60+,Platinum,50581.0,24628.34,675.67,706.79,4,2,444,100,42,POS,ATM,PIN,Yes,No,No,Yes,5,Monday,False,0.19,0,Low Risk
2019-01-07 17:18:40,Crona and Sons,kids_pets,27.45,F,Shenandoah Junction,WV,39.3716,-77.8229,1925,Systems developer,1966-02-14,39.441917,-77.318434,0,21793,CUST010246,59,41-60,Standard,4365.0,3796.75,17.78,26.32,5,2,1049,10,17,WEB,POS,Biometric,Yes,No,No,No,17,Monday,False,0.0,0,Low Risk
2019-01-12 02:12:29,Heidenreich PLC,grocery_pos,141.85,F,Blairsden-Graeagle,CA,39.8127,-120.6405,1725,Chartered legal executive (England and Wales),1967-05-27,39.276547,-120.641789,0,45777,CUST002835,58,41-60,Standard,4958.0,1318.36,130.28,159.6,11,1,1048,40,34,WEB,Mobile,PIN,Yes,Yes,Yes,No,2,Saturday,True,0.0,0,Low Risk
2019-01-11 02:11:54,Kilback and Sons,entertainment,85.3,F,Glen Rock,PA,39.7813,-76.7477,7565,Insurance claims handler,1952-03-08,39.134769,-77.679276,0,20158,CUST000374,73,60+,Standard,7817.0,3102.26,64.06,81.27,9,2,87,26,27,WEB,Mobile,PIN,Yes,No,No,No,2,Friday,False,0.0,0,Low Risk
2019-01-06 19:17:50,"Stanton, Jakubowski and Baumbach",shopping_net,519.24,F,Providence,RI,41.8383,-71.4377,203571,"Nurse, children's",1995-11-29,42.369155,-72.428874,0,1002,CUST006980,30,26-40,Standard,5741.0,2086.85,463.6,469.64,2,2,82,90,75,MOBILE,ATM,PIN,Yes,Yes,Yes,No,19,Sunday,True,0.03,0,Low Risk
2019-01-01 10:34:37,"Cremin, Hamill and Reichel",misc_pos,35.77,F,Lebanon,VA,36.8809,-82.0956,9521,"Teacher, English as a foreign language",1977-10-19,35.947276,-82.25974,0,28714,CUST005726,48,41-60,Standard,6440.0,3488.14,30.87,37.2,7,0,57,12,16,ATM,Mobile,PIN,Yes,Yes,No,No,10,Tuesday,False,0.0,0,Low Risk
2019-01-15 06:57:52,Brekke and Sons,gas_transport,66.35,M,Bessemer,AL,33.3224,-86.9657,71463,Radio broadcast assistant,1989-02-08,32.556925,-87.075203,0,36758,CUST005723,36,26-40,Standard,6930.0,1525.42,40.28,58.39,11,1,1117,31,86,MOBILE,ATM,OTP,Yes,Yes,No,Yes,6,Tuesday,False,0.0,0,Low Risk
2019-01-13 19:11:12,Baumbach Ltd,personal_care,27.73,F,Brandon,VT,43.8065,-73.0882,5895,"Scientist, marine",1975-07-13,43.513839,-72.450115,0,5089,CUST005411,50,41-60,Gold,14586.0,5982.79,23.34,18.28,9,4,596,20,27,WEB,ATM,Biometric,Yes,Yes,No,No,19,Sunday,True,0.0,0,Low Risk
2019-01-14 15:18:10,Gaylord-Powlowski,home,56.25,F,Independence,MO,39.1412,-94.3515,123373,"Engineer, production",1992-11-27,38.688464,-94.646476,0,64734,CUST009082,33,26-40,Standard,6169.0,3540.09,44.37,55.51,1,0,599,94,42,POS,Online,OTP,Yes,Yes,No,No,15,Monday,False,0.0,0,Low Risk
2019-01-03 20:35:57,Mohr-Bayer,shopping_net,6.92,M,San Antonio,TX,29.5894,-98.5201,1595797,Exhibition designer,1975-12-28,28.776355,-98.940275,0,45777,CUST002540,50,41-60,Gold,16201.0,11590.35,5.73,5.05,4,2,800,40,4,WEB,Online,Biometric,Yes,No,No,No,20,Thursday,False,0.01,0,Low Risk
2019-01-18 21:41:57,"Parker, Nolan and Trantow",entertainment,31.42,M,Espanola,NM,35.9866,-106.0654,18408,Historic buildings inspector/conservation officer,1972-07-18,36.043289,-107.049349,0,87027,CUST009413,53,41-60,Gold,14339.0,6396.97,23.24,16.19,2,4,1051,46,28,POS,POS,OTP,Yes,Yes,No,No,21,Friday,False,0.0,0,Low Risk
2019-01-09 23:48:00,Fisher Inc,shopping_net,11.19,F,Moundsville,WV,39.9148,-80.731,16183,Physiotherapist,1977-08-12,39.847936,-81.29881,0,43788,CUST005426,48,41-60,Standard,7915.0,3935.05,6.83,6.06,4,4,1096,83,8,WEB,Mobile,OTP,Yes,Yes,No,No,23,Wednesday,False,0.0,0,Low Risk
2019-01-03 20:19:53,"Reichert, Huels and Hoppe",shopping_net,81.71,M,Denham Springs,LA,30.459,-90.9027,71335,Herbalist,1994-05-31,31.167725,-89.925002,0,39483,CUST004456,31,26-40,Standard,4899.0,1680.33,61.31,57.81,2,4,153,50,76,WEB,POS,OTP,Yes,Yes,No,No,20,Thursday,False,0.0,0,Low Risk
2019-01-07 22:15:19,McKenzie-Huels,food_dining,139.88,F,Bagley,WI,42.9207,-91.0685,878,Risk analyst,1974-11-20,43.511714,-90.698194,0,54664,CUST001791,51,41-60,Standard,6295.0,4855.44,36.06,119.38,3,0,1178,33,11,POS,POS,OTP,Yes,Yes,Yes,No,22,Monday,False,0.04,0,Low Risk
2019-01-06 11:55:20,Pouros-Conroy,shopping_pos,7.59,M,Luray,MO,40.4931,-91.8912,519,Town planner,1966-02-13,40.84565,-91.025753,0,61437,CUST003967,59,41-60,Standard,5934.0,4837.58,6.4,6.3,2,2,737,57,10,ATM,ATM,OTP,Yes,No,Yes,No,11,Sunday,True,0.0,0,Low Risk
2019-01-06 22:50:15,"Wuckert, Wintheiser and Friesen",home,49.03,F,Brantley,AL,31.571,-86.2743,2566,Exercise physiologist,1958-06-26,31.275057,-87.026045,0,36432,CUST002997,67,60+,Standard,5138.0,2453.5,31.96,55.78,5,0,1197,79,56,WEB,ATM,OTP,Yes,Yes,No,No,22,Sunday,True,0.0,0,Low Risk
2019-01-08 21:30:52,Gulgowski LLC,home,64.54,M,Margaretville,NY,42.1852,-74.6178,1988,Environmental health practitioner,1978-05-23,42.46894,-74.327151,0,12076,CUST001367,47,41-60,Standard,7360.0,6439.43,57.01,42.77,3,3,1262,88,34,ATM,Online,Biometric,Yes,Yes,No,No,21,Tuesday,False,0.0,0,Low Risk
2019-01-04 14:31:41,Breitenberg-Hermiston,kids_pets,13.61,F,Uledi,PA,39.8936,-79.7856,328,Tree surgeon,1983-07-25,39.167185,-80.028346,0,26416,CUST007711,42,41-60,Gold,17551.0,11342.18,36.06,14.41,11,2,834,80,74,WEB,Mobile,OTP,Yes,Yes,No,Yes,14,Friday,False,0.0,0,Low Risk
2019-01-06 09:29:38,Hermann and Sons,shopping_pos,2.6,M,Cross Plains,TX,32.1482,-99.1872,1897,Chief Operating Officer,1953-04-19,31.636531,-98.356252,0,76565,CUST003945,72,60+,Gold,15136.0,10258.61,2.06,2.43,1,3,34,27,27,MOBILE,ATM,Biometric,Yes,Yes,No,No,9,Sunday,True,0.0,0,Low Risk
2019-01-04 21:31:31,"Fadel, Mertz and Rippin",entertainment,79.15,M,Palermo,ND,48.3396,-102.24,229,Administrator,1983-03-20,47.342889,-103.181785,0,58634,CUST009728,42,41-60,Gold,16554.0,12340.67,50.86,50.42,6,3,894,94,56,ATM,ATM,PIN,Yes,Yes,No,No,21,Friday,False,0.0,0,Low Risk
2019-01-10 13:26:25,"Koss, Hansen and Lueilwitz",home,87.3,F,Holcomb,KS,37.9931,-100.9893,2691,Arboriculturist,1993-08-16,38.322462,-101.845198,0,45777,CUST001719,32,26-40,Standard,7367.5,3038.39,72.41,59.51,9,3,517,50,94,MOBILE,ATM,OTP,Yes,Yes,No,No,13,Thursday,False,0.0,0,Low Risk
2019-01-08 23:23:24,Bogisich-Weimann,kids_pets,66.82,M,Payson,IL,39.8153,-91.2627,1656,Exhibition designer,1969-08-04,40.42893,-91.032502,0,62321,CUST005486,56,41-60,Standard,6821.0,5640.18,41.57,49.22,5,2,628,53,40,ATM,Mobile,Biometric,Yes,No,No,No,23,Tuesday,False,0.01,0,Low Risk
2019-01-18 08:05:47,DuBuque LLC,grocery_pos,115.33,F,Arcadia,SC,34.9572,-81.9916,530,Animal technologist,1989-05-14,35.176358,-81.979347,0,29323,CUST006790,36,26-40,Standard,6844.0,1562.01,87.58,115.53,3,2,291,43,88,ATM,Online,PIN,Yes,Yes,No,No,8,Friday,False,0.0,0,Low Risk
2019-01-01 15:02:31,"Weimann, Kuhic and Beahan",shopping_pos,9.17,F,Cleveland,TX,30.33,-95.0202,34153,Building surveyor,1995-09-11,30.479749,-94.907879,0,77371,CUST000858,30,26-40,Platinum,49580.0,38741.15,6.56,37.755,2,1,75,89,15,WEB,Mobile,PIN,No,No,No,Yes,15,Tuesday,False,0.01,0,Low Risk
2019-01-08 21:54:50,"Dare, Fritsch and Zboncak",health_fitness,21.55,F,Dublin,PA,40.375,-75.2045,2158,Transport planner,1961-06-19,39.503301,-75.40099,0,8079,CUST004571,64,60+,Standard,6888.0,3107.34,36.06,18.56,8,1,1150,35,14,POS,ATM,OTP,Yes,Yes,No,No,21,Tuesday,False,0.0,0,Low Risk
2019-01-10 21:40:38,"Hills, Hegmann and Schaefer",health_fitness,189.09,M,Oxford,MI,42.8223,-83.2829,24840,Agricultural consultant,1960-01-20,42.908712,-84.045401,0,48414,CUST001951,65,60+,Standard,6733.0,1507.59,154.83,127.53,2,4,207,98,58,POS,Mobile,PIN,Yes,Yes,No,No,21,Thursday,False,0.0,0,Low Risk
2019-01-18 07:38:30,"Schultz, Simonis and Little",grocery_pos,101.32,F,Carlotta,CA,40.507,-123.9743,1139,"Therapist, occupational",1951-01-15,40.557268,-123.569079,0,95526,CUST005990,74,60+,Gold,17858.0,12746.02,66.88,69.31,8,3,1109,50,28,POS,ATM,PIN,Yes,Yes,No,No,7,Friday,False,0.0,0,Low Risk
2019-01-16 08:11:13,Dicki Ltd,grocery_net,56.28,F,Westhampton Beach,NY,40.8295,-72.6473,3255,Financial trader,1978-07-08,41.39521,-73.467175,0,6810,CUST001789,47,41-60,Standard,4887.0,1471.03,36.06,47.72,3,3,586,24,74,POS,ATM,Biometric,Yes,No,Yes,No,8,Wednesday,False,0.0,0,Low Risk
2019-01-11 03:43:31,"Greenholt, Jacobi and Gleason",gas_transport,70.4,M,Marienville,PA,41.4622,-79.1306,4172,"Copywriter, advertising",1962-03-20,40.829933,-79.511491,0,16201,CUST001276,63,60+,Standard,4757.0,1585.26,52.14,53.14,6,3,201,48,25,ATM,ATM,Biometric,Yes,Yes,No,No,3,Friday,False,0.0,0,Low Risk
2019-01-13 12:05:39,Waelchi Inc,kids_pets,2.49,F,Milford,OH,39.1657,-84.2329999999999,31394,Hospital doctor,1996-11-12,38.840087,-83.743129,0,45168,CUST003589,29,26-40,Standard,5923.0,3420.67,1.98,2.33,3,1,677,63,54,ATM,ATM,Biometric,Yes,Yes,No,No,12,Sunday,True,0.0,0,Low Risk
2019-01-18 02:16:59,Cummings Group,grocery_net,56.47,M,Saint James City,FL,26.529,-82.0916,3776,Sport and exercise psychologist,1976-09-12,27.318672,-82.358079,0,34240,CUST002369,49,41-60,Standard,6591.0,5731.57,41.43,31.56,8,0,1115,55,50,POS,ATM,PIN,Yes,Yes,No,No,2,Friday,False,0.0,0,Low Risk
2019-01-05 08:08:13,"Towne, Greenholt and Koepp",shopping_net,9.41,M,Marion,CT,41.7918,-72.7188,370,Health service manager,1962-02-13,42.759533,-72.661256,0,5358,CUST007702,63,60+,Standard,7373.0,4104.89,8.06,8.76,9,2,60,96,17,WEB,POS,OTP,No,Yes,No,No,8,Saturday,True,0.0,0,Low Risk
2019-01-15 22:54:30,Reilly and Sons,health_fitness,9.29,M,Hovland,MN,47.8342,-90.0476,272,Freight forwarder,2001-07-05,46.911244,-90.835699,0,54814,CUST001082,24,18-25,Gold,15817.0,7283.16,8.29,9.44,2,1,141,39,63,WEB,ATM,PIN,Yes,Yes,No,No,22,Tuesday,False,0.01,0,Low Risk
2019-01-07 22:48:34,"Hills, Hegmann and Schaefer",health_fitness,75.88,F,Thomas,WV,39.1505,-79.503,836,Forensic psychologist,1981-08-29,38.470319,-80.278125,0,26298,CUST005302,44,41-60,Standard,5453.0,3596.47,52.91,45.19,7,1,1301,94,18,WEB,POS,OTP,Yes,Yes,No,No,22,Monday,False,0.0,0,Low Risk
2019-01-13 01:30:24,Kemmer-Reinger,grocery_net,20.04,F,Arcadia,SC,34.9572,-81.9916,530,Animal technologist,1989-05-14,34.37645,-82.189302,0,29692,CUST002065,36,26-40,Standard,4768.0,3302.57,36.06,20.43,5,4,574,97,75,MOBILE,Mobile,OTP,Yes,No,No,No,1,Sunday,True,0.01,0,Low Risk
2019-01-05 18:49:34,Gislason Group,misc_pos,3.92,F,Heart Butte,MT,48.2777,-112.8456,743,Water engineer,1972-05-04,48.853134,-112.100044,0,59454,CUST009122,53,41-60,Standard,7722.0,6848.37,3.05,4.21,5,2,543,8,49,MOBILE,ATM,Biometric,Yes,No,No,No,18,Saturday,True,0.0,0,Low Risk
2019-01-04 18:33:36,"Douglas, Schneider and Turner",shopping_pos,8.44,F,Heart Butte,MT,48.2777,-112.8456,743,Water engineer,1972-05-04,48.85328,-112.706229,0,45777,CUST001393,53,41-60,Standard,6358.0,4629.29,7.62,6.9,4,3,589,31,18,ATM,ATM,Biometric,Yes,No,No,No,18,Friday,False,0.0,0,Low Risk
2019-01-06 14:22:27,Gaylord-Powlowski,home,3.6,M,Cass,WV,38.388,-79.9906,365,Special effects artist,1970-03-14,38.864382,-79.21039,0,26866,CUST004570,55,41-60,Standard,5185.0,1844.18,2.43,1.85,9,1,1319,29,80,MOBILE,ATM,OTP,Yes,Yes,No,Yes,14,Sunday,True,0.0,0,Low Risk
2019-01-17 20:57:37,Friesen Inc,shopping_pos,126.76,M,Irwinton,GA,32.8088,-83.1739999999999,1841,Film/video editor,1975-06-01,33.382096,-83.514188,0,31085,CUST007724,50,41-60,Standard,5287.0,2787.82,92.24,89.05,8,1,1160,98,31,ATM,POS,Biometric,No,No,No,No,20,Thursday,False,0.0,0,Low Risk
2019-01-16 20:24:18,Quitzon-Goyette,home,19.02,F,Fordoche,LA,30.6576,-91.6264,1178,Community education officer,1951-06-13,30.286979,-92.449749,0,70543,CUST000625,74,60+,Standard,7264.0,2740.16,11.74,18.1,7,2,1134,35,57,MOBILE,Mobile,PIN,Yes,Yes,No,No,20,Wednesday,False,0.0,0,Low Risk
2019-01-15 21:30:46,Schmidt-Larkin,home,81.06,M,Utica,PA,41.4798,-79.9403,1102,Garment/textile technologist,1989-07-08,41.79851,-80.4596689999999,0,16435,CUST008328,36,26-40,Gold,14970.0,8573.2,56.69,60.77,7,3,29,23,95,WEB,Online,OTP,No,No,No,No,21,Tuesday,False,0.0,0,Low Risk
2019-01-12 11:51:44,Bogisich-Homenick,misc_net,9.38,M,Moriarty,NM,34.9889,-106.0609,7268,"Therapist, art",1988-08-04,35.607758,-105.254432,0,87701,CUST003083,37,26-40,Standard,6839.0,4229.87,7.4,4.73,9,4,179,97,68,WEB,Online,OTP,Yes,Yes,No,No,11,Saturday,True,0.0,0,Low Risk
2019-01-06 12:35:54,"Wiza, Schaden and Stark",misc_pos,451.52,F,Stanchfield,MN,45.6675,-93.2433,2607,"Lecturer, further education",1995-12-04,45.288281,-93.162956,0,55011,CUST003615,30,26-40,Standard,4840.0,4482.125,426.48,265.84,3,0,658,76,83,MOBILE,Mobile,Biometric,Yes,No,Yes,No,12,Sunday,True,0.05,0,Low Risk
2019-01-09 09:36:23,Rempel PLC,grocery_net,29.41,F,Sutherland,NE,41.1558,-101.136,1789,Insurance broker,1982-02-11,41.104492,-100.392106,0,69123,CUST003356,43,41-60,Standard,5786.0,5175.52,22.01,21.65,6,3,640,71,85,ATM,POS,Biometric,Yes,Yes,No,No,9,Wednesday,False,0.0,0,Low Risk
2019-01-01 16:37:08,Stamm-Rodriguez,misc_pos,267.29,F,Clarks Mills,PA,41.3851,-80.1752,606,Energy manager,1997-09-22,41.599926,-79.943045,0,16327,CUST009652,28,26-40,Platinum,52165.0,40832.88,247.47,255.02,5,0,326,94,14,MOBILE,ATM,Biometric,Yes,No,No,No,16,Tuesday,False,0.02,0,Low Risk
2019-01-01 19:24:47,Bode-Rempel,kids_pets,114.22,M,Weeping Water,NE,40.8731,-96.1528,1517,Dealer,1951-11-08,39.891367,-97.087053,0,66958,CUST006574,74,60+,Standard,5592.0,4594.74,73.85,73.73,10,0,886,24,84,MOBILE,POS,OTP,Yes,Yes,No,No,19,Tuesday,False,0.0,0,Low Risk
2019-01-08 20:09:53,Herman Inc,misc_pos,127.74,M,Clarinda,IA,40.7491,-95.038,7297,IT trainer,1990-07-13,41.574866,-96.033478,0,51556,CUST001875,35,26-40,Standard,5415.0,2706.85,100.75,87.2,9,4,444,43,73,POS,POS,PIN,No,Yes,No,No,20,Tuesday,False,0.0,0,Low Risk
2019-01-15 04:16:38,Dooley-Thompson,misc_net,36.91,F,New York City,NY,40.8265,-73.9383,1577385,Herbalist,1981-08-29,40.705864,-73.3231699999999,0,11702,CUST001289,44,41-60,Gold,17245.0,6348.25,30.33,37.24,9,0,634,28,95,ATM,Mobile,OTP,Yes,Yes,No,Yes,4,Tuesday,False,0.02,0,Low Risk
2019-01-14 13:45:20,Johns-Hoeger,entertainment,62.07,F,Cranks,KY,36.7558,-83.1838,581,"Psychologist, counselling",1967-02-04,37.211183,-82.404855,0,41512,CUST009219,58,41-60,Standard,6693.0,5551.95,48.98,39.75,11,1,1346,87,84,WEB,Mobile,Biometric,Yes,Yes,No,Yes,13,Monday,False,0.0,0,Low Risk
2019-01-05 10:07:30,Klocko LLC,misc_net,23.15,F,Falls City,TX,28.9814,-98.0156,2435,"Engineer, mining",1967-04-09,28.293136,-97.171271,0,78377,CUST007073,58,41-60,Gold,15315.0,12561.58,21.5,23.72,7,1,595,54,24,ATM,Mobile,OTP,Yes,Yes,No,No,10,Saturday,True,0.0,0,Low Risk
2019-01-01 23:02:50,Kihn-Schuster,food_dining,5.17,M,Monmouth Beach,NJ,40.333,-73.9809,3279,Health promotion specialist,1978-10-05,40.813736,-73.833738,0,10465,CUST004669,47,41-60,Gold,14311.0,3978.87,4.46,4.55,5,3,1127,83,15,ATM,ATM,PIN,Yes,No,No,No,23,Tuesday,False,0.0,0,Low Risk
2019-01-14 07:09:12,Nader-Heller,misc_net,7.46,F,Oakford,IL,40.0994,-89.9601,530,Transport planner,1967-09-23,40.851184,-89.910956,0,61517,CUST010736,58,41-60,Standard,7019.0,4468.6,6.8,37.755,5,2,254,78,84,WEB,Online,PIN,Yes,No,No,No,7,Monday,False,0.0,0,Low Risk
2019-01-15 15:53:30,"Weber, Thiel and Hammes",kids_pets,53.96,F,Thomas,OK,35.7382,-98.7388,1675,Barrister,1986-05-01,36.371255,-99.506909,0,73840,CUST004465,39,26-40,Standard,4694.0,3104.2,35.89,45.56,6,3,440,17,65,MOBILE,Online,OTP,Yes,No,No,No,15,Tuesday,False,0.0,0,Low Risk
2019-01-08 14:22:44,Friesen Ltd,health_fitness,63.49,M,Belgrade,MT,45.7801,-111.1439,18182,"Engineer, drilling",1975-06-29,46.471902,-110.152833,0,59085,CUST003576,50,41-60,Standard,7295.0,2398.77,46.45,60.62,11,1,1115,21,31,WEB,Mobile,OTP,No,Yes,No,No,14,Tuesday,False,0.01,0,Low Risk
2019-01-01 09:26:41,Mraz-Herzog,gas_transport,74.41,M,Highland,IN,41.55,-87.4569,23727,Community arts worker,1982-02-08,42.169507,-86.524908,0,49022,CUST007483,43,41-60,Gold,16860.0,12651.05,53.36,37.755,7,4,149,68,63,MOBILE,ATM,OTP,Yes,Yes,No,No,9,Tuesday,False,0.0,0,Low Risk
2019-01-07 16:38:26,"Schiller, Blanda and Johnson",home,80.97,M,Mount Hope,AL,34.4793,-87.4769,1312,"Librarian, academic",1955-02-01,33.957436,-88.474921,0,38821,CUST010325,70,60+,Standard,4852.0,1592.09,69.9,62.73,2,0,369,54,97,MOBILE,POS,Biometric,Yes,Yes,No,No,16,Monday,False,0.0,0,Low Risk
2019-01-10 04:13:30,Klocko LLC,misc_net,17.99,F,Ronceverte,WV,37.7418,-80.4626,4575,Statistician,1991-10-22,37.914019,-79.674894,0,24460,CUST001421,34,26-40,Gold,15595.0,4225.1,14.02,20.09,5,2,178,89,47,MOBILE,ATM,Biometric,Yes,No,No,No,4,Thursday,False,0.01,0,Low Risk
2019-01-13 05:40:58,"Schaefer, McGlynn and Bosco",gas_transport,87.27,M,Warren,MI,42.5164,-82.9832,134056,"Doctor, hospital",1980-05-18,43.387708,-82.064153,0,45777,CUST007862,45,41-60,Standard,5190.0,3616.16,68.37,100.88,3,4,663,75,33,MOBILE,Mobile,OTP,Yes,Yes,No,No,5,Sunday,True,0.01,0,Low Risk
2019-01-06 07:29:10,"Gottlieb, Considine and Schultz",shopping_net,648.72,F,Llano,NM,36.1486,-105.6648,247,Architectural technologist,1961-10-24,36.378846,-106.610246,0,45777,CUST009114,64,60+,Standard,7433.0,4940.2,421.36,546.13,1,0,309,56,56,WEB,ATM,OTP,No,Yes,No,Yes,7,Sunday,True,0.1,0,Low Risk
2019-01-17 11:44:46,"Osinski, Ledner and Leuschke",grocery_pos,35.86,M,Falconer,NY,42.1239,-79.1895,3833,Metallurgist,1970-10-09,42.866176,-79.528397,0,45777,CUST008142,55,41-60,Gold,15968.0,13811.66,30.15,35.2,11,2,1384,10,18,MOBILE,POS,PIN,Yes,Yes,No,No,11,Thursday,False,0.0,0,Low Risk
2019-01-04 16:48:28,Pouros-Haag,shopping_pos,3.11,F,Manville,WY,42.73,-104.7024,241,Educational psychologist,1980-12-16,43.001415,-104.64828,0,82224,CUST003792,45,41-60,Gold,17345.0,12913.92,2.58,3.15,7,0,1409,89,36,WEB,ATM,OTP,Yes,Yes,No,No,16,Friday,False,0.0,0,Low Risk
2019-01-06 06:49:13,Jacobi and Sons,shopping_pos,9.63,M,Dallas,TX,32.877,-96.708,1263321,Drilling engineer,1959-06-28,33.041382,-97.048608,0,75028,CUST001224,66,60+,Standard,6931.0,5129.11,6.79,9.4,8,1,145,68,1,POS,POS,Biometric,Yes,Yes,No,No,6,Sunday,True,0.0,0,Low Risk
2019-01-01 23:08:04,Koepp-Parker,grocery_pos,50.26,M,Hovland,MN,47.8342,-90.0476,272,Freight forwarder,2001-07-05,48.49323,-90.382827,0,45777,CUST003672,24,18-25,Gold,15900.0,14080.31,43.4,43.23,2,3,157,45,83,MOBILE,Online,PIN,Yes,Yes,No,No,23,Tuesday,False,0.0,0,Low Risk
2019-01-17 12:45:05,Jewess LLC,shopping_pos,4.36,F,Center Tuftonboro,NH,43.6849,-71.2551,1368,"Optician, dispensing",1971-08-05,44.618482,-71.563912,0,3582,CUST000678,54,41-60,Standard,7367.5,2703.89,3.03,3.12,10,0,209,70,22,MOBILE,ATM,Biometric,Yes,Yes,No,Yes,12,Thursday,False,0.0,0,Low Risk
2019-01-13 01:14:03,O'Keefe-Hudson,grocery_pos,95.47,M,Oaks,PA,40.1334,-75.4536,737,Oceanographer,1987-04-24,40.18969,-75.140895,0,19044,CUST009682,38,26-40,Gold,17399.0,6105.36,60.1,64.21,11,3,1021,19,51,POS,Online,OTP,Yes,No,No,No,1,Sunday,True,0.0,0,Low Risk
2019-01-16 17:35:21,Schroeder Group,health_fitness,77.77,F,Basye,VA,38.8089,-78.7776,863,"Engineer, mining",1972-08-09,38.648014,-78.762598,0,22853,CUST002524,53,41-60,Standard,6033.0,5100.22,49.85,69.8,8,0,211,66,51,POS,Online,OTP,No,Yes,No,Yes,17,Wednesday,False,0.0,0,Low Risk
2019-01-08 15:36:45,"Crist, Jakubowski and Littel",home,80.17,M,Bryant,WI,45.203,-88.9983,1080,Information systems manager,1979-01-08,45.470383,-88.520514,0,54566,CUST003590,46,41-60,Standard,7910.0,2419.47,65.13,70.81,2,4,1075,36,23,ATM,Mobile,OTP,Yes,No,No,No,15,Tuesday,False,0.0,0,Low Risk
2019-01-15 20:36:17,Auer-West,shopping_net,204.87,F,Smiths Grove,KY,37.0581,-86.1938,6841,"Therapist, sports",1999-06-06,36.680732,-86.675026,0,37141,CUST005132,26,26-40,Standard,6797.0,2100.73,132.88,202.03,11,3,206,99,97,ATM,Mobile,PIN,Yes,No,No,No,20,Tuesday,False,0.0,0,Low Risk
2019-01-03 08:42:31,Funk Group,grocery_net,127.77,F,Uledi,PA,39.8936,-79.7856,328,Tree surgeon,1983-07-25,39.692967,-80.314636,0,26590,CUST003170,42,41-60,Gold,17836.0,6873.27,36.06,68.26,6,4,1269,90,32,ATM,Mobile,OTP,Yes,No,No,No,8,Thursday,False,0.0,0,Low Risk
2019-01-14 05:22:36,"Terry, Johns and Bins",misc_pos,6.13,M,Grantham,NH,43.5103,-72.1334,2971,Charity fundraiser,1948-04-11,44.193786,-72.2266839999999,0,5046,CUST009893,77,60+,Gold,16494.0,6876.64,4.27,5.05,8,0,778,11,58,POS,Mobile,PIN,Yes,Yes,No,No,5,Monday,False,0.01,0,Low Risk
2019-01-07 19:13:24,Waelchi-Wolf,kids_pets,102.94,M,Lakeland,FL,27.9611,-81.9398,237282,"Radiographer, therapeutic",1961-09-28,28.749432,-82.344026,0,34436,CUST004890,64,60+,Standard,5565.0,3888.94,86.74,87.13,2,4,15,74,19,MOBILE,Online,PIN,Yes,Yes,No,No,19,Monday,False,0.0,0,Low Risk
2019-01-08 23:58:13,"Turcotte, Batz and Buckridge",health_fitness,2.22,F,Sherman,TX,33.6372,-96.6184,46563,Systems developer,1970-09-11,34.126293,-95.945866,0,74727,CUST004698,55,41-60,Gold,17814.0,10304.77,2.08,1.47,3,1,1140,59,24,WEB,Online,Biometric,Yes,Yes,No,No,23,Tuesday,False,0.01,0,Low Risk
2019-01-14 17:31:23,Berge-Ullrich,home,79.98,M,Dumont,CO,39.7532,-105.6356,565,Mental health nurse,1978-08-27,39.991242,-105.346327,0,80302,CUST003366,47,41-60,Standard,6026.0,3907.96,59.02,59.34,10,1,368,67,97,POS,Mobile,Biometric,Yes,Yes,No,No,17,Monday,False,0.0,0,Low Risk
2019-01-04 18:41:44,Larson-Moen,entertainment,77.35,M,Doe Hill,VA,38.4207,-79.4629,99,Dance movement psychotherapist,1986-03-28,37.531242,-78.813004,0,24553,CUST001581,39,26-40,Gold,17949.0,3761.86,54.09,58.56,5,4,225,60,43,POS,Online,Biometric,Yes,Yes,No,No,18,Friday,False,0.0,0,Low Risk
2019-01-08 20:35:19,Hills-Witting,shopping_net,2.48,M,Denham Springs,LA,30.459,-90.9027,71335,Herbalist,1994-05-31,30.664347,-91.544995,0,70759,CUST007193,31,26-40,Platinum,49643.0,33359.34,1.79,2.94,4,4,1302,32,42,ATM,POS,Biometric,Yes,Yes,No,No,20,Tuesday,False,0.0,0,Low Risk
2019-01-01 14:45:12,Breitenberg-Hermiston,kids_pets,29.35,M,Muskegon,MI,43.2326,-86.2492,128715,Historic buildings inspector/conservation officer,1995-05-25,43.224588,-86.697229,0,45777,CUST009963,30,26-40,Gold,15840.0,7668.18,19.91,34.2,7,2,458,30,82,WEB,ATM,Biometric,Yes,Yes,Yes,No,14,Tuesday,False,0.0,0,Low Risk
2019-01-08 08:05:26,Brekke and Sons,gas_transport,79.21,M,Cuyahoga Falls,OH,41.1464,-81.5107,47772,Equities trader,1966-01-04,41.516294,-82.063428,0,44054,CUST009999,59,41-60,Standard,6803.0,2749.2,67.96,73.31,2,0,112,56,12,ATM,Online,PIN,Yes,Yes,No,Yes,8,Tuesday,False,0.0,0,Low Risk
2019-01-10 18:16:01,"Cronin, Kshlerin and Weber",health_fitness,43.48,F,Superior,AZ,33.2887,-111.0985,2872,Petroleum engineer,1987-10-28,32.566671,-111.203712,0,85658,CUST001959,38,26-40,Standard,6119.0,3876.95,27.73,37.755,10,3,888,70,4,ATM,POS,Biometric,Yes,Yes,No,No,18,Thursday,False,0.0,0,Low Risk
2019-01-01 21:40:07,Collier LLC,home,70.31,M,Greenbush,VA,37.7681,-75.6664,776,Psychiatrist,1949-11-17,38.312975,-76.352429,0,20670,CUST003109,76,60+,Standard,6118.0,3054.12,55.64,47.38,1,4,265,55,72,WEB,ATM,OTP,Yes,No,Yes,Yes,21,Tuesday,False,0.0,0,Low Risk
2019-01-05 10:24:14,"Mosciski, Gislason and Mertz",grocery_pos,93.38,F,Lawn,PA,40.2236,-76.538,213,Special educational needs teacher,1972-02-15,39.384309,-75.819089,0,21912,CUST003779,53,41-60,Standard,6125.0,4964.93,78.92,82.11,10,1,348,70,13,POS,Online,Biometric,Yes,No,No,No,10,Saturday,True,0.0,0,Low Risk
2019-01-15 20:30:23,"Pouros, Walker and Spencer",kids_pets,51.76,M,Kissee Mills,MO,36.6704,-93.0377,1201,"Engineer, agricultural",1980-03-18,37.613879,-92.309102,0,65470,CUST002032,45,41-60,Standard,5069.0,2277.63,45.63,44.34,7,0,429,25,80,WEB,POS,Biometric,Yes,No,No,No,20,Tuesday,False,0.0,0,Low Risk
2019-01-01 14:55:44,Ratke and Sons,health_fitness,145.0,F,Blairstown,MO,38.5319,-93.9221,467,Agricultural consultant,1950-05-27,39.042503,-94.123321,0,64075,CUST007953,75,60+,Standard,7741.0,1693.47,105.64,130.59,7,2,462,29,98,ATM,Mobile,Biometric,Yes,Yes,No,No,14,Tuesday,False,0.0,0,Low Risk
2019-01-18 17:01:26,Gleason and Sons,kids_pets,47.74,F,Matthews,MO,36.7154,-89.6287,1019,Aeronautical engineer,1979-01-26,37.660225,-90.208169,0,63645,CUST007248,46,41-60,Standard,6738.0,3000.38,42.46,45.6,3,3,1250,9,77,MOBILE,Online,OTP,Yes,Yes,No,No,17,Friday,False,0.0,0,Low Risk
2019-01-04 19:31:12,Crona and Sons,kids_pets,103.22,M,Cleveland,AL,33.9778,-86.5598,3996,Aid worker,1977-06-14,33.129244,-86.904413,0,35115,CUST010055,48,41-60,Gold,16003.0,3354.94,36.06,123.34,4,0,495,80,4,POS,Online,PIN,Yes,Yes,No,No,19,Friday,False,0.0,0,Low Risk
2019-01-18 11:24:43,Metz-Boehm,shopping_pos,99.91,M,Mount Hope,AL,34.4793,-87.4769,1312,"Librarian, academic",1955-02-01,34.968284,-87.541484,0,38463,CUST003774,70,60+,Gold,17804.0,4504.93,63.8,58.79,2,4,624,67,19,MOBILE,Mobile,PIN,Yes,Yes,No,No,11,Friday,False,0.0,0,Low Risk
2019-01-01 09:57:52,Cummings LLC,gas_transport,64.2,M,Lake Jackson,TX,29.0393,-95.4401,28739,Futures trader,1999-12-27,28.471527,-95.319439,0,45777,CUST006991,26,26-40,Standard,5941.0,3179.83,58.85,35.55,5,0,1292,85,51,POS,Online,PIN,No,Yes,No,No,9,Tuesday,False,0.0,0,Low Risk
2019-01-18 14:50:37,"Swaniawski, Lowe and Robel",shopping_pos,88.87,F,Holcomb,KS,37.9931,-100.9893,2691,Arboriculturist,1993-08-16,37.259552,-101.710519,0,67953,CUST006058,32,26-40,Platinum,51489.0,4482.125,53.86,66.18,7,1,1322,40,48,WEB,Online,Biometric,Yes,Yes,No,No,14,Friday,False,0.0,0,Low Risk
2019-01-06 15:44:46,Rolfson-Kunde,personal_care,4.46,F,Lithopolis,OH,39.8013,-82.8125,460,"Lecturer, higher education",2004-06-19,40.00342,-83.222716,0,43026,CUST002102,21,18-25,Platinum,50553.0,21742.99,2.78,5.17,8,3,365,4,81,POS,Online,PIN,Yes,Yes,No,No,15,Sunday,True,0.0,0,Low Risk
2019-01-11 02:40:17,"Huel, Hammes and Witting",grocery_pos,110.09,M,Saint Petersburg,FL,27.7898,-82.7243,341043,"Engineer, land",1989-02-28,27.015657,-82.176812,0,34286,CUST000287,36,26-40,Gold,14444.0,10479.41,73.91,121.19,1,2,646,91,47,ATM,ATM,Biometric,Yes,No,No,No,2,Friday,False,0.01,0,Low Risk
2019-01-14 05:51:57,"Christiansen, Goyette and Schamberger",gas_transport,52.39,F,Spencer,SD,43.7557,-97.5936,343,"Development worker, international aid",1972-03-05,44.499907,-96.864756,0,57220,CUST010773,53,41-60,Standard,6348.0,4345.21,45.1,58.3,5,2,1162,41,81,WEB,Online,OTP,Yes,Yes,No,No,5,Monday,False,0.0,0,Low Risk
2019-01-07 23:55:09,Dickinson Ltd,misc_pos,7.93,F,East Canaan,CT,42.0158,-73.2913,647,Comptroller,1987-09-26,42.865498,-74.106768,0,12137,CUST003534,38,26-40,Gold,15508.0,10917.47,5.24,7.22,10,3,87,9,31,POS,POS,PIN,No,No,No,No,23,Monday,False,0.0,0,Low Risk
2019-01-14 21:24:47,Graham and Sons,health_fitness,3.16,M,Parker,CO,39.5102,-104.7216,84861,Materials engineer,1932-03-10,40.073798,-105.483344,0,80481,CUST001574,93,60+,Standard,7367.5,4181.37,2.33,2.05,7,0,1246,50,61,POS,Mobile,PIN,Yes,Yes,No,No,21,Monday,False,0.0,0,Low Risk
2019-01-06 17:43:58,Baumbach Ltd,personal_care,29.25,M,Oklahoma City,OK,35.6174,-97.5583,640470,Advertising copywriter,1966-06-24,34.819304,-96.983387,0,74872,CUST010942,59,41-60,Platinum,50715.0,41783.53,27.38,29.15,6,2,1418,53,37,MOBILE,POS,OTP,Yes,Yes,No,No,17,Sunday,True,0.0,0,Low Risk
2019-01-10 23:08:00,"Ledner, Hartmann and Feest",health_fitness,41.21,F,Littleton,CO,39.5994,-105.0044,320420,Water engineer,1975-07-31,40.077487,-105.273825,0,80304,CUST000970,50,41-60,Gold,16327.0,8352.46,34.23,22.98,11,1,446,24,83,WEB,Mobile,PIN,Yes,Yes,No,No,23,Thursday,False,0.0,0,Low Risk
2019-01-15 18:50:51,"Effertz, Welch and Schowalter",entertainment,5.65,M,Port Richey,FL,28.3011,-82.6927,42619,Environmental education officer,1975-10-07,27.553283,-83.4347569999999,0,45777,CUST008495,50,41-60,Standard,6436.0,3477.02,4.05,4.06,6,3,1323,78,38,ATM,ATM,OTP,Yes,Yes,No,No,18,Tuesday,False,0.0,0,Low Risk
2019-01-04 05:58:33,Wilkinson Ltd,entertainment,119.46,F,Keisterville,PA,39.9636,-79.7853,184,Systems developer,1945-11-04,40.456867,-79.587854,0,15626,CUST006400,80,60+,Platinum,51497.0,27316.62,72.47,77.87,1,1,264,30,93,POS,Mobile,OTP,Yes,No,No,No,5,Friday,False,0.0,0,Low Risk
2019-01-12 02:35:36,Barton Inc,grocery_pos,225.92,F,Huntington Beach,CA,33.6773,-118.0051,190249,"Therapist, horticultural",1976-09-17,33.305925,-118.873269,0,45777,CUST010853,49,41-60,Standard,5740.0,3606.48,167.74,37.755,8,3,134,42,26,MOBILE,Mobile,OTP,Yes,No,No,No,2,Saturday,True,0.0,0,Low Risk
2019-01-11 04:44:53,Vandervort-Funk,grocery_pos,142.94,F,Catawba,VA,37.3696,-80.1284,1363,Equality and diversity officer,1940-08-23,37.067173,-79.742093,0,24092,CUST010505,85,60+,Standard,7580.0,4589.96,106.56,163.62,1,0,639,59,61,MOBILE,ATM,Biometric,Yes,No,No,No,4,Friday,False,0.0,0,Low Risk
2019-01-14 05:59:54,"Lind, Huel and McClure",gas_transport,70.4,F,Cuthbert,GA,31.7706,-84.7936,5726,Fitness centre manager,1947-08-14,31.596565,-85.187545,0,36310,CUST010042,78,60+,Standard,7565.0,5854.52,48.29,37.755,5,2,36,76,70,MOBILE,Online,PIN,Yes,No,No,No,5,Monday,False,0.0,0,Low Risk
2019-01-01 12:00:31,Shanahan-Lehner,personal_care,8.79,M,Naples,FL,26.1184,-81.7361,276002,"Programme researcher, broadcasting/film/video",1979-01-02,26.389956,-81.158763,0,45777,CUST007021,46,41-60,Standard,5738.0,3844.43,5.86,7.76,3,4,447,92,94,POS,ATM,PIN,Yes,Yes,No,No,12,Tuesday,False,0.0,0,Low Risk
2019-01-05 21:49:19,Jakubowski Group,food_dining,99.1,F,Ratcliff,TX,31.3833,-95.0619,43,"Engineer, production",1949-10-04,30.526177,-95.376991,0,77358,CUST009426,76,60+,Gold,15018.0,4846.6,69.67,62.29,9,1,1035,79,27,MOBILE,ATM,Biometric,Yes,Yes,No,No,21,Saturday,True,0.0,0,Low Risk
2019-01-14 22:00:25,"Lakin, Ferry and Beatty",food_dining,60.52,M,Kirk,CO,39.6171,-102.4776,207,Network engineer,1955-12-04,39.76621,-102.040961,0,45777,CUST009334,70,60+,Standard,4941.0,3025.04,36.76,45.49,4,3,226,13,88,ATM,POS,Biometric,Yes,Yes,No,No,22,Monday,False,0.01,0,Low Risk
2019-01-06 05:51:13,"Schoen, Kuphal and Nitzsche",grocery_pos,233.18,F,Rock Springs,WY,41.606,-109.23,27971,Music therapist,1984-08-01,42.399196,-108.894186,0,45777,CUST004693,41,41-60,Standard,5922.0,3803.64,164.49,270.99,6,2,1285,30,91,WEB,Online,OTP,No,No,No,No,5,Sunday,True,0.0,0,Low Risk
2019-01-03 15:44:31,Schmitt Ltd,misc_net,344.28,F,Blooming Grove,TX,32.0758,-96.701,1563,Financial adviser,1978-03-04,31.081066,-97.071245,0,76519,CUST005837,47,41-60,Standard,7124.0,6204.63,246.15,311.9,8,1,272,79,73,POS,POS,OTP,Yes,Yes,No,No,15,Thursday,False,0.14,0,Low Risk
2019-01-12 13:32:27,Larkin Ltd,kids_pets,35.57,F,Redford,MO,37.3272,-91.0243,241,Investment analyst,1974-10-27,37.601816,-90.043157,0,63662,CUST002112,51,41-60,Gold,14239.0,3008.23,26.97,31.06,2,2,1191,2,17,WEB,Online,OTP,Yes,Yes,No,No,13,Saturday,True,0.0,0,Low Risk
2019-01-16 22:20:33,Ankunding LLC,shopping_net,9.76,M,San Diego,CA,32.7185,-117.1593,1241364,Comptroller,1987-11-30,32.134116,-116.914307,0,45777,CUST010794,38,26-40,Gold,14859.0,7037.85,8.36,5.7,9,3,1018,49,50,POS,Mobile,Biometric,Yes,No,No,No,22,Wednesday,False,0.01,0,Low Risk
2019-01-06 19:45:06,"Pouros, Walker and Spencer",kids_pets,9.2,F,Florence,MS,32.153,-90.1217,19685,Fine artist,1984-12-24,32.383248,-90.64123,0,39066,CUST000063,41,41-60,Standard,6761.0,3157.35,6.58,7.36,4,4,222,95,3,MOBILE,Online,PIN,No,No,Yes,No,19,Sunday,True,0.01,0,Low Risk
2019-01-18 23:15:46,Leffler-Goldner,personal_care,64.74,M,Acworth,NH,43.196,-72.3001,477,Naval architect,1988-04-15,42.797273,-72.9122699999999,0,5350,CUST006005,37,26-40,Gold,16666.0,14640.51,53.76,56.25,7,3,492,85,68,POS,ATM,Biometric,Yes,Yes,No,No,23,Friday,False,0.0,0,Low Risk
2019-01-03 19:36:45,Streich Ltd,home,28.39,F,Belle Fourche,SD,44.6723,-103.8396,8007,Hospital pharmacist,1940-09-17,44.213726,-103.60586,0,57759,CUST007656,85,60+,Gold,16423.0,11005.85,17.51,32.52,7,3,816,39,2,ATM,POS,OTP,Yes,Yes,No,No,19,Thursday,False,0.01,0,Low Risk
2019-01-18 14:03:14,Gerhold LLC,home,76.28,F,Cherokee Village,AR,36.3011,-91.5281,4726,Pharmacologist,1977-06-07,36.276109,-90.791589,0,72413,CUST000002,48,41-60,Standard,7365.0,3224.5,55.08,85.01,2,4,870,65,60,POS,Mobile,Biometric,Yes,Yes,Yes,Yes,14,Friday,False,0.0,0,Low Risk
2019-01-18 02:24:14,Pouros-Conroy,shopping_pos,1.76,M,Marienville,PA,41.4622,-79.1306,4172,"Copywriter, advertising",1962-03-20,41.953179,-80.111659,0,16426,CUST003191,63,60+,Standard,6067.0,1759.88,1.18,1.71,5,1,978,82,4,POS,POS,PIN,Yes,Yes,No,No,2,Friday,False,0.0,0,Low Risk
2019-01-15 01:13:48,"Rodriguez, Yost and Jenkins",misc_net,143.75,F,Munith,MI,42.3703,-84.2485,2523,Geophysicist/field seismologist,1988-03-21,42.109556,-85.152962,0,49094,CUST001695,37,26-40,Gold,15923.0,11036.91,108.5,85.23,1,2,344,70,54,ATM,Mobile,PIN,Yes,Yes,No,No,1,Tuesday,False,0.0,0,Low Risk
2019-01-05 18:40:50,"Mante, Luettgen and Hackett",health_fitness,56.37,M,Hudson,NY,42.247,-73.7552,17867,Travel agency manager,1998-07-29,41.546258,-73.560857,0,12564,CUST000399,27,26-40,Standard,4204.0,2534.47,35.9,50.46,11,1,150,59,71,POS,ATM,PIN,No,No,No,No,18,Saturday,True,0.0,0,Low Risk
2019-01-03 17:09:58,Fadel Inc,health_fitness,41.05,M,Sula,MT,45.8433,-113.8748,218,"Therapist, horticultural",1995-08-16,45.911526,-113.903893,0,59827,CUST002889,30,26-40,Standard,4904.0,4482.125,29.95,26.84,3,3,1164,48,86,WEB,Online,Biometric,Yes,Yes,No,Yes,17,Thursday,False,0.0,0,Low Risk
2019-01-03 16:01:42,"Hoppe, Harris and Bednar",entertainment,60.84,F,Leonard,TX,33.4044,-96.2238,4090,Sub,1977-03-23,34.234258,-96.847542,0,73447,CUST001326,48,41-60,Standard,5709.0,2702.8,54.9,61.75,3,4,443,43,54,MOBILE,Online,OTP,Yes,No,No,No,16,Thursday,False,0.0,0,Low Risk
2019-01-06 11:14:10,Hudson-Ratke,grocery_pos,204.57,F,Mobile,AL,30.7145,-88.0918,270712,"Surveyor, land/geomatics",1972-01-05,31.704473,-88.75652,0,39367,CUST009272,53,41-60,Gold,16092.0,9337.95,163.04,141.04,11,2,716,89,73,MOBILE,Mobile,PIN,Yes,No,No,No,11,Sunday,True,0.02,0,Low Risk
2019-01-14 07:42:33,Eichmann-Russel,misc_pos,11.19,M,Halma,MN,48.6669,-96.5969,140,"Embryologist, clinical",1942-01-06,48.055036,-96.861562,0,45777,CUST002528,83,60+,Gold,15692.0,8905.51,7.09,7.64,7,3,1392,67,89,ATM,Online,Biometric,No,Yes,No,Yes,7,Monday,False,0.0,0,Low Risk
2019-01-16 14:44:52,Shields-Wunsch,health_fitness,76.34,M,Etlan,VA,38.5095,-78.2638,395,Senior tax professional/tax inspector,1982-01-07,39.008513,-79.066803,0,26847,CUST005407,43,41-60,Gold,15198.0,6967.59,54.01,80.7,6,4,228,73,89,WEB,Mobile,OTP,Yes,Yes,No,No,14,Wednesday,False,0.0,0,Low Risk
2019-01-15 22:53:53,"Rodriguez, Yost and Jenkins",misc_net,8.78,F,Alpharetta,GA,34.077,-84.3033,165556,Prison officer,1997-12-27,34.791066,-84.822819,0,30705,CUST010983,28,26-40,Standard,6388.0,3085.33,8.23,5.89,3,4,870,45,6,ATM,POS,OTP,No,Yes,No,No,22,Tuesday,False,0.0,0,Low Risk
2019-01-10 20:06:58,Skiles LLC,home,19.98,M,Tyaskin,MD,38.2833,-75.8465,470,Music tutor,1965-04-07,38.592431,-75.496611,0,19956,CUST001081,60,41-60,Gold,15719.0,9450.72,12.73,18.16,2,0,273,32,71,WEB,ATM,Biometric,Yes,Yes,No,No,20,Thursday,False,0.0,0,Low Risk
2019-01-13 09:38:18,Flatley-Durgan,misc_net,2.66,F,Colton,WA,46.5901,-117.1692,761,Chief Marketing Officer,1943-06-30,45.787574,-117.17181,0,97828,CUST001414,82,60+,Gold,17580.0,8345.3,2.37,2.69,3,2,641,32,17,MOBILE,Mobile,Biometric,No,Yes,No,No,9,Sunday,True,0.0,0,Low Risk
2019-01-14 12:50:24,Lubowitz-Walter,kids_pets,114.73,F,Bagley,WI,42.9207,-91.0685,878,Risk analyst,1974-11-20,42.025864,-90.957911,0,52323,CUST007841,51,41-60,Standard,7367.5,1674.61,92.58,110.37,1,3,558,15,12,POS,POS,OTP,Yes,No,Yes,Yes,12,Monday,False,0.0,0,Low Risk
2019-01-12 22:30:19,Kessler Group,travel,8.75,F,Burlington,WA,48.4786,-122.3345,14871,Public house manager,1974-03-10,47.510223,-122.814186,0,98312,CUST001099,51,41-60,Standard,7367.5,4897.33,5.38,8.34,10,0,196,85,49,WEB,POS,Biometric,Yes,Yes,No,No,22,Saturday,True,0.0,0,Low Risk
2019-01-15 14:29:38,"Roob, Conn and Tremblay",shopping_pos,2226.46,M,Belgrade,MT,45.7801,-111.1439,18182,"Engineer, drilling",1975-06-29,46.039752,-111.265312,0,45777,CUST004632,50,41-60,Standard,7636.0,4482.125,1923.92,1624.56,10,1,104,5,100,ATM,Online,Biometric,Yes,Yes,No,No,14,Tuesday,False,0.05,0,Low Risk
2019-01-12 10:10:09,"Connelly, Reichert and Fritsch",gas_transport,60.98,F,Bynum,TX,31.9907,-96.9837,522,Commercial/residential surveyor,1946-03-21,32.896757,-97.664159,0,76082,CUST008720,79,60+,Standard,4255.0,3218.07,45.94,50.23,9,3,1081,100,47,ATM,ATM,OTP,Yes,Yes,No,No,10,Saturday,True,0.0,0,Low Risk
2019-01-03 06:18:21,Hills-Olson,grocery_net,28.84,F,Mountain Park,OK,34.7032,-98.9591,540,Research scientist (life sciences),1983-10-12,35.039415,-98.559707,0,73015,CUST002064,42,41-60,Standard,7021.0,2480.82,26.94,32.67,8,4,304,96,76,MOBILE,Online,PIN,Yes,Yes,No,No,6,Thursday,False,0.0,0,Low Risk
2019-01-09 21:58:18,"Hermiston, Pacocha and Smith",health_fitness,50.64,F,Stanchfield,MN,45.6675,-93.2433,2607,"Lecturer, further education",1995-12-04,44.961534,-93.644854,0,55384,CUST006191,30,26-40,Standard,7680.0,5841.33,45.09,57.0,11,2,964,71,8,ATM,POS,Biometric,Yes,Yes,No,No,21,Wednesday,False,0.01,0,Low Risk
2019-01-01 22:05:08,Bernier and Sons,kids_pets,52.73,F,Miamisburg,OH,39.6321,-84.2675,36784,"Investment banker, corporate",1941-07-31,38.970881,-85.181411,0,47017,CUST005333,84,60+,Standard,4427.0,2540.34,45.99,58.13,6,1,1166,46,30,WEB,ATM,PIN,Yes,No,No,No,22,Tuesday,False,0.0,0,Low Risk
2019-01-15 18:07:10,Jacobi Inc,health_fitness,22.51,F,Walnut Ridge,AR,36.0244,-90.9288,7155,"Engineer, control and instrumentation",1977-03-23,35.241281,-91.253546,0,72101,CUST009524,48,41-60,Gold,15497.0,8649.8,20.31,20.2,6,0,1324,99,48,ATM,POS,PIN,Yes,Yes,No,No,18,Tuesday,False,0.0,0,Low Risk
2019-01-14 23:19:43,"Schiller, Blanda and Johnson",home,16.52,M,Payson,IL,39.8153,-91.2627,1656,Exhibition designer,1969-08-04,39.803096,-92.014235,0,63469,CUST000937,56,41-60,Standard,6291.0,2766.04,14.15,14.45,1,4,1061,25,55,WEB,ATM,PIN,Yes,No,No,No,23,Monday,False,0.0,0,Low Risk
2019-01-03 02:30:52,Roob LLC,grocery_net,88.29,F,Sun City,CA,33.7467,-117.1721,54287,"Designer, exhibition/display",1972-09-22,33.583248,-117.437438,0,92562,CUST001064,53,41-60,Platinum,49186.0,36468.18,55.8,56.98,8,4,278,14,12,WEB,POS,Biometric,Yes,Yes,No,No,2,Thursday,False,0.0,0,Low Risk
2019-01-09 10:59:45,Koss and Sons,gas_transport,78.12,F,Comfort,WV,38.1372,-81.5962,630,Fine artist,1959-07-30,37.845257,-81.643498,0,25208,CUST010638,66,60+,Standard,4751.0,2880.89,55.77,72.81,3,2,1308,50,49,POS,Online,PIN,No,Yes,No,No,10,Wednesday,False,0.0,0,Low Risk
2019-01-16 03:57:18,McCullough Group,grocery_net,41.64,F,Randolph,OH,41.0109,-81.2977,51,Mechanical engineer,1960-08-05,41.513305,-81.788736,0,44107,CUST006149,65,60+,Standard,7943.0,2972.31,28.49,25.39,6,3,260,76,64,MOBILE,POS,OTP,Yes,Yes,No,No,3,Wednesday,False,0.0,0,Low Risk
2019-01-04 21:59:20,"Kling, Howe and Schneider",home,70.88,F,Ronceverte,WV,37.7418,-80.4626,4575,Statistician,1991-10-22,37.675784,-80.992105,0,25969,CUST003019,34,26-40,Standard,6463.0,2228.45,54.84,58.08,6,2,760,65,14,ATM,Online,Biometric,Yes,Yes,No,No,21,Friday,False,0.0,0,Low Risk
2019-01-10 14:25:29,Kuphal-Toy,food_dining,7.31,F,Cleveland,TX,30.33,-95.0202,34153,Building surveyor,1995-09-11,30.725324,-95.16169,0,77364,CUST006264,30,26-40,Standard,7912.0,5718.0,6.53,7.64,5,3,536,50,23,POS,Mobile,OTP,Yes,Yes,No,No,14,Thursday,False,0.0,0,Low Risk
2019-01-07 17:32:11,Bogisich-Homenick,misc_net,38.69,F,Burrton,KS,38.0261,-97.6666,1689,Gaffer,1997-11-18,37.983921,-96.941455,0,67123,CUST004090,28,26-40,Standard,7275.0,4116.13,34.53,30.19,7,0,612,50,76,ATM,POS,Biometric,Yes,No,No,No,17,Monday,False,0.0,0,Low Risk
2019-01-13 13:36:18,"Hills, Hegmann and Schaefer",health_fitness,42.94,F,Loving,NM,32.274,-104.0914,1925,Educational psychologist,1952-05-26,32.725308,-103.909558,0,45777,CUST001617,73,60+,Standard,5799.0,2246.56,27.05,51.16,3,0,72,89,2,WEB,Online,PIN,Yes,No,No,No,13,Sunday,True,0.0,0,Low Risk
2019-01-14 18:51:11,Ratke and Sons,health_fitness,50.19,F,Sebring,FL,27.4703,-81.4872,50835,Environmental consultant,1986-01-30,27.94656,-81.9318699999999,0,33813,CUST007701,39,26-40,Gold,15500.0,12199.43,36.43,47.94,9,3,924,94,58,ATM,ATM,OTP,Yes,No,Yes,No,18,Monday,False,0.01,0,Low Risk
2019-01-15 10:14:10,"Bernier, Streich and Jewess",grocery_net,55.23,M,Chester,MD,38.9583,-76.2842,5848,Paediatric nurse,1981-02-15,39.853517,-77.183419,0,17325,CUST006797,44,41-60,Platinum,7367.5,28932.42,48.37,38.85,1,3,601,10,75,WEB,Mobile,OTP,Yes,No,No,No,10,Tuesday,False,0.0,0,Low Risk
2019-01-13 20:32:23,"Reinger, Weissnat and Strosin",food_dining,5.3,F,Viola,AR,36.3924,-91.9932,1679,Psychiatric nurse,1986-05-02,35.844843,-91.641052,0,72501,CUST001349,39,26-40,Standard,7236.0,1805.67,3.36,3.46,2,1,1338,62,3,ATM,POS,Biometric,Yes,No,No,No,20,Sunday,True,0.0,0,Low Risk
2019-01-15 14:46:27,Swift PLC,kids_pets,35.45,F,Bailey,NC,35.8072,-78.0892,6629,Call centre manager,1962-08-13,35.911578,-77.4742069999999,0,27886,CUST004183,63,60+,Platinum,50329.0,34637.39,25.27,18.84,1,3,1027,46,52,WEB,Mobile,Biometric,No,No,No,No,14,Tuesday,False,0.0,0,Low Risk
2019-01-08 03:20:46,Volkman Ltd,misc_net,313.26,M,Arcadia,OH,41.1116,-83.502,1202,Curator,1933-03-01,40.620451,-83.408774,0,43332,CUST008146,92,60+,Gold,15917.0,13110.02,260.03,218.78,2,4,1390,71,4,POS,Online,OTP,Yes,Yes,No,No,3,Tuesday,False,0.06,0,Low Risk
2019-01-13 13:28:33,Hamill-D'Amore,health_fitness,9.84,F,Bonita Springs,FL,26.3771,-81.7334,51427,Claims inspector/assessor,1991-08-21,26.431763,-82.185951,0,33957,CUST005195,34,26-40,Gold,14219.0,5358.17,7.71,8.02,6,4,1436,28,13,WEB,POS,Biometric,Yes,Yes,No,No,13,Sunday,True,0.0,0,Low Risk
2019-01-10 12:37:12,Abbott-Rogahn,entertainment,41.73,F,Colorado Springs,CO,38.8881,-104.6556,525713,Museum/gallery exhibitions officer,1992-05-09,38.843892,-104.891832,0,80829,CUST006379,33,26-40,Standard,7424.0,3186.6,36.06,43.56,10,2,300,77,94,ATM,POS,PIN,Yes,Yes,No,No,12,Thursday,False,0.0,0,Low Risk
2019-01-13 13:53:01,"Klocko, Runolfsdottir and Breitenberg",health_fitness,76.82,M,Fiddletown,CA,38.5234,-120.6763,832,Immigration officer,1987-05-19,37.65288,-119.869903,0,95345,CUST003895,38,26-40,Gold,17848.0,12662.76,63.69,83.48,4,1,138,8,82,WEB,Mobile,OTP,Yes,Yes,Yes,No,13,Sunday,True,0.0,0,Low Risk
2019-01-03 18:39:54,Gleason and Sons,kids_pets,197.97,M,Birmingham,AL,33.4629,-86.7904,493806,Musician,1980-07-12,33.298487,-86.3223319999999,0,35044,CUST009381,45,41-60,Standard,6061.0,1757.9,122.33,190.07,5,4,100,79,95,WEB,ATM,OTP,Yes,Yes,No,No,18,Thursday,False,0.0,0,Low Risk
2019-01-19 00:45:12,"Raynor, Feest and Miller",gas_transport,54.76,F,Randolph,MN,44.5274,-93.0196,1201,Barrister,1979-12-27,44.0332,-94.000486,0,56037,CUST004353,46,41-60,Standard,4319.0,1173.88,43.46,57.31,10,2,1191,47,48,MOBILE,POS,PIN,Yes,Yes,No,No,0,Saturday,True,0.0,0,Low Risk
2019-01-08 14:28:18,Larson-Moen,entertainment,58.64,F,Heart Butte,MT,48.2777,-112.8456,743,Water engineer,1972-05-04,48.804922,-113.281317,0,45777,CUST000237,53,41-60,Gold,15274.0,10144.58,36.75,47.27,8,3,154,9,60,ATM,Online,OTP,Yes,Yes,No,No,14,Tuesday,False,0.0,0,Low Risk
2019-01-07 12:43:55,Jaskolski-Vandervort,misc_net,7.51,F,Topeka,KS,39.1329,-95.7023,163415,Secondary school teacher,2004-12-30,39.773012,-95.548158,0,66527,CUST004714,21,18-25,Standard,6226.0,4676.71,5.96,5.96,10,4,1163,53,50,POS,Mobile,OTP,Yes,Yes,No,No,12,Monday,False,0.0,0,Low Risk
2019-01-18 12:50:12,"Schumm, McLaughlin and Carter",food_dining,69.14,F,Glen Rock,PA,39.7813,-76.7477,7565,Insurance claims handler,1952-03-08,39.81607,-75.859556,0,19390,CUST007438,73,60+,Standard,7367.5,4671.0,64.35,69.07,1,0,906,11,52,ATM,POS,Biometric,Yes,No,No,Yes,12,Friday,False,0.0,0,Low Risk
2019-01-14 15:16:48,Brown Inc,kids_pets,46.65,F,Kansas City,MO,38.9621,-94.5959,545147,Counsellor,1987-11-18,38.376619,-95.444943,0,66095,CUST006722,38,26-40,Standard,4224.0,1210.1,41.11,25.39,3,3,1379,79,30,MOBILE,POS,Biometric,Yes,Yes,No,No,15,Monday,False,0.0,0,Low Risk
2019-01-07 11:06:41,Bins-Rice,gas_transport,56.16,F,Kingsford Heights,IN,41.4802,-86.6919,1423,"Psychologist, forensic",1998-10-07,42.290395,-85.841367,0,49055,CUST002962,27,26-40,Gold,17924.0,8434.07,38.32,53.53,4,0,238,9,71,WEB,POS,PIN,Yes,Yes,No,No,11,Monday,False,0.0,0,Low Risk
2019-01-13 16:12:20,Jacobi Inc,health_fitness,132.14,M,Honokaa,HI,20.0827,-155.488,4878,Physiotherapist,1966-12-03,19.836873,-155.165234,0,96783,CUST008318,59,41-60,Gold,14378.0,6085.21,92.53,93.67,11,3,84,43,24,MOBILE,POS,PIN,Yes,Yes,No,No,16,Sunday,True,0.0,0,Low Risk
2019-01-07 16:51:38,"Brown, Homenick and Lesch",health_fitness,77.87,M,Manderson,SD,43.3526,-102.5411,1126,Volunteer coordinator,1980-08-18,42.858593,-103.185862,0,69367,CUST010552,45,41-60,Standard,4248.0,1405.41,59.31,78.2,4,4,597,53,46,MOBILE,ATM,OTP,Yes,No,No,Yes,16,Monday,False,0.01,0,Low Risk
2019-01-15 14:39:52,Botsford Ltd,shopping_pos,81.72,F,Meridian,ID,43.6498,-116.4306,84106,Intelligence analyst,1971-02-11,43.609846,-115.597639,0,45777,CUST001921,54,41-60,Standard,7985.0,2213.97,50.94,56.9,6,0,246,32,78,WEB,Mobile,PIN,Yes,Yes,No,No,14,Tuesday,False,0.0,0,Low Risk
2019-01-04 14:10:12,Runte-Mohr,food_dining,3.11,M,Arlington,VA,38.8954,-77.1633,207410,Mudlogger,1984-07-03,39.877864,-77.059142,0,17350,CUST001563,41,41-60,Standard,5671.0,2629.13,2.64,2.17,10,3,1129,74,23,MOBILE,Mobile,PIN,Yes,No,Yes,No,14,Friday,False,0.0,0,Low Risk
2019-01-15 09:04:23,"Rutherford, Homenick and Bergstrom",grocery_net,16.95,F,Kingsford Heights,IN,41.4802,-86.6919,1423,"Psychologist, forensic",1998-10-07,41.855479,-85.749771,0,49061,CUST001942,27,26-40,Gold,17851.0,14036.88,11.1,10.4,10,0,1343,87,42,MOBILE,Mobile,OTP,Yes,No,No,No,9,Tuesday,False,0.0,0,Low Risk
2019-01-17 03:07:47,Schmitt Ltd,misc_net,2.2,F,Goodrich,MI,42.9147,-83.4845,6951,Learning disability nurse,1985-06-18,41.985752,-84.146858,0,49265,CUST006800,40,26-40,Standard,5160.0,4538.06,1.47,1.91,6,3,728,56,24,WEB,Online,OTP,Yes,Yes,No,No,3,Thursday,False,0.01,0,Low Risk
2019-01-10 04:49:46,Herzog Ltd,misc_pos,60.67,F,Westerville,NE,41.4193,-99.3844,73,Product designer,1935-02-10,40.904729,-99.159586,0,68866,CUST008477,90,60+,Standard,5421.0,4482.125,42.04,49.32,6,2,720,67,2,ATM,Online,PIN,Yes,Yes,No,No,4,Thursday,False,0.0,0,Low Risk
2019-01-07 14:53:30,"Gutmann, McLaughlin and Wiza",home,101.69,F,Battle Creek,IA,42.3327,-95.6045,1075,"Teacher, early years/pre",1997-01-02,43.304159,-95.014449,0,51364,CUST006473,28,26-40,Platinum,52840.0,47315.09,90.48,96.71,6,2,865,6,65,WEB,ATM,OTP,Yes,Yes,No,No,14,Monday,False,0.0,0,Low Risk
2019-01-17 12:48:22,"Zboncak, Rowe and Murazik",shopping_net,4.25,F,Clayton,OK,34.5906,-95.38,1760,Occupational psychologist,1972-01-20,33.660703,-94.968797,0,75426,CUST007735,53,41-60,Gold,14257.0,3101.48,3.48,5.01,10,3,861,97,28,MOBILE,Mobile,PIN,Yes,Yes,No,Yes,12,Thursday,False,0.0,0,Low Risk
2019-01-07 17:15:06,"Larson, Quitzon and Spencer",travel,2.41,F,North Washington,PA,41.0472,-79.8089,139,Patent attorney,1954-05-25,41.846355,-79.204155,0,16365,CUST010701,71,60+,Standard,7448.0,3466.11,1.57,2.08,11,3,404,9,55,POS,ATM,OTP,No,No,No,No,17,Monday,False,0.0,0,Low Risk
2019-01-11 23:36:28,Mohr-Bayer,shopping_net,37.11,F,Morrisdale,PA,41.0001,-78.2357,3688,Dispensing optician,1987-10-26,40.244858,-78.2938569999999,0,16678,CUST001280,38,26-40,Gold,14721.0,5373.92,30.75,30.77,5,3,662,18,71,WEB,ATM,OTP,No,Yes,No,Yes,23,Friday,False,0.0,0,Low Risk
2019-01-04 08:03:34,McGlynn-Jaskolski,misc_pos,1.03,F,Cisco,IL,39.9972,-88.6962,478,Landscape architect,1960-01-13,40.373556,-89.331673,0,61721,CUST008208,65,60+,Standard,7603.0,3826.53,0.92,0.96,8,0,759,40,64,ATM,Online,PIN,Yes,No,No,Yes,8,Friday,False,0.0,0,Low Risk
2019-01-02 15:20:36,O'Keefe-Hudson,grocery_pos,48.22,F,Stanchfield,MN,45.6675,-93.2433,2607,"Lecturer, further education",1995-12-04,44.968709,-93.917612,0,55388,CUST002721,30,26-40,Standard,5046.0,3524.78,29.66,37.3,11,3,155,38,65,WEB,Online,OTP,Yes,Yes,No,No,15,Wednesday,False,0.0,0,Low Risk
2019-01-15 18:40:10,Cartwright PLC,kids_pets,37.92,F,Eugene,OR,44.0385,-123.0614,191096,"Scientist, physiological",1964-04-06,44.593628,-123.217303,0,97330,CUST007571,61,60+,Gold,16728.0,8864.81,31.15,19.7,3,3,317,63,31,POS,POS,Biometric,Yes,Yes,No,No,18,Tuesday,False,0.0,0,Low Risk
2019-01-17 22:43:34,"Mueller, Gerhold and Mueller",health_fitness,8.2,F,Baton Rouge,LA,30.4066,-91.1468,378909,"Designer, furniture",1977-02-22,29.587446,-90.502912,0,70374,CUST001995,48,41-60,Gold,15166.0,12888.73,6.32,8.28,5,0,837,33,91,WEB,Online,Biometric,Yes,Yes,No,No,22,Thursday,False,0.0,0,Low Risk
2019-01-08 21:24:25,Feil-Morar,health_fitness,136.31,F,Hahira,GA,30.9416,-83.3574,10295,"Teacher, special educational needs",1997-12-26,30.991003,-83.805544,0,31738,CUST010094,28,26-40,Standard,7784.0,3187.32,106.65,125.81,2,3,266,57,77,POS,POS,Biometric,Yes,Yes,Yes,No,21,Tuesday,False,0.0,0,Low Risk
2019-01-15 15:03:44,"Willms, Kris and Bergnaum",shopping_pos,144.05,M,Lahoma,OK,36.385,-98.0727,1078,Podiatrist,1989-10-06,36.310489,-97.928999,0,73705,CUST003514,36,26-40,Standard,5963.0,2583.14,101.41,111.87,3,2,770,10,51,ATM,Online,Biometric,Yes,Yes,No,No,15,Tuesday,False,0.01,0,Low Risk
2019-01-13 20:09:42,Daugherty-Thompson,food_dining,159.39,M,Kenner,LA,29.9912,-90.2479,68211,"Engineer, petroleum",1941-04-23,29.535846,-89.640015,0,45777,CUST004274,84,60+,Standard,7184.0,6055.45,140.48,149.87,3,0,769,63,55,MOBILE,ATM,PIN,No,No,No,No,20,Sunday,True,0.01,0,Low Risk
2019-01-14 06:29:49,"Stroman, Hudson and Erdman",gas_transport,42.89,M,Haines City,FL,28.0758,-81.5929,33804,Exercise physiologist,1991-01-01,27.776056,-80.999438,0,34739,CUST000646,35,26-40,Gold,16747.0,14990.62,38.5,22.27,5,2,894,3,6,ATM,Online,PIN,No,Yes,No,No,6,Monday,False,0.0,0,Low Risk
2019-01-01 19:13:12,Bode-Rempel,kids_pets,1.96,F,Steuben,ME,44.4971,-67.9503,1131,Make,1959-05-10,44.16439,-68.82781,0,4853,CUST010927,66,60+,Standard,6335.0,2399.68,1.25,1.69,4,4,329,46,90,POS,Online,PIN,No,Yes,No,No,19,Tuesday,False,0.0,0,Low Risk
2019-01-01 18:18:51,Bernhard-Lesch,food_dining,44.46,M,Claremont,CA,34.1092,-117.7183,35705,Wellsite geologist,1956-05-15,33.172693,-117.447305,0,92054,CUST007582,69,60+,Standard,7290.0,4597.8,36.34,36.63,1,3,49,35,64,POS,POS,PIN,Yes,No,No,No,18,Tuesday,False,0.0,0,Low Risk
2019-01-10 22:04:58,Ruecker-Mayert,kids_pets,10.96,F,Smith River,CA,41.9404,-124.1587,1930,Web designer,1983-06-13,42.781266,-123.588661,0,97442,CUST010457,42,41-60,Gold,17811.0,9491.74,7.66,12.13,1,0,1107,29,65,POS,Mobile,OTP,Yes,Yes,No,No,22,Thursday,False,0.01,0,Low Risk
2019-01-11 23:04:28,"Romaguera, Cruickshank and Greenholt",shopping_net,13.67,F,Bellmore,NY,40.6729,-73.5365,34496,"Librarian, public",1970-10-21,40.460741,-74.382075,0,8882,CUST000092,55,41-60,Gold,15987.0,13748.64,8.38,12.56,7,2,1429,19,36,WEB,Online,Biometric,Yes,Yes,No,Yes,23,Friday,False,0.01,0,Low Risk
2019-01-12 13:29:20,"Hahn, Bahringer and McLaughlin",personal_care,19.42,F,Bellmore,NY,40.6729,-73.5365,34496,"Librarian, public",1970-10-21,40.818457,-73.072103,0,11742,CUST008067,55,41-60,Standard,6669.0,2886.67,11.86,12.97,8,3,811,61,34,ATM,Mobile,Biometric,Yes,No,No,No,13,Saturday,True,0.0,0,Low Risk
2019-01-12 09:06:56,"Connelly, Reichert and Fritsch",gas_transport,60.35,M,Belgrade,MT,45.7801,-111.1439,18182,"Engineer, drilling",1975-06-29,46.197577,-110.383507,0,45777,CUST005643,50,41-60,Gold,17049.0,9049.31,44.85,37.755,5,3,973,50,27,MOBILE,Mobile,Biometric,No,Yes,No,No,9,Saturday,True,0.0,0,Low Risk
2019-01-03 04:51:25,"Rowe, Batz and Goodwin",grocery_pos,138.96,F,Shenandoah Junction,WV,39.3716,-77.8229,1925,Systems developer,1966-02-14,39.413157,-77.783498,0,25443,CUST009276,59,41-60,Standard,7686.0,4742.09,91.29,136.46,1,4,320,81,92,ATM,POS,Biometric,No,Yes,No,Yes,4,Thursday,False,0.0,0,Low Risk
2019-01-11 15:09:02,McKenzie-Huels,food_dining,3.73,F,Brunson,SC,32.9413,-81.1807,1725,Social researcher,1974-12-05,32.70383,-80.836308,0,29945,CUST006070,51,41-60,Standard,7758.0,6882.4,2.36,1.88,11,2,250,78,38,WEB,Mobile,OTP,Yes,Yes,No,No,15,Friday,False,0.0,0,Low Risk
2019-01-09 19:08:54,Gislason Group,misc_pos,6.35,M,Great Mills,MD,38.2674,-76.4954,5927,Art therapist,1973-06-09,38.485652,-77.120288,0,20693,CUST004885,52,41-60,Gold,15310.0,5719.98,36.06,3.94,2,1,1031,64,45,POS,Online,OTP,Yes,Yes,No,No,19,Wednesday,False,0.0,0,Low Risk
2019-01-04 00:13:48,Barton Inc,grocery_pos,74.06,F,Montrose,NY,41.2496,-73.9446,3487,Race relations officer,1960-01-13,42.113635,-74.232125,0,12450,CUST010071,65,60+,Standard,5766.0,2917.05,64.04,58.56,11,1,1367,2,97,ATM,ATM,PIN,Yes,Yes,No,Yes,0,Friday,False,0.0,0,Low Risk
2019-01-06 19:28:50,"Douglas, DuBuque and McKenzie",travel,3.1,M,Hatch,UT,37.7175,-112.4777,258,Geoscientist,1961-11-24,36.947685,-112.266467,0,45777,CUST000974,64,60+,Standard,4437.0,1278.45,36.06,2.81,10,0,1024,12,40,WEB,POS,OTP,Yes,No,Yes,No,19,Sunday,True,0.0,0,Low Risk
2019-01-07 05:27:01,McDermott-Rice,misc_pos,30.81,M,Elkhart,IA,41.8114,-93.4855,1195,Trading standards officer,1974-03-13,40.899828,-93.289242,0,50165,CUST006254,51,41-60,Standard,6827.0,2417.42,28.06,26.83,8,1,521,8,15,WEB,ATM,OTP,Yes,No,No,No,5,Monday,False,0.0,0,Low Risk
2019-01-07 15:10:58,Ullrich Ltd,kids_pets,178.55,F,Maysville,KY,38.6207,-83.8067,14228,Advertising account executive,1971-03-26,38.571538,-84.520926,0,41097,CUST003842,54,41-60,Standard,7669.0,4482.125,149.18,115.31,1,2,84,50,6,POS,POS,PIN,No,Yes,No,No,15,Monday,False,0.0,0,Low Risk
2019-01-11 09:05:42,Stamm-Witting,shopping_net,88.98,M,Lonetree,WY,41.0552,-110.1603,49,Research scientist (physical sciences),1981-07-05,40.835934,-109.338616,0,45777,CUST001030,44,41-60,Standard,7324.0,2905.13,65.96,75.52,2,4,1278,79,35,MOBILE,ATM,Biometric,Yes,Yes,Yes,No,9,Friday,False,0.0,0,Low Risk
2019-01-06 23:02:02,Dare-Gibson,health_fitness,16.98,M,Curlew,IA,42.9633,-94.7975,223,Estate manager/land agent,1939-04-14,43.937044,-95.385661,0,56174,CUST008864,86,60+,Standard,7540.0,5447.91,12.02,15.73,3,4,971,96,44,ATM,POS,Biometric,Yes,Yes,No,Yes,23,Sunday,True,0.0,0,Low Risk
2019-01-13 13:33:51,"Pouros, Walker and Spencer",kids_pets,22.01,M,Lima,OH,40.7641,-84.0973,86954,"Copywriter, advertising",1992-07-23,40.808893,-84.325397,0,45833,CUST006928,33,26-40,Gold,17823.0,12264.09,18.85,11.41,7,0,302,96,8,MOBILE,ATM,PIN,Yes,Yes,No,No,13,Sunday,True,0.0,0,Low Risk
2019-01-13 05:38:30,"Eichmann, Bogan and Rodriguez",gas_transport,88.02,M,Arvada,CO,39.8422,-105.1097,122111,Hotel manager,1987-05-23,39.772981,-105.959912,0,45777,CUST010460,38,26-40,Standard,5630.0,3133.08,61.96,89.97,6,4,1024,77,57,ATM,Mobile,PIN,Yes,No,No,No,5,Sunday,True,0.0,0,Low Risk
2019-01-06 13:38:45,Predovic Inc,shopping_net,8.92,F,Lebanon,VA,36.8809,-82.0956,9521,"Teacher, English as a foreign language",1977-10-19,37.193329,-82.363636,0,24256,CUST010440,48,41-60,Standard,6021.0,4290.93,6.47,9.51,2,3,403,75,69,MOBILE,Mobile,PIN,Yes,Yes,No,No,13,Sunday,True,0.0,0,Low Risk
2019-01-15 11:42:21,"Johnston, Nikolaus and Maggio",grocery_net,32.36,M,Manley,NE,40.9207,-96.168,206,Human resources officer,1967-10-04,41.015418,-96.997002,0,68314,CUST006404,58,41-60,Standard,7367.5,3294.99,26.62,31.69,7,4,1363,80,64,MOBILE,Online,Biometric,Yes,Yes,No,No,11,Tuesday,False,0.0,0,Low Risk
2019-01-12 12:22:35,"Hoppe, Harris and Bednar",entertainment,7.18,M,Crownpoint,NM,35.7206,-108.0271,5662,IT consultant,1989-04-08,34.970407,-107.350115,0,87026,CUST006493,36,26-40,Gold,15805.0,3910.57,4.83,7.42,11,2,171,15,91,POS,ATM,OTP,Yes,Yes,No,No,12,Saturday,True,0.0,0,Low Risk
2019-01-18 04:29:14,Ledner-Pfannerstill,gas_transport,66.78,M,Mesa,ID,44.6255,-116.4493,129,Cartographer,1965-12-15,43.628311,-115.888331,0,83716,CUST009947,60,41-60,Standard,6307.0,3494.24,53.7,37.7,3,3,1200,31,29,MOBILE,Online,Biometric,Yes,Yes,No,Yes,4,Friday,False,0.0,0,Low Risk
2019-01-18 06:54:31,"Lockman, West and Runte",grocery_pos,129.29,M,Summerfield,TX,34.7437,-102.5064,53,Fisheries officer,1992-06-19,34.181503,-102.644145,0,79347,CUST002787,33,26-40,Standard,4425.0,1964.5,110.94,94.24,8,3,553,43,85,WEB,POS,OTP,Yes,Yes,No,No,6,Friday,False,0.0,0,Low Risk
2019-01-08 03:50:34,Luettgen PLC,gas_transport,55.84,F,Delhi,LA,32.3929,-91.4714,6581,Multimedia programmer,1964-02-13,32.581955,-90.528386,0,39162,CUST009873,61,60+,Platinum,49637.0,18398.17,46.35,52.76,7,4,1398,46,33,POS,ATM,PIN,Yes,Yes,No,No,3,Tuesday,False,0.0,0,Low Risk
2019-01-15 07:48:27,Schmidt and Sons,shopping_net,2.45,M,Sontag,MS,31.6453,-90.1801,1196,"Librarian, academic",1958-06-11,31.536745,-90.222558,0,39654,CUST009356,67,60+,Gold,17248.0,8030.54,1.53,1.72,9,3,279,72,66,POS,Mobile,Biometric,Yes,Yes,No,No,7,Tuesday,False,0.0,0,Low Risk
2019-01-06 07:20:08,"Hayes, Marquardt and Dibbert",misc_net,1.33,F,Brownville,NY,44.0577,-76.0196,1271,"Producer, radio",1958-08-14,44.667632,-76.309813,0,45777,CUST001406,67,60+,Gold,16616.0,7567.22,1.12,1.11,9,3,376,55,84,POS,ATM,OTP,Yes,No,No,No,7,Sunday,True,0.0,0,Low Risk
2019-01-07 17:46:05,Barton LLC,kids_pets,276.71,F,Brooklyn,NY,40.6816,-73.9798,2504700,Medical sales representative,1999-09-01,40.402645,-74.193335,0,7730,CUST001147,26,26-40,Standard,5651.0,2646.2,238.15,268.89,5,4,1415,43,72,MOBILE,POS,PIN,Yes,No,No,No,17,Monday,False,0.04,0,Low Risk
2019-01-12 00:03:58,"Watsica, Haag and Considine",shopping_pos,148.69,M,Graniteville,VT,44.1554,-72.4847,970,Agricultural consultant,1993-09-29,44.812665,-72.591909,0,5471,CUST004572,32,26-40,Platinum,49627.0,15428.92,112.4,156.09,5,0,440,2,66,WEB,Online,OTP,No,No,No,Yes,0,Saturday,True,0.03,0,Low Risk
2019-01-18 12:10:11,Dare-Gibson,health_fitness,136.6,M,Afton,MI,45.3637,-84.4695,937,Technical brewer,1958-04-06,46.094448,-84.433707,0,49745,CUST008368,67,60+,Gold,17118.0,12356.73,91.55,100.24,11,2,462,17,51,ATM,Mobile,OTP,Yes,No,No,No,12,Friday,False,0.0,0,Low Risk
2019-01-01 09:52:36,Turner and Sons,shopping_pos,2.02,M,Ozawkie,KS,39.2136,-95.4404,2661,Theatre director,1948-11-14,39.449815,-95.156263,0,66016,CUST008623,77,60+,Standard,7861.0,4283.87,1.4,1.83,2,2,703,24,92,MOBILE,Online,Biometric,Yes,Yes,No,No,9,Tuesday,False,0.0,0,Low Risk
2019-01-15 20:56:47,Rau-Robel,kids_pets,1.88,F,Thompson,UT,38.9999,-109.615,46,"Surveyor, minerals",1987-04-23,38.836705,-109.341248,0,45777,CUST005688,38,26-40,Standard,7462.0,3384.11,1.4,1.55,7,0,892,41,27,MOBILE,POS,Biometric,Yes,Yes,No,No,20,Tuesday,False,0.0,0,Low Risk
2019-01-12 14:46:33,Heller PLC,health_fitness,16.8,F,Altair,TX,29.6047,-96.5249,106,"Editor, film/video",1983-07-24,30.226965,-96.01079,0,45777,CUST005678,42,41-60,Gold,17430.0,14967.27,13.08,14.57,8,3,689,53,50,POS,Mobile,OTP,No,Yes,No,No,14,Saturday,True,0.0,0,Low Risk
2019-01-14 06:17:39,"Reilly, Heaney and Cole",gas_transport,58.24,M,Coffeeville,MS,33.9215,-89.6782,3451,Financial trader,1984-05-19,34.226762,-89.583216,0,38673,CUST003150,41,41-60,Gold,15810.0,6381.02,39.89,53.21,3,3,619,62,96,MOBILE,Online,OTP,No,Yes,No,Yes,6,Monday,False,0.0,0,Low Risk
2019-01-06 09:05:20,Bins-Rice,gas_transport,54.17,M,Big Indian,NY,42.074,-74.453,397,Psychiatrist,1931-09-12,41.903898,-74.532522,0,12740,CUST007495,94,60+,Gold,14280.0,9605.38,36.06,36.0,8,2,419,18,77,ATM,POS,OTP,Yes,Yes,Yes,No,9,Sunday,True,0.0,0,Low Risk
2019-01-08 21:18:25,Nienow PLC,entertainment,61.76,M,West Eaton,NY,42.8546,-75.6605,176,Science writer,1963-12-28,43.071947,-76.368496,0,13112,CUST002036,62,60+,Platinum,49032.0,17008.79,41.95,67.6,1,4,420,91,18,WEB,Mobile,PIN,Yes,No,No,No,21,Tuesday,False,0.0,0,Low Risk
2019-01-13 13:03:04,Schumm PLC,health_fitness,109.32,M,Sachse,TX,32.9643,-96.6012,20328,Site engineer,1985-06-20,32.443947,-96.284049,0,75143,CUST001036,40,26-40,Standard,5939.0,1613.42,102.62,54.91,6,0,739,5,91,MOBILE,Mobile,OTP,Yes,Yes,No,No,13,Sunday,True,0.0,0,Low Risk
2019-01-14 19:16:22,Reichel LLC,personal_care,13.58,M,Lake Jackson,TX,29.0393,-95.4401,28739,Futures trader,1999-12-27,29.796758,-95.035802,0,77562,CUST003095,26,26-40,Standard,7744.0,5609.08,10.09,15.38,5,4,947,43,87,MOBILE,POS,PIN,Yes,Yes,No,No,19,Monday,False,0.0,0,Low Risk
2019-01-13 01:31:07,Gleason-Macejkovic,shopping_net,1060.34,F,Mobile,AL,30.7145,-88.0918,270712,"Surveyor, land/geomatics",1972-01-05,31.602312,-88.685518,1,39367,CUST008645,53,41-60,Standard,4933.0,996.09,903.74,1133.85,4,2,919,73,40,WEB,Online,Biometric,Yes,Yes,No,No,1,Sunday,True,0.1,0,Low Risk
2019-01-13 21:10:28,Terry-Huel,shopping_net,994.92,F,San Jose,CA,37.3304,-121.7913,973849,Science writer,1955-06-12,38.075623,-122.14827,1,94510,CUST000935,70,60+,Standard,6695.0,3664.94,772.59,1056.24,2,3,1175,85,15,ATM,Online,Biometric,Yes,No,No,No,21,Sunday,True,0.22,0,Low Risk
2019-01-04 06:22:04,Goodwin-Nitzsche,grocery_pos,193.11,F,Sun City,CA,33.7467,-117.1721,54287,"Designer, exhibition/display",1972-09-22,33.143145,-116.701069,0,92070,CUST005479,53,41-60,Standard,6966.0,1936.68,181.49,154.27,4,3,1231,40,5,MOBILE,ATM,OTP,Yes,No,No,No,6,Friday,False,0.0,0,Low Risk
2019-01-08 22:25:43,Upton PLC,entertainment,21.83,M,Jefferson,NY,42.4999,-74.6117,1666,Diagnostic radiographer,1968-07-01,42.751798,-73.966482,0,12303,CUST003234,57,41-60,Standard,5110.0,2953.13,17.38,21.36,2,3,697,65,6,ATM,Mobile,Biometric,Yes,Yes,No,No,22,Tuesday,False,0.0,0,Low Risk
2019-01-14 09:26:21,Smith-Stokes,misc_pos,9.37,F,Bailey,NC,35.8072,-78.0892,6629,Call centre manager,1962-08-13,36.078061,-78.198975,0,27549,CUST010817,63,60+,Gold,14905.0,6133.19,6.66,5.44,8,1,596,38,14,ATM,ATM,PIN,Yes,No,No,No,9,Monday,False,0.01,0,Low Risk
2019-01-07 02:50:01,"Goyette, Howell and Collier",shopping_pos,107.42,F,Montrose,NY,41.2496,-73.9446,3487,Race relations officer,1960-01-13,40.505605,-73.076994,0,45777,CUST004513,65,60+,Standard,5269.0,2387.77,100.6,123.1,1,4,353,92,51,WEB,Mobile,PIN,Yes,Yes,No,No,2,Monday,False,0.0,0,Low Risk
2019-01-18 18:20:20,Collier LLC,home,26.39,M,Detroit,MI,42.377,-83.0796,673342,Broadcast presenter,1969-11-20,42.736799,-82.361829,0,48039,CUST002464,56,41-60,Gold,14316.0,3202.38,22.18,17.05,7,0,193,50,17,MOBILE,ATM,PIN,Yes,Yes,No,Yes,18,Friday,False,0.0,0,Low Risk
2019-01-15 06:19:33,Kemmer-Buckridge,misc_pos,5.52,M,Mc Nabb,IL,41.173,-89.2187,532,Audiological scientist,1956-01-09,41.685732,-88.233365,0,60585,CUST004143,69,60+,Gold,15181.0,4370.98,36.06,4.8,4,1,385,60,51,POS,Online,PIN,Yes,Yes,No,No,6,Tuesday,False,0.0,0,Low Risk
2019-01-15 05:27:08,Block Group,misc_pos,4.66,M,Prairie Creek,IN,39.4336,-87.4101,137,Materials engineer,1967-03-12,39.738921,-86.726805,0,46105,CUST002086,58,41-60,Standard,5217.0,3337.99,4.01,4.45,4,2,1412,83,33,ATM,POS,Biometric,Yes,Yes,No,No,5,Tuesday,False,0.0,0,Low Risk
2019-01-07 07:52:32,Kutch LLC,gas_transport,79.43,F,Hooper,NE,41.6414,-96.5232,1745,"Engineer, automotive",1973-12-26,40.737658,-96.981499,0,68405,CUST001187,52,41-60,Platinum,52916.0,15481.73,59.88,94.71,6,1,435,40,40,MOBILE,ATM,OTP,Yes,Yes,No,No,7,Monday,False,0.0,0,Low Risk
2019-01-10 19:06:50,Jewess LLC,shopping_pos,6.54,F,Bristol,PA,40.1159,-74.8536,21125,"Administrator, charities/voluntary organisations",1985-05-25,40.870886,-73.944403,0,7632,CUST006734,40,26-40,Standard,7453.0,3439.34,6.19,6.39,9,3,604,94,81,ATM,Online,Biometric,Yes,Yes,No,Yes,19,Thursday,False,0.0,0,Low Risk
2019-01-03 17:07:10,Renner Ltd,home,51.19,M,Seneca,WI,43.2064,-90.9405,153,Quantity surveyor,1962-02-14,44.138788,-90.846524,0,54642,CUST004015,63,60+,Standard,5110.0,4482.125,41.41,54.37,4,3,639,70,93,WEB,Mobile,Biometric,Yes,Yes,No,Yes,17,Thursday,False,0.0,0,Low Risk
2019-01-06 00:56:21,McGlynn-Heathcote,misc_net,69.76,F,Port Gibson,NY,43.033,-77.1575,207,Database administrator,1962-09-27,42.950823,-76.5348449999999,0,13021,CUST005735,63,60+,Gold,15832.0,13250.37,43.02,64.04,5,3,732,52,5,MOBILE,POS,Biometric,Yes,Yes,No,No,0,Sunday,True,0.0,0,Low Risk
2019-01-03 07:53:05,"Lehner, Mosciski and King",misc_net,5.24,F,East Canaan,CT,42.0158,-73.2913,647,Comptroller,1987-09-26,41.042313,-72.985513,0,11789,CUST000277,38,26-40,Gold,15497.0,6822.82,4.01,4.07,1,0,912,74,94,ATM,ATM,OTP,Yes,No,No,Yes,7,Thursday,False,0.0,0,Low Risk
2019-01-13 00:49:50,Barton Inc,grocery_pos,99.47,M,West Hartford,VT,43.7185,-72.4439,140,"Development worker, community",1989-10-28,43.243378,-72.777069,0,5148,CUST001834,36,26-40,Gold,14451.0,3339.76,63.8,75.74,5,4,976,86,37,ATM,POS,Biometric,Yes,No,No,No,0,Sunday,True,0.0,0,Low Risk
2019-01-02 22:23:45,Dibbert-Green,entertainment,14.04,M,Elizabethtown,KY,37.6848,-85.8784,48194,Surgeon,1990-05-03,36.844532,-86.707077,0,42206,CUST010199,35,26-40,Gold,14188.0,7072.46,9.9,10.92,4,2,1161,42,98,ATM,ATM,PIN,Yes,Yes,No,No,22,Wednesday,False,0.02,0,Low Risk
2019-01-14 18:09:28,"Windler, Goodwin and Kovacek",home,19.04,M,Malad City,ID,42.1808,-112.262,4154,Nature conservation officer,1962-01-19,42.080213,-113.231559,0,45777,CUST009506,63,60+,Standard,7386.0,5655.69,16.55,21.12,9,1,1273,64,77,POS,Online,PIN,Yes,Yes,No,No,18,Monday,False,0.0,0,Low Risk
2019-01-01 20:49:03,Lemke and Sons,travel,542.74,M,Orr,MN,48.1439,-92.8561,1680,Horticultural therapist,1976-12-10,47.181852,-93.397874,0,55744,CUST003660,49,41-60,Standard,5330.0,3925.89,36.06,487.29,4,0,1132,89,72,WEB,ATM,PIN,Yes,Yes,No,No,20,Tuesday,False,0.03,0,Low Risk
2019-01-06 23:11:00,"O'Connell, Botsford and Hand",home,58.89,F,Brownville,NY,44.0577,-76.0196,1271,"Producer, radio",1958-08-14,45.017428,-75.430206,0,45777,CUST003826,67,60+,Standard,7938.0,2338.2,54.04,37.28,10,1,72,4,45,POS,POS,PIN,Yes,No,No,No,23,Sunday,True,0.0,0,Low Risk
2019-01-03 15:43:50,Conroy-Emard,food_dining,64.56,M,Helm,CA,36.4992,-120.0936,123,Early years teacher,1973-02-07,36.058157,-119.748728,0,93266,CUST003718,52,41-60,Platinum,49466.0,30474.14,60.22,65.91,4,0,201,34,93,ATM,ATM,Biometric,Yes,Yes,Yes,No,15,Thursday,False,0.0,0,Low Risk
2019-01-14 21:50:52,"Bahringer, Osinski and Block",food_dining,9.16,F,Phoenix,AZ,33.8155,-112.1202,1312922,Counselling psychologist,1999-11-30,34.526803,-112.592134,0,45777,CUST005528,26,26-40,Gold,15314.0,12306.48,6.56,10.46,6,2,188,77,50,POS,Online,PIN,Yes,Yes,No,No,21,Monday,False,0.0,0,Low Risk
2019-01-12 23:54:44,Gulgowski LLC,home,66.62,F,Ronceverte,WV,37.7418,-80.4626,4575,Statistician,1991-10-22,38.65482,-80.535379,0,26627,CUST006373,34,26-40,Gold,14426.0,7065.34,45.04,45.7,11,0,907,10,25,WEB,Online,Biometric,Yes,Yes,No,No,23,Saturday,True,0.0,0,Low Risk
2019-01-06 14:48:28,Kutch-Ferry,home,35.23,M,Belgrade,MT,45.7801,-111.1439,18182,"Engineer, drilling",1975-06-29,45.366924,-110.506357,0,45777,CUST007878,50,41-60,Gold,15510.0,10507.39,28.13,32.34,10,0,491,90,67,POS,Online,OTP,Yes,Yes,No,No,14,Sunday,True,0.0,0,Low Risk
2019-01-16 13:55:01,"Turcotte, Batz and Buckridge",health_fitness,34.51,F,Hinckley,OH,41.2419,-81.7453,7646,Medical sales representative,1988-09-15,40.541443,-81.595128,0,44624,CUST001860,37,26-40,Gold,15263.0,13643.6,21.16,33.14,9,2,1230,47,48,POS,ATM,PIN,Yes,Yes,No,No,13,Wednesday,False,0.0,0,Low Risk
2019-01-09 19:34:51,Schroeder Group,health_fitness,3.19,M,Lolita,TX,28.7724,-96.4793,911,Archaeologist,1970-01-18,27.918458,-97.432171,0,78390,CUST009361,55,41-60,Standard,4740.0,1054.69,2.25,37.755,1,3,965,46,88,POS,ATM,OTP,Yes,Yes,No,No,19,Wednesday,False,0.0,0,Low Risk
2019-01-15 08:18:45,Corwin-Collins,gas_transport,54.79,F,Hannawa Falls,NY,44.6087,-74.9732,69,Chief Executive Officer,1991-06-05,44.565434,-75.757954,0,13614,CUST002598,34,26-40,Standard,4162.0,2960.06,51.15,42.62,4,3,810,52,97,ATM,ATM,PIN,Yes,No,No,No,8,Tuesday,False,0.0,0,Low Risk
2019-01-06 11:44:41,"Schuppe, Nolan and Hoeger",shopping_pos,123.95,M,Zaleski,OH,39.283,-82.3977,341,Accounting technician,1978-12-18,39.926191,-82.368352,0,43076,CUST004894,47,41-60,Standard,6728.0,4628.61,97.86,76.8,1,0,927,47,8,WEB,Online,PIN,Yes,Yes,No,No,11,Sunday,True,0.0,0,Low Risk
2019-01-19 03:12:42,Vandervort-Funk,grocery_pos,95.75,M,Schaumburg,IL,42.0144,-88.0935,92294,Claims inspector/assessor,1969-05-01,42.632485,-89.022769,0,53545,CUST003879,56,41-60,Standard,6717.0,4218.81,70.45,101.13,3,3,591,82,92,ATM,ATM,OTP,Yes,Yes,No,No,3,Saturday,True,0.0,0,Low Risk
2019-01-13 03:46:17,"Daugherty, Pouros and Beahan",shopping_pos,8.39,F,Louisville,KY,38.2507,-85.7476,736284,Engineering geologist,1952-04-02,38.83221,-86.402954,0,47421,CUST009730,73,60+,Gold,16563.0,5942.03,6.59,8.83,10,3,11,16,5,POS,Mobile,PIN,Yes,No,No,No,3,Sunday,True,0.01,0,Low Risk
2019-01-14 16:06:02,Hoppe-Parisian,kids_pets,50.18,M,Smock,PA,39.9961,-79.7678,1946,Charity fundraiser,1990-06-21,40.311364,-79.409195,0,15650,CUST009981,35,26-40,Standard,7297.0,5391.06,41.81,37.755,3,2,1355,66,49,ATM,ATM,PIN,Yes,No,No,No,16,Monday,False,0.0,0,Low Risk
2019-01-15 00:24:36,Donnelly PLC,misc_net,70.54,F,Diamond,OH,41.0935,-81.0425,2644,"Engineer, biomedical",1983-08-25,40.173435,-80.281061,0,15301,CUST008479,42,41-60,Platinum,50861.0,38041.51,63.15,67.68,7,4,703,89,47,POS,Online,PIN,Yes,No,Yes,Yes,0,Tuesday,False,0.0,0,Low Risk
2019-01-07 08:34:12,Volkman-Predovic,shopping_net,448.9,F,Altona,NY,44.8816,-73.6408,2148,"Surveyor, land/geomatics",1953-05-23,45.02917,-74.387586,0,12937,CUST001741,72,60+,Standard,5249.0,4199.47,411.24,37.755,8,4,754,17,66,WEB,POS,OTP,Yes,Yes,No,Yes,8,Monday,False,0.03,0,Low Risk
2019-01-14 19:51:45,"Zemlak, Tillman and Cremin",personal_care,14.63,M,Hatch,UT,37.7175,-112.4777,258,Geoscientist,1961-11-24,38.178582,-111.767136,0,45777,CUST004974,64,60+,Gold,14285.0,9550.72,9.39,12.23,10,3,569,86,100,POS,Online,Biometric,Yes,Yes,No,No,19,Monday,False,0.0,0,Low Risk
2019-01-03 21:45:24,"Brown, Homenick and Lesch",health_fitness,89.95,F,Winger,MN,47.5375,-95.9941,516,Applications developer,1966-06-07,47.773717,-96.345276,0,56750,CUST007484,59,41-60,Gold,14658.0,11638.64,82.18,82.4,8,3,100,55,37,MOBILE,ATM,Biometric,Yes,Yes,No,No,21,Thursday,False,0.0,0,Low Risk
2019-01-08 00:28:35,Parisian and Sons,gas_transport,37.9,M,Fairview,NJ,40.817,-74.0,13835,"Programmer, multimedia",1967-05-28,41.216733,-74.126908,0,10975,CUST002762,58,41-60,Standard,5732.0,4948.78,34.0,44.74,9,3,265,41,21,POS,Online,PIN,Yes,No,No,No,0,Tuesday,False,0.01,0,Low Risk
2019-01-09 23:50:57,Beier-Hyatt,shopping_pos,5.44,F,Marathon,TX,30.1886,-103.2214,498,Lexicographer,1990-11-23,30.720218,-104.183,0,45777,CUST006729,35,26-40,Gold,16212.0,11880.17,5.07,4.11,6,0,1347,70,9,ATM,POS,PIN,Yes,Yes,No,Yes,23,Wednesday,False,0.01,0,Low Risk
2019-01-04 14:35:37,Gottlieb Group,kids_pets,29.58,M,Marion,CT,41.7918,-72.7188,370,Health service manager,1962-02-13,42.257017,-72.560803,0,1075,CUST006245,63,60+,Standard,6612.0,3110.01,24.3,28.82,9,0,202,50,27,POS,POS,Biometric,Yes,Yes,No,No,14,Friday,False,0.0,0,Low Risk
2019-01-15 04:55:00,Cummerata-Hilpert,entertainment,8.55,M,Lakeland,FL,27.9611,-81.9398,237282,"Radiographer, therapeutic",1961-09-28,26.990031,-82.078032,0,33952,CUST005268,64,60+,Standard,6124.0,1315.22,5.68,6.21,1,0,1384,16,22,ATM,POS,PIN,Yes,Yes,No,No,4,Tuesday,False,0.0,0,Low Risk
2019-01-04 23:46:19,"Streich, Rolfson and Wilderman",kids_pets,54.14,F,Oolitic,IN,38.8938,-86.5246,1228,Counsellor,1991-03-13,39.687539,-87.426681,0,47842,CUST009632,34,26-40,Standard,6885.0,1705.31,36.57,51.76,5,3,930,96,68,MOBILE,Online,PIN,No,No,No,No,23,Friday,False,0.0,0,Low Risk
2019-01-17 10:39:39,"Baumbach, Hodkiewicz and Walsh",shopping_pos,6.68,M,West Decatur,PA,40.9493,-78.3129,1762,Armed forces logistics/support/administrative officer,1962-05-04,41.931868,-77.903253,0,16923,CUST010020,63,60+,Gold,17518.0,15699.46,4.83,5.79,9,0,865,5,70,MOBILE,ATM,Biometric,Yes,No,Yes,No,10,Thursday,False,0.0,0,Low Risk
2019-01-17 23:18:35,"Hahn, Douglas and Schowalter",travel,5.95,F,Skytop,PA,41.2336,-75.2389,104,Financial trader,1927-08-25,40.408907,-75.714573,0,19547,CUST000283,98,60+,Standard,7714.0,4382.62,4.6,6.53,5,1,719,18,69,ATM,Mobile,PIN,Yes,No,No,No,23,Thursday,False,0.0,0,Low Risk
2019-01-17 18:28:32,"Conroy, Balistreri and Gorczany",health_fitness,34.63,M,Huntsville,AL,34.7789,-86.5438,190178,Television production assistant,1973-04-01,34.702949,-86.722817,0,35758,CUST010001,52,41-60,Standard,4284.0,1309.19,21.14,22.46,1,0,241,50,56,POS,POS,OTP,Yes,Yes,No,No,18,Thursday,False,0.0,0,Low Risk
2019-01-03 06:55:53,Rutherford-Mertz,grocery_pos,203.31,M,Chester Heights,PA,39.8839,-75.4669,348,Management consultant,1945-05-05,40.821077,-74.48719,0,7950,CUST003704,80,60+,Standard,7103.0,2658.26,172.34,226.72,7,2,1353,34,45,POS,POS,PIN,Yes,No,No,No,6,Thursday,False,0.02,0,Low Risk
2019-01-16 02:56:10,Cummings LLC,gas_transport,59.68,F,Bridgeport,NJ,39.8016,-75.3478,504,"Engineer, control and instrumentation",1980-08-17,38.95224,-74.700337,0,8260,CUST007936,45,41-60,Standard,4894.0,3321.44,56.34,56.46,10,4,1085,86,94,POS,POS,PIN,Yes,No,No,No,2,Wednesday,False,0.0,0,Low Risk
2019-01-15 21:44:09,"Streich, Rolfson and Wilderman",kids_pets,15.89,F,Mountain Park,OK,34.7032,-98.9591,540,Research scientist (life sciences),1983-10-12,35.401877,-98.680002,0,73021,CUST003348,42,41-60,Standard,7656.0,6624.79,13.99,13.89,3,1,601,55,31,MOBILE,ATM,OTP,No,Yes,No,No,21,Tuesday,False,0.0,0,Low Risk
2019-01-01 17:11:17,"Cormier, Stracke and Thiel",entertainment,71.49,M,Helm,CA,36.4992,-120.0936,123,Early years teacher,1973-02-07,36.33774,-121.002343,0,45777,CUST004482,52,41-60,Standard,7051.0,4046.72,44.95,68.22,4,4,15,83,77,WEB,Online,PIN,Yes,No,No,No,17,Tuesday,False,0.0,0,Low Risk
2019-01-14 20:48:35,Kilback and Sons,entertainment,72.27,M,Cazenovia,WI,43.4987,-90.2796,1360,Occupational hygienist,1984-11-06,42.775847,-90.969012,0,53806,CUST005729,41,41-60,Gold,14873.0,11529.49,50.06,86.27,1,0,450,19,64,POS,POS,OTP,Yes,Yes,No,No,20,Monday,False,0.0,0,Low Risk
2019-01-16 11:49:53,Koss and Sons,gas_transport,42.21,F,Dunlevy,PA,40.1151,-79.8627,427,Mining engineer,1951-02-05,39.663993,-80.127059,0,26546,CUST007325,74,60+,Gold,7367.5,12374.25,36.19,23.72,6,1,202,4,33,WEB,Online,PIN,Yes,No,No,No,11,Wednesday,False,0.0,0,Low Risk
2019-01-08 13:15:16,"Bins, Balistreri and Beatty",shopping_pos,4.52,F,Lakeport,CA,39.047,-122.9328,11256,Podiatrist,1972-10-18,39.341625,-123.465327,0,95427,CUST000300,53,41-60,Standard,7857.0,3428.43,3.07,3.16,5,3,984,81,22,POS,Online,OTP,Yes,Yes,No,No,13,Tuesday,False,0.0,0,Low Risk
2019-01-18 17:46:51,Crona and Sons,kids_pets,27.15,M,San Antonio,TX,29.5894,-98.5201,1595797,Exhibition designer,1975-12-28,28.721667,-98.995481,0,45777,CUST010374,50,41-60,Gold,17068.0,6322.03,22.66,31.59,4,3,990,63,99,POS,POS,PIN,Yes,Yes,No,No,17,Friday,False,0.0,0,Low Risk
2019-01-01 09:08:03,Stiedemann Inc,misc_pos,107.16,M,Waukesha,WI,42.9993,-88.2196,95015,"Therapist, occupational",1946-01-02,42.970071,-87.234999,0,45777,CUST008149,79,60+,Standard,7187.0,4117.2,93.93,118.37,6,3,301,82,50,MOBILE,POS,OTP,Yes,No,No,No,9,Tuesday,False,0.0,0,Low Risk
2019-01-07 18:14:06,Towne LLC,misc_pos,3.49,M,Huntsville,AL,34.7789,-86.5438,190178,Television production assistant,1973-04-01,35.756215,-85.976474,0,37190,CUST010529,52,41-60,Gold,15885.0,3791.84,3.0,3.88,8,4,234,50,18,WEB,Mobile,Biometric,Yes,No,No,No,18,Monday,False,0.0,0,Low Risk
2019-01-12 12:16:13,Gulgowski LLC,home,18.35,M,Cleveland,AL,33.9778,-86.5598,3996,Aid worker,1977-06-14,34.073346,-87.42761,0,35553,CUST001964,48,41-60,Platinum,49283.0,38027.06,12.19,18.9,4,4,251,46,82,ATM,Online,Biometric,Yes,Yes,No,No,12,Saturday,True,0.0,0,Low Risk
2019-01-14 13:54:30,"Conroy, Balistreri and Gorczany",health_fitness,22.21,M,Burbank,OK,36.6966,-96.7869,471,Sub,1941-03-30,37.273665,-96.875925,0,67156,CUST001369,84,60+,Gold,16328.0,13631.06,18.81,11.16,2,0,863,8,50,WEB,ATM,OTP,Yes,Yes,No,No,13,Monday,False,0.0,0,Low Risk
2019-01-01 10:37:58,"Gottlieb, Considine and Schultz",shopping_net,98.25,M,Christine,ND,46.5522,-96.7909,291,Television floor manager,1991-05-01,46.837233,-97.496375,0,58011,CUST010932,34,26-40,Standard,4811.0,3800.19,77.84,64.7,5,1,151,59,89,MOBILE,Mobile,Biometric,Yes,No,No,No,10,Tuesday,False,0.0,0,Low Risk
2019-01-08 22:31:50,Breitenberg-Hermiston,kids_pets,31.88,M,Zavalla,TX,31.1569,-94.3871,2836,"Designer, jewellery",1985-12-03,30.222825,-94.889292,0,45777,CUST009369,40,26-40,Standard,4743.0,2419.62,27.89,26.97,3,1,210,92,34,ATM,POS,Biometric,Yes,Yes,No,No,22,Tuesday,False,0.0,0,Low Risk
2019-01-05 02:37:24,Strosin-Cruickshank,grocery_pos,81.82,F,Jelm,WY,41.0539,-106.0763,100,Public librarian,1974-04-16,41.771897,-106.388392,0,45777,CUST006351,51,41-60,Standard,6456.0,3396.36,59.23,74.81,10,3,32,77,95,WEB,ATM,Biometric,Yes,No,Yes,Yes,2,Saturday,True,0.0,0,Low Risk
2019-01-14 16:25:23,Barrows PLC,shopping_pos,7.9,F,Phoenix,AZ,33.5623,-112.0559,1312922,Contractor,1981-10-24,33.846837,-111.546517,0,85264,CUST006689,44,41-60,Standard,4535.0,999.7,6.42,8.94,4,1,1046,10,33,MOBILE,Online,Biometric,No,Yes,No,No,16,Monday,False,0.0,0,Low Risk
2019-01-13 00:13:30,"Streich, Hansen and Veum",gas_transport,51.6,F,Thomas,OK,35.7382,-98.7388,1675,Barrister,1986-05-01,35.898781,-99.537482,0,45777,CUST000739,39,26-40,Gold,16440.0,3366.13,45.02,54.5,1,4,314,80,37,ATM,Mobile,OTP,Yes,No,No,No,0,Sunday,True,0.03,0,Low Risk
2019-01-12 21:17:52,Tromp Group,travel,1.23,F,Falls City,TX,28.9814,-98.0156,2435,"Engineer, mining",1967-04-09,29.85417,-97.063714,0,78949,CUST005206,58,41-60,Standard,6485.0,1748.25,0.82,1.36,11,0,345,86,54,WEB,Mobile,Biometric,Yes,Yes,No,No,21,Saturday,True,0.0,0,Low Risk
2019-01-05 12:09:05,Predovic Inc,shopping_net,7.32,F,De Soto,KS,38.9462,-94.9714,5760,Chief Executive Officer,1978-10-01,38.947118,-94.586149,0,64131,CUST007297,47,41-60,Gold,16665.0,11845.07,5.54,37.755,1,4,958,44,14,MOBILE,Online,Biometric,Yes,Yes,No,No,12,Saturday,True,0.01,0,Low Risk
2019-01-18 00:14:12,"Mosciski, Gislason and Mertz",grocery_pos,74.16,M,Auburn,ME,44.0948,-70.2389999999999,23045,Tourist information centre manager,1958-09-02,43.748146,-69.783433,0,4548,CUST000017,67,60+,Standard,7223.0,1791.5,68.25,47.96,11,3,245,37,31,MOBILE,ATM,PIN,Yes,Yes,Yes,No,0,Friday,False,0.0,0,Low Risk
2019-01-04 15:48:45,"Bins, Balistreri and Beatty",shopping_pos,1015.8,F,Manor,PA,40.3359,-79.6607,1472,Public affairs consultant,1941-03-07,40.306614,-79.961163,1,15129,CUST008396,84,60+,Gold,15645.0,4091.98,933.61,798.28,9,1,1269,16,66,WEB,Mobile,Biometric,Yes,No,No,Yes,15,Friday,False,0.32,1,Medium Risk
2019-01-07 19:40:13,Schimmel-Olson,kids_pets,86.6,M,Glade Spring,VA,36.7779,-81.7676,5657,Clinical psychologist,1987-04-29,36.218991,-82.548763,0,37690,CUST006011,38,26-40,Standard,4243.0,1309.52,66.43,90.66,8,4,942,35,18,MOBILE,Mobile,OTP,Yes,No,No,No,19,Monday,False,0.0,0,Low Risk
2019-01-09 10:23:30,Larson-Moen,entertainment,6.83,M,Columbia,SC,33.9659,-80.9355,333497,Mechanical engineer,1968-03-19,33.081097,-80.532622,0,29477,CUST003146,57,41-60,Standard,5442.0,2657.56,5.16,5.54,1,4,307,40,29,ATM,ATM,OTP,Yes,No,No,No,10,Wednesday,False,0.0,0,Low Risk
2019-01-01 21:39:58,"Labadie, Treutel and Bode",shopping_net,6.48,F,Newhall,CA,34.3795,-118.523,34882,Health physicist,1971-04-25,35.253252,-117.74474,0,45777,CUST005541,54,41-60,Platinum,50797.0,39400.19,5.88,37.755,4,1,955,49,90,POS,Online,OTP,Yes,Yes,No,No,21,Tuesday,False,0.0,0,Low Risk
2019-01-07 13:13:31,Heller PLC,health_fitness,1.91,F,Clarks Mills,PA,41.3851,-80.1752,606,Energy manager,1997-09-22,41.50904,-79.8330359999999,0,16317,CUST010513,28,26-40,Gold,14972.0,5198.55,1.38,2.19,8,1,1090,94,39,ATM,ATM,OTP,Yes,Yes,No,No,13,Monday,False,0.0,0,Low Risk
2019-01-14 15:32:52,Ernser-Feest,home,65.2,M,Westport,KY,38.4921,-85.4524,564,Pensions consultant,1996-04-10,38.180573,-85.065497,0,40076,CUST000779,29,26-40,Gold,15047.0,4777.52,57.06,50.58,4,2,683,26,28,ATM,Mobile,PIN,No,Yes,No,No,15,Monday,False,0.0,0,Low Risk
2019-01-02 17:46:42,"Wuckert, Wintheiser and Friesen",home,17.1,M,Moulton,IA,40.6866,-92.6833,1132,Probation officer,1961-02-14,41.443643,-92.443657,0,50104,CUST008572,64,60+,Gold,16039.0,12404.48,13.06,9.76,6,0,1383,26,66,POS,POS,OTP,Yes,Yes,No,No,17,Wednesday,False,0.0,0,Low Risk
2019-01-07 04:35:13,Kling-Grant,grocery_net,39.07,F,Holcomb,KS,37.9931,-100.9893,2691,Arboriculturist,1993-08-16,37.16178,-100.90283,0,67901,CUST004940,32,26-40,Standard,4669.0,3307.87,30.14,21.25,9,0,197,49,70,ATM,Mobile,Biometric,Yes,Yes,No,No,4,Monday,False,0.0,0,Low Risk
2019-01-11 19:55:32,Kutch-Ferry,home,86.66,F,Morrisdale,PA,41.0001,-78.2357,3688,Dispensing optician,1987-10-26,40.894787,-78.639625,0,15757,CUST009704,38,26-40,Gold,16359.0,3739.17,61.77,75.71,1,0,67,58,5,ATM,Mobile,Biometric,Yes,No,No,No,19,Friday,False,0.0,0,Low Risk
2019-01-07 16:43:48,Wisozk and Sons,misc_pos,71.6,F,Lithopolis,OH,39.8013,-82.8125,460,"Lecturer, higher education",2004-06-19,40.235602,-83.116232,0,43015,CUST006065,21,18-25,Standard,4710.0,3971.6,62.37,60.71,3,1,682,99,76,MOBILE,Online,OTP,Yes,No,No,No,16,Monday,False,0.0,0,Low Risk
2019-01-11 01:53:20,Dach-Nader,misc_net,24.8,F,Fort Myers,FL,26.4722,-81.8122,224256,Paramedic,1985-08-29,26.451405,-82.180953,0,33957,CUST007796,40,26-40,Standard,7367.5,6959.97,16.72,18.22,10,1,1420,68,77,WEB,POS,Biometric,Yes,Yes,No,No,1,Friday,False,0.0,0,Low Risk
2019-01-06 18:13:47,Gerlach Inc,shopping_net,4.78,M,Reno,NV,39.5483,-119.7957,276896,Immunologist,1997-03-12,40.518684,-119.427345,0,45777,CUST000969,28,26-40,Platinum,50713.0,10793.62,3.87,3.41,9,2,369,27,92,MOBILE,POS,Biometric,Yes,No,No,No,18,Sunday,True,0.0,0,Low Risk
2019-01-15 16:45:40,McCullough LLC,misc_pos,5.19,F,Topeka,KS,39.1329,-95.7023,163415,Secondary school teacher,2004-12-30,39.560973,-95.302074,0,66041,CUST006153,21,18-25,Standard,4800.0,4200.46,3.85,5.72,2,1,40,81,41,MOBILE,Online,OTP,Yes,No,No,No,16,Tuesday,False,0.0,0,Low Risk
2019-01-08 11:58:34,Abernathy and Sons,food_dining,201.8,F,Albany,NY,42.6853,-73.8253,151022,"Designer, textile",1939-06-01,43.635368,-74.801492,0,13360,CUST000014,86,60+,Standard,5130.0,1801.3,149.45,187.58,7,0,100,45,73,MOBILE,POS,PIN,Yes,Yes,No,No,11,Tuesday,False,0.01,0,Low Risk
2019-01-01 22:03:14,"Mueller, Gerhold and Mueller",health_fitness,30.36,F,Fordoche,LA,30.6576,-91.6264,1178,Community education officer,1951-06-13,30.843525,-91.082341,0,70730,CUST008383,74,60+,Standard,7490.0,6160.26,27.92,23.9,10,0,922,50,99,ATM,ATM,OTP,Yes,Yes,Yes,No,22,Tuesday,False,0.0,0,Low Risk
2019-01-06 05:54:54,"Stanton, Jakubowski and Baumbach",shopping_net,576.96,M,Wales,AK,64.7556,-165.6723,145,"Administrator, education",1939-11-09,65.677355,-165.958509,0,45777,CUST008306,86,60+,Standard,7764.0,1667.07,411.73,446.01,6,1,682,28,10,POS,Mobile,PIN,Yes,No,No,No,5,Sunday,True,0.16,0,Low Risk
2019-01-17 14:26:30,Sporer-Keebler,personal_care,1.59,M,Stoneham,MA,42.4828,-71.0978,21437,Artist,1964-06-25,42.974636,-72.060743,0,3450,CUST004796,61,60+,Gold,17596.0,15312.21,1.47,1.64,1,3,1046,34,85,ATM,Online,PIN,No,No,No,No,14,Thursday,False,0.0,0,Low Risk
2019-01-09 19:28:48,Zboncak Ltd,food_dining,12.46,M,Elizabeth,NJ,40.6747,-74.2239,124967,Operational researcher,1980-12-21,40.07498,-73.909555,0,8736,CUST000567,45,41-60,Standard,7367.5,2025.43,8.22,8.86,7,2,34,50,23,ATM,POS,PIN,Yes,No,No,No,19,Wednesday,False,0.0,0,Low Risk
2019-01-13 16:12:05,"Graham, Hegmann and Hammes",food_dining,10.84,M,High Rolls Mountain Park,NM,32.9396,-105.8189,899,Naval architect,1967-08-30,33.907026,-105.365507,0,45777,CUST001996,58,41-60,Gold,17131.0,5162.72,8.94,7.4,9,4,320,64,97,WEB,Online,PIN,Yes,Yes,Yes,No,16,Sunday,True,0.01,0,Low Risk
2019-01-08 19:43:15,Wilkinson PLC,kids_pets,27.8,F,Sherman,TX,33.6372,-96.6184,46563,Systems developer,1970-09-11,32.803809,-96.262369,0,75160,CUST001696,55,41-60,Platinum,7367.5,30778.92,22.37,29.67,11,0,212,60,17,WEB,POS,Biometric,Yes,Yes,No,Yes,19,Tuesday,False,0.0,0,Low Risk
2019-01-03 12:46:41,"Ledner, Hartmann and Feest",health_fitness,4.04,F,Newhall,CA,34.3795,-118.523,34882,Health physicist,1971-04-25,33.696323,-118.268456,0,90731,CUST002860,54,41-60,Standard,7050.0,2555.52,3.7,2.31,10,3,750,63,84,POS,ATM,PIN,Yes,No,No,No,12,Thursday,False,0.0,0,Low Risk
2019-01-01 10:59:42,"Olson, Becker and Koch",gas_transport,64.71,F,Plainfield,NJ,40.6152,-74.415,71485,Leisure centre manager,1974-07-19,39.96065,-75.250159,0,19082,CUST002120,51,41-60,Gold,16564.0,12840.24,41.12,68.38,3,2,378,30,97,ATM,Mobile,Biometric,Yes,No,No,No,10,Tuesday,False,0.0,0,Low Risk
2019-01-01 01:18:10,Schmeler Inc,misc_pos,43.02,M,Leetsdale,PA,40.5662,-80.2099,1140,"Administrator, education",1986-06-20,41.419964,-79.957263,0,16362,CUST007980,39,26-40,Platinum,51302.0,10537.84,40.7,48.05,3,0,501,53,15,ATM,POS,PIN,Yes,No,No,No,1,Tuesday,False,0.0,0,Low Risk
2019-01-08 16:20:46,Kutch-Wilderman,home,18.35,F,San Diego,CA,33.0067,-117.069,1241364,"Pharmacist, hospital",1960-03-01,33.579108,-117.338328,0,92562,CUST004224,65,60+,Standard,6744.0,2260.25,14.52,17.36,1,4,802,84,73,POS,ATM,OTP,No,Yes,No,Yes,16,Tuesday,False,0.01,0,Low Risk
2019-01-01 13:26:12,"Hartmann, Rowe and Hermann",travel,6.0,M,Ruckersville,VA,38.2586,-78.4074,9815,"Designer, ceramics/pottery",1975-07-07,38.06693,-79.066949,0,24477,CUST000630,50,41-60,Standard,7676.0,2606.56,3.78,3.78,11,0,341,13,9,POS,Online,OTP,Yes,Yes,No,Yes,13,Tuesday,False,0.0,0,Low Risk
2019-01-13 09:54:02,Gutmann Ltd,grocery_net,41.76,M,Murrayville,IL,39.5723,-90.2379,1512,Commercial/residential surveyor,2003-05-07,39.034911,-90.942801,0,63379,CUST001680,22,18-25,Standard,4596.0,1588.95,33.88,41.56,7,1,1110,62,99,POS,Mobile,Biometric,Yes,No,No,No,9,Sunday,True,0.0,0,Low Risk
2019-01-05 17:24:54,Streich Ltd,home,26.34,F,Daniels,WV,37.7256,-81.1087,3994,"Biochemist, clinical",1936-11-05,37.608821,-80.427312,0,24974,CUST000582,89,60+,Standard,6578.0,5322.85,18.23,24.81,2,3,1059,21,28,POS,ATM,OTP,No,Yes,No,No,17,Saturday,True,0.0,0,Low Risk
2019-01-01 08:23:38,"Raynor, Reinger and Hagenes",gas_transport,90.07,M,Burbank,OK,36.6966,-96.7869,471,Sub,1941-03-30,36.212811,-96.238726,0,74060,CUST001119,84,60+,Standard,6827.0,3099.08,54.5,105.35,4,3,1309,55,36,MOBILE,Mobile,PIN,Yes,No,No,No,8,Tuesday,False,0.0,0,Low Risk
2019-01-15 19:50:18,Bartoletti and Sons,personal_care,26.81,M,Kingsville,MD,39.4558,-76.4147,5451,Science writer,1961-12-05,39.702467,-76.982291,0,21158,CUST009620,64,60+,Standard,5301.0,3718.13,17.08,19.2,1,3,60,2,51,MOBILE,ATM,PIN,Yes,Yes,No,No,19,Tuesday,False,0.0,0,Low Risk
2019-01-04 19:16:00,Lubowitz-Walter,kids_pets,56.61,M,Des Moines,IA,41.603,-93.633,222785,Interior and spatial designer,1981-08-10,41.975701,-92.713425,0,50173,CUST001491,44,41-60,Standard,7367.5,5815.13,39.06,55.82,4,1,1176,89,3,MOBILE,POS,Biometric,Yes,Yes,No,No,19,Friday,False,0.0,0,Low Risk
2019-01-13 02:55:16,Kuphal-Predovic,misc_net,7.41,F,Kings Bay,GA,30.7906,-81.5607,1293,Naval architect,1963-09-11,30.560275,-81.637033,0,32218,CUST008236,62,60+,Gold,17744.0,4791.41,6.21,5.72,2,3,526,76,66,ATM,Mobile,OTP,Yes,Yes,No,No,2,Sunday,True,0.0,0,Low Risk
2019-01-10 15:58:09,Kulas Group,health_fitness,3.67,M,Lolita,TX,28.7724,-96.4793,911,Archaeologist,1970-01-18,28.227416,-96.39636,0,45777,CUST008492,55,41-60,Standard,7992.0,5621.91,3.16,4.23,9,1,122,100,88,WEB,POS,PIN,Yes,Yes,Yes,No,15,Thursday,False,0.01,0,Low Risk
2019-01-15 13:19:13,Schoen-Quigley,kids_pets,17.36,F,Marathon,TX,30.1886,-103.2214,498,Lexicographer,1990-11-23,30.341599,-103.078076,0,45777,CUST008225,35,26-40,Gold,14506.0,10302.03,10.67,10.49,8,1,736,10,18,MOBILE,ATM,OTP,Yes,No,No,No,13,Tuesday,False,0.0,0,Low Risk
2019-01-11 04:10:21,Cummings LLC,gas_transport,56.51,F,Early,IA,42.4483,-95.1726,885,"Pilot, airline",1949-08-14,42.240784,-94.596682,0,51453,CUST009909,76,60+,Standard,7719.0,2991.69,36.34,62.29,7,4,287,15,78,POS,Online,Biometric,Yes,Yes,No,No,4,Friday,False,0.0,0,Low Risk
2019-01-12 13:54:43,"Daugherty, Pouros and Beahan",shopping_pos,8.93,M,Moorhead,MS,33.4783,-90.5142,2870,Chartered public finance accountant,1999-03-05,33.410328,-91.411936,0,71638,CUST010693,26,26-40,Platinum,52031.0,15900.43,5.61,5.62,11,2,295,73,42,MOBILE,Online,PIN,Yes,No,No,Yes,13,Saturday,True,0.01,0,Low Risk
2019-01-14 16:27:37,Klein Group,entertainment,22.63,F,Topeka,KS,39.1329,-95.7023,163415,Secondary school teacher,2004-12-30,38.213403,-95.082697,0,66014,CUST002926,21,18-25,Standard,5578.0,4080.93,16.35,16.81,8,1,780,45,88,ATM,POS,PIN,Yes,Yes,No,No,16,Monday,False,0.0,0,Low Risk
2019-01-13 13:57:14,Beer-Jast,kids_pets,28.21,F,Hurricane,WV,38.4257,-81.9943,21902,Sub,1980-09-18,38.370488,-82.361205,0,25705,CUST009126,45,41-60,Standard,5966.0,3271.44,23.93,25.3,8,2,1285,74,97,ATM,ATM,OTP,Yes,No,No,No,13,Sunday,True,0.0,0,Low Risk
2019-01-08 17:26:34,"Weber, Thiel and Hammes",kids_pets,80.72,F,Clearwater,FL,27.9004,-82.7152,172247,"Geneticist, molecular",1979-10-22,27.214585,-83.322678,0,45777,CUST010242,46,41-60,Standard,7106.0,3099.07,57.58,83.83,9,1,964,67,54,MOBILE,Mobile,OTP,Yes,No,No,No,17,Tuesday,False,0.0,0,Low Risk
2019-01-16 19:33:24,McDermott-Rice,misc_pos,3.86,M,Arnold,MO,38.4305,-90.387,35439,Land/geomatics surveyor,1985-03-31,38.894179,-90.166478,0,62002,CUST009513,40,26-40,Gold,16784.0,10010.45,3.54,4.43,7,0,536,10,88,ATM,Mobile,OTP,Yes,Yes,No,No,19,Wednesday,False,0.0,0,Low Risk
2019-01-12 04:14:21,Heller-Abshire,grocery_net,99.74,F,North Wilkesboro,NC,36.2017,-81.1286,21134,Dispensing optician,1984-03-06,37.16488,-81.470887,0,24630,CUST009843,41,41-60,Standard,7688.0,4979.3,81.14,75.19,10,1,495,48,36,WEB,Online,OTP,Yes,No,No,No,4,Saturday,True,0.0,0,Low Risk
2019-01-15 21:08:31,Friesen Ltd,health_fitness,86.91,F,Kansas City,MO,38.9621,-94.5959,545147,Counsellor,1987-11-18,39.314553,-93.929669,0,64085,CUST006491,38,26-40,Platinum,49248.0,27458.57,68.43,97.53,4,4,1001,14,5,MOBILE,Online,Biometric,Yes,Yes,No,No,21,Tuesday,False,0.0,0,Low Risk
2019-01-15 17:51:42,Leannon-Ward,food_dining,60.45,M,Lahoma,OK,36.385,-98.0727,1078,Podiatrist,1989-10-06,36.876641,-97.742799,0,73759,CUST001767,36,26-40,Standard,5324.0,2555.77,44.84,37.755,11,4,699,3,29,WEB,Online,PIN,Yes,Yes,No,No,17,Tuesday,False,0.0,0,Low Risk
2019-01-15 04:55:08,Eichmann-Russel,misc_pos,369.38,F,Blairstown,MO,38.5319,-93.9221,467,Agricultural consultant,1950-05-27,38.187651,-93.692241,0,64763,CUST001027,75,60+,Standard,4183.0,1434.82,257.37,313.22,8,0,881,17,27,MOBILE,Online,PIN,Yes,Yes,No,Yes,4,Tuesday,False,0.1,0,Low Risk
2019-01-14 05:41:16,Reynolds-Schinner,misc_pos,2.55,F,Manchester,MD,39.6747,-76.8941,11751,Clinical research associate,1964-02-15,40.542839,-77.123408,0,17062,CUST000890,61,60+,Standard,7758.0,3336.08,1.55,1.45,1,2,606,81,30,POS,Online,OTP,Yes,Yes,No,No,5,Monday,False,0.0,0,Low Risk
2019-01-14 23:12:44,"Prosacco, Kreiger and Kovacek",home,15.58,M,Belgrade,MT,45.7801,-111.1439,18182,"Engineer, drilling",1975-06-29,46.066966,-111.49591,0,59643,CUST004361,50,41-60,Standard,7999.0,3616.54,9.91,18.63,8,0,171,15,75,MOBILE,ATM,OTP,Yes,Yes,No,No,23,Monday,False,0.0,0,Low Risk
2019-01-14 22:22:26,Deckow-Dare,food_dining,5.66,F,Heart Butte,MT,48.2777,-112.8456,743,Water engineer,1972-05-04,47.452565,-113.813513999999,0,59826,CUST000815,53,41-60,Gold,17972.0,15180.71,5.32,3.34,2,2,980,79,56,ATM,ATM,Biometric,No,Yes,No,No,22,Monday,False,0.0,0,Low Risk
2019-01-04 21:13:27,"Moore, Williamson and Emmerich",home,28.86,M,Arcadia,MI,44.5232,-86.2061,680,"Designer, jewellery",1966-12-21,44.222055,-86.055487,0,49689,CUST007254,59,41-60,Standard,4955.0,3891.43,26.1,15.01,1,4,1335,42,53,WEB,Online,PIN,Yes,Yes,No,No,21,Friday,False,0.0,0,Low Risk
2019-01-16 09:49:35,Price Inc,shopping_net,2.97,F,Kirby,OH,40.813,-83.4196,118,Private music teacher,1957-11-12,41.462256,-83.875107,0,43522,CUST006344,68,60+,Standard,5245.0,3784.78,1.96,2.32,8,0,620,50,92,MOBILE,Mobile,Biometric,No,Yes,No,No,9,Wednesday,False,0.0,0,Low Risk
2019-01-06 05:53:09,Lockman Ltd,grocery_pos,99.63,F,Cuthbert,GA,31.7706,-84.7936,5726,Fitness centre manager,1947-08-14,31.716517,-85.026577,0,39851,CUST006229,78,60+,Gold,16691.0,8182.46,75.14,92.7,2,3,1303,44,8,ATM,ATM,PIN,No,No,No,No,5,Sunday,True,0.0,0,Low Risk
2019-01-01 18:26:24,Johnston-Casper,travel,2.48,F,Brownville,NY,44.0577,-76.0196,1271,"Producer, radio",1958-08-14,44.268455,-76.9490709999999,0,45777,CUST005469,67,60+,Gold,17856.0,9412.88,2.14,2.88,4,1,501,97,92,POS,ATM,PIN,No,No,No,No,18,Tuesday,False,0.0,0,Low Risk
2019-01-14 14:33:04,Langworth LLC,personal_care,6.64,F,Milford,OH,39.1657,-84.2329999999999,31394,Hospital doctor,1996-11-12,39.220938,-84.032381,0,45122,CUST006350,29,26-40,Standard,6906.0,3188.9,5.15,3.87,10,1,984,9,14,POS,POS,PIN,Yes,Yes,No,No,14,Monday,False,0.0,0,Low Risk
2019-01-04 16:56:58,Ziemann-Waters,health_fitness,15.1,F,Norman,AR,34.4596,-93.6743,1383,Manufacturing engineer,1999-09-11,35.401783,-94.539353,0,74954,CUST006299,26,26-40,Standard,7840.0,6682.42,14.12,8.38,1,0,589,78,57,WEB,Online,Biometric,Yes,Yes,No,No,16,Friday,False,0.0,0,Low Risk
2019-01-01 15:39:20,Gislason Group,travel,2.13,M,De Queen,AR,34.0442,-94.3386,11253,"Scientist, biomedical",1957-04-25,33.11422,-94.252472,0,75551,CUST004653,68,60+,Standard,7279.0,6516.7,1.81,2.37,5,2,951,37,77,MOBILE,ATM,Biometric,Yes,Yes,No,Yes,15,Tuesday,False,0.0,0,Low Risk
2019-01-13 13:33:04,Kutch-Wilderman,home,4.25,F,Tomales,CA,38.2427,-122.9145,337,Occupational psychologist,1954-07-05,38.689372,-122.116935,0,95607,CUST003294,71,60+,Gold,17226.0,10884.85,3.19,37.755,8,0,1417,30,88,ATM,Mobile,PIN,Yes,Yes,No,No,13,Sunday,True,0.0,0,Low Risk
2019-01-01 13:15:16,"McDermott, Osinski and Morar",home,125.02,F,Santa Monica,CA,34.0287,-118.4924,92043,"Civil engineer, contracting",1961-04-25,34.052299,-119.426588,0,45777,CUST010734,64,60+,Standard,7367.5,1633.96,80.69,68.07,5,2,257,49,61,POS,ATM,PIN,Yes,No,No,No,13,Tuesday,False,0.0,0,Low Risk
2019-01-01 15:12:44,Klocko LLC,misc_net,126.38,M,Haw River,NC,36.0424,-79.3242,6006,Paramedic,1984-07-20,36.249161,-79.129142,0,27541,CUST010871,41,41-60,Standard,4549.0,3150.77,89.99,109.3,5,1,47,56,99,WEB,POS,OTP,Yes,Yes,No,No,15,Tuesday,False,0.0,0,Low Risk
2019-01-12 23:51:14,Weber and Sons,food_dining,5.23,F,O Brien,TX,33.3749,-99.8473,178,Warden/ranger,1983-06-14,32.808249,-100.419175,0,79546,CUST001010,42,41-60,Standard,6032.0,5088.67,3.9,3.53,10,4,974,15,67,POS,ATM,PIN,Yes,No,No,No,23,Saturday,True,0.0,0,Low Risk
2019-01-15 08:47:05,McGlynn-Heathcote,misc_net,37.46,F,Wilmington,NC,34.2651,-77.867,186140,English as a second language teacher,1983-02-08,34.77211,-77.948814,0,28466,CUST007821,42,41-60,Standard,7716.0,2215.75,30.31,29.38,7,1,1245,83,54,ATM,ATM,Biometric,Yes,No,No,Yes,8,Tuesday,False,0.0,0,Low Risk
2019-01-01 13:34:41,Pouros-Conroy,shopping_pos,8.35,M,Fayetteville,NC,35.0583,-79.008,238602,"Scientist, research (maths)",1993-05-14,35.229659,-78.070053,0,28365,CUST000857,32,26-40,Standard,7741.0,2150.44,6.04,5.08,4,4,1027,36,16,ATM,POS,OTP,Yes,Yes,No,Yes,13,Tuesday,False,0.0,0,Low Risk
2019-01-07 14:58:58,Osinski Inc,personal_care,36.53,F,Allenhurst,NJ,40.2367,-74.0067,1533,"Administrator, charities/voluntary organisations",1935-04-15,40.482437,-73.046164,0,45777,CUST006624,90,60+,Platinum,52869.0,12238.58,34.64,19.22,9,3,1050,22,59,WEB,Online,Biometric,Yes,No,No,No,14,Monday,False,0.0,0,Low Risk
2019-01-15 06:17:07,Bailey-Morar,grocery_pos,91.35,F,East Canaan,CT,42.0158,-73.2913,647,Comptroller,1987-09-26,42.219042,-73.636083,0,12565,CUST002768,38,26-40,Standard,4011.0,3533.65,58.54,37.755,8,0,676,72,38,WEB,ATM,OTP,Yes,No,No,No,6,Tuesday,False,0.0,0,Low Risk
2019-01-11 18:23:42,Heathcote LLC,shopping_net,67.8,F,Sherman,TX,33.6372,-96.6184,46563,Systems developer,1970-09-11,34.572167,-96.446728,0,74572,CUST009200,55,41-60,Standard,6622.0,3814.66,60.22,58.34,3,1,1436,26,2,MOBILE,ATM,Biometric,No,No,No,No,18,Friday,False,0.0,0,Low Risk
2019-01-14 18:12:31,Denesik and Sons,shopping_pos,2.02,F,Eldridge,AL,33.9315,-87.6194,1186,Politician's assistant,1986-11-12,34.179314,-87.116639,0,35540,CUST002100,39,26-40,Standard,4641.0,3896.1,1.67,1.78,8,0,288,70,81,MOBILE,Mobile,Biometric,Yes,No,No,No,18,Monday,False,0.0,0,Low Risk
2019-01-06 18:12:37,Kuphal-Toy,food_dining,66.35,M,Lamberton,MN,44.2378,-95.2739,1507,Land/geomatics surveyor,1993-10-12,43.627954,-94.507255,0,56031,CUST007428,32,26-40,Standard,7668.0,6243.78,60.53,74.63,3,1,953,97,30,WEB,Mobile,OTP,No,Yes,No,No,18,Sunday,True,0.0,0,Low Risk
2019-01-11 18:03:33,Johns Inc,entertainment,92.35,F,Kingsford Heights,IN,41.4802,-86.6919,1423,"Psychologist, forensic",1998-10-07,42.272034,-86.885148,0,45777,CUST004721,27,26-40,Gold,15073.0,13250.64,57.44,93.33,2,3,1042,17,15,ATM,ATM,OTP,Yes,Yes,No,No,18,Friday,False,0.0,0,Low Risk
2019-01-03 12:31:37,Fritsch and Sons,health_fitness,23.79,F,Manville,WY,42.73,-104.7024,241,Educational psychologist,1980-12-16,42.975589,-105.089554,0,82229,CUST007569,45,41-60,Standard,5378.0,4338.55,15.28,18.77,4,0,1230,10,7,ATM,Mobile,Biometric,Yes,Yes,Yes,No,12,Thursday,False,0.0,0,Low Risk
2019-01-01 12:53:45,"Schroeder, Wolff and Hermiston",travel,9.65,M,Johns Island,SC,32.8357,-79.8217,20478,Materials engineer,1997-06-04,32.081388,-80.1025849999999,0,45777,CUST006077,28,26-40,Standard,4529.0,2952.57,7.78,7.57,6,4,1179,39,14,POS,ATM,Biometric,Yes,No,No,No,12,Tuesday,False,0.0,0,Low Risk
2019-01-08 14:31:08,Stark-Koss,home,9.78,F,Altonah,UT,40.3207,-110.436,302,"Sales professional, IT",1990-01-17,40.056139,-109.4408,0,45777,CUST006632,35,26-40,Standard,4776.0,2994.04,7.78,10.06,1,2,491,80,27,WEB,POS,PIN,Yes,Yes,No,No,14,Tuesday,False,0.0,0,Low Risk
2019-01-02 01:32:06,"Rodriguez, Yost and Jenkins",misc_net,5.88,F,Tupper Lake,NY,44.232,-74.4905,6120,Chartered loss adjuster,1976-10-09,44.562273,-73.931178,0,12978,CUST003386,49,41-60,Standard,4897.0,2675.51,4.83,3.55,4,1,905,77,99,POS,Mobile,OTP,Yes,Yes,No,No,1,Wednesday,False,0.0,0,Low Risk
2019-01-08 03:33:12,"Moen, Reinger and Murphy",grocery_pos,32.06,M,Gretna,LA,29.8872,-90.0331,55581,Biomedical scientist,1972-09-12,30.434415,-90.254507,0,70447,CUST010139,53,41-60,Standard,4995.0,3617.64,27.73,25.18,1,2,1379,48,74,MOBILE,POS,Biometric,No,No,No,No,3,Tuesday,False,0.01,0,Low Risk
2019-01-15 08:12:26,Kuphal-Predovic,misc_net,6.42,F,Naples,FL,26.1184,-81.7361,276002,"Pilot, airline",1934-06-23,26.504028,-80.962683,0,45777,CUST002143,91,60+,Standard,4492.0,3514.14,5.88,4.0,9,4,272,93,69,MOBILE,Mobile,PIN,No,Yes,No,No,8,Tuesday,False,0.0,0,Low Risk
2019-01-05 15:51:26,Effertz LLC,entertainment,136.91,M,Hancock,MD,39.6991,-78.1762,3766,Press photographer,1984-02-14,40.091808,-78.00828,0,17229,CUST000404,41,41-60,Gold,14315.0,9215.25,118.69,76.15,2,4,850,59,91,WEB,Mobile,PIN,Yes,Yes,Yes,No,15,Saturday,True,0.0,0,Low Risk
2019-01-17 07:51:47,Pacocha-Bauch,shopping_pos,9.75,M,Lakeland,FL,28.1762,-81.9591,237282,Plant breeder/geneticist,1949-10-13,29.026674,-81.468664,0,32767,CUST006759,76,60+,Standard,6171.0,3860.88,7.67,6.77,5,0,1422,15,83,MOBILE,ATM,OTP,No,Yes,No,No,7,Thursday,False,0.0,0,Low Risk
2019-01-17 18:58:58,"Turcotte, McKenzie and Koss",entertainment,18.9,M,Mount Hope,AL,34.4793,-87.4769,1312,"Librarian, academic",1955-02-01,33.895998,-86.54969,0,35097,CUST005118,70,60+,Gold,15354.0,11920.84,17.27,10.73,4,1,577,88,95,ATM,Mobile,Biometric,Yes,Yes,No,No,18,Thursday,False,0.0,0,Low Risk
2019-01-03 05:51:22,Huel-Langworth,misc_net,108.09,M,New Boston,IL,41.2153,-90.9879,1504,Manufacturing engineer,1993-10-05,41.016419,-90.48309,0,61412,CUST000780,32,26-40,Standard,7145.0,4799.12,92.92,89.13,11,2,1011,85,24,ATM,POS,PIN,Yes,Yes,No,Yes,5,Thursday,False,0.0,0,Low Risk
2019-01-14 20:25:33,Fritsch and Sons,health_fitness,73.8,M,Grand Junction,TN,35.0659,-89.1534,1804,Clothing/textile technologist,1974-10-15,35.130985,-89.918022,0,38117,CUST000119,51,41-60,Gold,16492.0,12842.75,48.04,79.9,6,0,632,80,67,MOBILE,ATM,OTP,Yes,Yes,No,No,20,Monday,False,0.0,0,Low Risk
2019-01-08 23:02:58,Fisher Inc,shopping_net,31.4,F,Hinckley,OH,41.2419,-81.7453,7646,Medical sales representative,1988-09-15,40.882399,-82.0713579999999,0,44287,CUST010062,37,26-40,Platinum,52988.0,16052.94,27.59,15.85,8,3,1092,30,77,MOBILE,ATM,Biometric,Yes,No,No,No,23,Tuesday,False,0.0,0,Low Risk
2019-01-15 21:53:21,Kuhn Group,food_dining,1.49,M,Murrayville,IL,39.5723,-90.2379,1512,Commercial/residential surveyor,2003-05-07,38.691614,-91.071277,0,63357,CUST001251,22,18-25,Standard,4664.0,1961.14,1.08,0.83,11,3,752,96,51,MOBILE,Online,PIN,Yes,Yes,No,No,21,Tuesday,False,0.0,0,Low Risk
2019-01-07 11:02:47,"Turner, Ziemann and Lehner",food_dining,35.77,M,Cuyahoga Falls,OH,41.1464,-81.5107,47772,Equities trader,1966-01-04,40.77656,-81.389284,0,44702,CUST005877,59,41-60,Gold,14644.0,6049.55,30.26,36.38,10,2,547,23,6,MOBILE,Online,Biometric,No,Yes,Yes,No,11,Monday,False,0.0,0,Low Risk
2019-01-14 11:31:41,Torphy-Goyette,shopping_pos,6.98,M,Cadiz,KY,36.802,-87.8286,13422,Commissioning editor,1961-09-03,36.955745,-88.214298,0,42044,CUST007112,64,60+,Standard,4150.0,2153.93,5.75,3.96,6,1,676,66,61,POS,Mobile,PIN,Yes,Yes,No,No,11,Monday,False,0.0,0,Low Risk
2019-01-14 23:49:54,Bartoletti and Sons,personal_care,114.6,F,Bradley,SC,34.0326,-82.2027,1523,Research scientist (physical sciences),1984-06-03,34.437248,-83.171531,0,30557,CUST009164,41,41-60,Standard,6899.0,1598.9,83.55,117.85,2,1,114,12,83,ATM,ATM,Biometric,Yes,Yes,Yes,No,23,Monday,False,0.0,0,Low Risk
2019-01-05 21:49:44,Jacobi Inc,health_fitness,101.09,M,Glendale,CA,34.1556,-118.2322,172817,Advertising account planner,1982-07-30,35.055825,-118.492974,0,93561,CUST002427,43,41-60,Standard,7232.0,2379.03,79.03,37.755,9,2,66,95,36,ATM,Mobile,PIN,No,Yes,No,No,21,Saturday,True,0.0,0,Low Risk
2019-01-06 23:52:59,Terry Ltd,home,49.49,F,Utica,MO,39.7417,-93.6289,271,Land/geomatics surveyor,1972-04-18,38.949393,-93.066976,0,65347,CUST001001,53,41-60,Platinum,49358.0,40222.53,39.56,48.52,1,4,78,46,51,ATM,Mobile,Biometric,No,Yes,No,No,23,Sunday,True,0.0,0,Low Risk
2019-01-07 19:12:07,Beier LLC,entertainment,65.89,F,Smith River,CA,41.9404,-124.1587,1930,Web designer,1983-06-13,41.614655,-123.903194,0,95548,CUST008884,42,41-60,Standard,6345.0,2225.71,57.92,67.22,3,4,160,4,46,WEB,Mobile,OTP,Yes,Yes,No,No,19,Monday,False,0.0,0,Low Risk
2019-01-01 00:04:42,Rowe-Vandervort,grocery_net,44.54,F,Holcomb,KS,37.9931,-100.9893,2691,Arboriculturist,1993-08-16,37.162705,-100.15337,0,45777,CUST001331,32,26-40,Standard,7367.5,2207.46,41.05,32.53,9,4,1247,87,41,POS,Mobile,PIN,Yes,Yes,No,No,0,Tuesday,False,0.01,0,Low Risk
2019-01-12 19:50:54,Nienow PLC,entertainment,19.02,F,Hedley,TX,34.8698,-100.6806,513,Early years teacher,1976-05-24,34.795671,-100.970813,0,45777,CUST008463,49,41-60,Gold,17347.0,3949.81,14.14,17.26,5,2,1218,51,48,MOBILE,ATM,Biometric,Yes,Yes,No,No,19,Saturday,True,0.0,0,Low Risk
2019-01-02 00:23:44,Thiel PLC,misc_pos,10.51,M,Grantham,NH,43.5103,-72.1334,2971,Charity fundraiser,1948-04-11,42.59785,-72.230074,0,1331,CUST007256,77,60+,Gold,16269.0,10757.42,9.13,7.09,1,3,501,88,80,WEB,POS,OTP,Yes,Yes,No,No,0,Wednesday,False,0.0,0,Low Risk
2019-01-06 18:36:35,"Bahringer, Bergnaum and Quitzon",home,21.41,F,Indianapolis,IN,39.849,-86.272,910148,Firefighter,1975-11-30,40.167772,-85.639595,0,46012,CUST000640,50,41-60,Standard,6646.0,5135.78,14.97,18.13,7,1,395,90,25,MOBILE,ATM,OTP,Yes,No,No,No,18,Sunday,True,0.01,0,Low Risk
2019-01-13 09:40:01,"Raynor, Feest and Miller",gas_transport,77.33,M,Lake Jackson,TX,29.0393,-95.4401,28739,Futures trader,1999-12-27,29.521486,-95.331067,0,77584,CUST009348,26,26-40,Standard,7549.0,5568.52,50.42,79.65,7,2,519,77,91,MOBILE,POS,PIN,Yes,Yes,No,No,9,Sunday,True,0.0,0,Low Risk
2019-01-01 16:54:52,Hirthe-Beier,health_fitness,21.88,M,Warren,MI,42.5164,-82.9832,134056,"Doctor, hospital",1980-05-18,42.618509,-82.798472,0,48045,CUST010844,45,41-60,Standard,5080.0,2686.46,20.01,21.17,3,3,142,76,55,ATM,Online,Biometric,Yes,No,No,No,16,Tuesday,False,0.0,0,Low Risk
2019-01-01 23:43:21,"Hermiston, Russel and Price",food_dining,83.86,M,Cass,WV,38.388,-79.9906,365,Special effects artist,1970-03-14,38.180717,-79.451166,0,24432,CUST000383,55,41-60,Gold,16710.0,8855.17,57.52,48.98,8,1,838,29,60,ATM,POS,Biometric,Yes,Yes,No,No,23,Tuesday,False,0.0,0,Low Risk
2019-01-05 15:43:27,Abbott-Steuber,personal_care,8.45,M,Smackover,AR,33.3398,-92.7442,2501,Financial adviser,1986-06-11,32.778929,-92.755445,0,71222,CUST005141,39,26-40,Gold,17896.0,13636.13,6.11,6.36,4,0,87,39,78,MOBILE,POS,Biometric,Yes,Yes,No,No,15,Saturday,True,0.0,0,Low Risk
2019-01-15 05:52:00,Zemlak Group,misc_net,22.45,F,Lowville,NY,43.7893,-75.4156,8830,Theme park manager,1991-03-29,44.532091,-74.626749,0,13672,CUST007177,34,26-40,Standard,5575.0,1884.85,19.78,18.18,4,2,689,99,4,WEB,Online,OTP,Yes,No,Yes,No,5,Tuesday,False,0.0,0,Low Risk
2019-01-16 09:59:58,"Lehner, Mosciski and King",misc_net,3.12,F,Sixes,OR,42.825,-124.4409,217,Retail merchandiser,1928-10-01,42.895792,-124.939631,0,45777,CUST003360,97,60+,Standard,7390.0,1938.75,2.27,3.61,11,0,1052,84,78,WEB,POS,PIN,Yes,No,No,No,9,Wednesday,False,0.0,0,Low Risk
2019-01-06 17:25:24,Gibson-Deckow,entertainment,45.56,F,Moravian Falls,NC,36.0788,-81.1781,3495,"Psychologist, counselling",1988-03-09,37.02517,-81.503174,0,24651,CUST004739,37,26-40,Standard,5916.0,5303.41,39.94,28.6,2,1,155,46,98,POS,POS,OTP,Yes,No,No,No,17,Sunday,True,0.0,0,Low Risk
2019-01-02 21:30:00,Padberg-Sauer,home,43.92,F,Bowersville,OH,39.5756,-83.7153,338,Quantity surveyor,1988-07-28,40.356214,-83.04924,0,43015,CUST010969,37,26-40,Standard,5539.0,1707.59,28.12,31.95,9,3,1082,80,89,MOBILE,Mobile,OTP,No,Yes,No,No,21,Wednesday,False,0.0,0,Low Risk
2019-01-11 15:12:16,"Wuckert, Wintheiser and Friesen",home,135.39,M,Hancock,MD,39.6991,-78.1762,3766,Press photographer,1984-02-14,40.37979,-78.709401,0,15958,CUST005442,41,41-60,Platinum,7367.5,30070.51,107.4,161.4,2,1,145,41,19,WEB,Online,PIN,Yes,Yes,No,No,15,Friday,False,0.0,0,Low Risk
2019-01-08 15:04:09,Berge-Hills,kids_pets,125.87,M,Turner,MT,48.8328,-108.3961,192,Further education lecturer,1964-01-04,49.295842,-108.448809,0,45777,CUST010541,61,60+,Platinum,7367.5,35998.27,107.85,124.89,6,0,655,28,90,WEB,POS,Biometric,Yes,Yes,No,No,15,Tuesday,False,0.0,0,Low Risk
2019-01-09 19:24:34,"Witting, Beer and Ernser",home,49.95,F,Altonah,UT,40.3207,-110.436,302,"Sales professional, IT",1990-01-17,39.814453,-110.912956,0,45777,CUST001717,35,26-40,Gold,14951.0,4778.56,45.99,37.755,8,1,499,12,90,POS,Mobile,PIN,Yes,Yes,No,No,19,Wednesday,False,0.0,0,Low Risk
2019-01-14 20:25:33,McCullough LLC,misc_pos,5.76,M,Milwaukee,WI,42.9676,-88.0434,817312,"Accountant, chartered public finance",2004-03-18,42.438064,-88.3278859999999,0,60071,CUST010426,21,18-25,Gold,16326.0,4886.42,3.66,4.75,10,4,601,78,71,ATM,ATM,OTP,Yes,Yes,Yes,No,20,Monday,False,0.0,0,Low Risk
2019-01-12 22:49:07,Bode-Schuster,kids_pets,75.1,F,Dunlevy,PA,40.1151,-79.8627,427,Mining engineer,1951-02-05,40.37056,-80.230436,0,15057,CUST007906,74,60+,Standard,4283.0,906.21,69.01,38.48,4,4,1110,5,28,ATM,Online,OTP,Yes,Yes,No,No,22,Saturday,True,0.01,0,Low Risk
2019-01-16 17:28:34,"Fadel, Mertz and Rippin",entertainment,10.51,F,Barnstable,MA,41.6983,-70.3001,1850,Counselling psychologist,1963-12-29,41.138591,-69.514421,0,45777,CUST006393,62,60+,Standard,5949.0,3984.64,6.59,37.755,1,4,1416,82,70,ATM,ATM,PIN,Yes,No,No,No,17,Wednesday,False,0.0,0,Low Risk
2019-01-01 09:15:42,Durgan-Auer,misc_net,3.47,M,Pearlington,MS,30.2508,-89.6011,1414,"Therapist, occupational",1958-02-17,31.065179,-90.349458,0,39657,CUST010194,67,60+,Gold,16634.0,4748.1,2.63,2.1,7,2,1426,81,86,POS,ATM,Biometric,Yes,Yes,No,Yes,9,Tuesday,False,0.0,0,Low Risk
2019-01-03 08:05:26,Stracke-Lemke,grocery_pos,98.22,F,Allentown,PA,40.5891,-75.4645,166081,"Scientist, research (maths)",1998-10-01,41.179557,-76.338638,0,17814,CUST009032,27,26-40,Standard,5200.0,4031.87,71.47,58.8,5,0,394,34,34,ATM,ATM,OTP,Yes,Yes,No,No,8,Thursday,False,0.0,0,Low Risk
2019-01-15 20:27:31,Harris Group,food_dining,25.23,F,Falls Church,VA,38.8856,-77.1802,116155,Chartered accountant,1983-07-10,39.125585,-76.650598,0,21144,CUST007666,42,41-60,Gold,15652.0,11399.62,15.62,16.08,2,1,1428,80,62,WEB,Mobile,OTP,Yes,Yes,No,No,20,Tuesday,False,0.0,0,Low Risk
2019-01-05 12:42:55,Bartoletti and Sons,personal_care,109.9,M,Dallas,TX,32.7699,-96.743,1263321,Television camera operator,1942-11-24,33.372291,-95.855212,0,75469,CUST001316,83,60+,Standard,7671.0,4095.98,67.74,119.75,4,1,151,80,35,ATM,Mobile,OTP,Yes,Yes,No,No,12,Saturday,True,0.0,0,Low Risk
2019-01-10 18:50:47,Beer-Jast,kids_pets,46.54,M,Milner,GA,33.141,-84.1759,4138,Field seismologist,1969-05-16,32.159237,-85.1540079999999,0,36871,CUST010982,56,41-60,Gold,14239.0,5443.49,39.29,30.36,5,0,659,60,56,POS,Online,Biometric,Yes,Yes,No,No,18,Thursday,False,0.0,0,Low Risk
2019-01-09 06:04:06,Rutherford-Mertz,grocery_pos,80.26,F,Hedrick,IA,41.1826,-92.3097,1583,Geochemist,1999-06-28,41.889769,-92.806703,0,50106,CUST000546,26,26-40,Standard,7930.0,5647.32,73.32,78.6,6,4,1146,55,51,POS,POS,OTP,Yes,Yes,No,No,6,Wednesday,False,0.0,0,Low Risk
2019-01-04 06:18:31,"Schoen, Kuphal and Nitzsche",grocery_pos,101.82,F,New Ellenton,SC,33.413,-81.69,2206,Biomedical scientist,1986-12-31,32.667283,-80.898691,0,29945,CUST000307,39,26-40,Gold,16807.0,4178.26,64.86,92.37,9,2,1270,49,38,POS,Online,PIN,Yes,Yes,No,No,6,Friday,False,0.0,0,Low Risk
2019-01-13 01:26:21,Heidenreich PLC,grocery_pos,96.44,M,Springfield,GA,32.3697,-81.3618,9034,"Therapist, occupational",1969-03-02,33.18709,-81.337734,0,29812,CUST009209,56,41-60,Standard,7431.0,2024.99,88.1,101.04,10,3,285,32,23,MOBILE,ATM,Biometric,Yes,Yes,No,No,1,Sunday,True,0.0,0,Low Risk
2019-01-16 17:51:54,"Cormier, Stracke and Thiel",entertainment,69.84,F,Trenton,TX,33.4235,-96.3398,2211,"Investment banker, operational",1987-02-26,33.97912,-96.269613,0,74701,CUST003739,38,26-40,Gold,15593.0,11232.17,63.56,61.41,10,0,520,75,90,ATM,Online,OTP,Yes,Yes,No,No,17,Wednesday,False,0.0,0,Low Risk
2019-01-09 20:23:22,Pfeffer and Sons,shopping_pos,1.69,F,Clearwater,FL,27.9004,-82.7152,172247,"Geneticist, molecular",1979-10-22,28.650538,-81.959712,0,33514,CUST007318,46,41-60,Gold,15312.0,8186.09,1.39,0.88,8,4,733,10,71,WEB,Mobile,OTP,Yes,Yes,No,Yes,20,Wednesday,False,0.0,0,Low Risk
2019-01-02 17:54:13,Wuckert-Goldner,home,50.7,F,Lomax,IL,40.6761,-91.0391,725,Environmental consultant,1972-11-28,39.711674,-91.158114,0,62345,CUST010252,53,41-60,Gold,15626.0,9877.59,45.39,51.89,11,4,335,96,43,WEB,Mobile,Biometric,Yes,Yes,No,No,17,Wednesday,False,0.0,0,Low Risk
2019-01-14 17:22:00,Kozey-Boehm,shopping_net,9.32,F,Philadelphia,PA,40.0369,-75.0664,1526206,Structural engineer,1985-01-01,39.185663,-74.833744,0,8270,CUST010605,40,26-40,Gold,14412.0,12937.76,6.62,5.72,3,3,483,5,61,POS,ATM,Biometric,No,No,No,No,17,Monday,False,0.01,0,Low Risk
2019-01-06 18:21:43,"Haley, Batz and Auer",health_fitness,4.59,M,Conway,NH,43.9742,-71.1503,3807,Surgeon,1999-10-25,44.371999,-71.587516,0,3598,CUST006575,26,26-40,Standard,7308.0,3294.18,3.45,4.89,7,0,261,61,71,POS,ATM,PIN,Yes,Yes,No,No,18,Sunday,True,0.0,0,Low Risk
2019-01-01 05:16:53,Smitham-Schiller,grocery_net,106.82,F,Bay Minette,AL,30.8635,-87.7644,19090,Science writer,1929-05-30,31.793916,-88.6685189999999,0,39360,CUST010408,96,60+,Standard,6081.0,4040.18,72.9,123.17,8,3,566,42,81,WEB,Mobile,PIN,Yes,Yes,No,Yes,5,Tuesday,False,0.0,0,Low Risk
2019-01-14 16:33:34,Friesen Inc,shopping_pos,149.56,F,Lomax,IL,40.6761,-91.0391,725,Environmental consultant,1972-11-28,41.636711,-91.043664,0,52778,CUST005544,53,41-60,Standard,4306.0,2697.93,127.94,141.45,2,0,582,69,67,ATM,POS,PIN,Yes,No,No,No,16,Monday,False,0.0,0,Low Risk
2019-01-13 08:14:30,Kling Inc,gas_transport,46.99,F,Notrees,TX,31.8599,-102.7413,23,Cytogeneticist,1969-09-15,32.852927,-101.752915,0,45777,CUST006668,56,41-60,Platinum,50214.0,29677.17,30.05,29.32,5,0,1097,50,41,POS,Mobile,OTP,Yes,Yes,No,No,8,Sunday,True,0.0,0,Low Risk
2019-01-07 01:52:27,Pouros-Conroy,shopping_pos,190.68,M,Wales,AK,64.7556,-165.6723,145,"Administrator, education",1939-11-09,65.735634,-166.395485,0,45777,CUST005798,86,60+,Gold,17408.0,5049.24,178.3,158.25,8,0,192,88,93,ATM,POS,PIN,Yes,Yes,No,No,1,Monday,False,0.0,0,Low Risk
2019-01-14 20:54:01,Prosacco LLC,personal_care,37.62,F,Fullerton,NE,41.366,-98.0054,1749,"Surveyor, mining",1973-05-07,41.859363,-97.400994,0,68748,CUST000413,52,41-60,Standard,5400.0,4134.92,29.98,40.93,9,4,998,88,77,MOBILE,POS,OTP,No,Yes,No,No,20,Monday,False,0.0,0,Low Risk
2019-01-13 10:47:22,Kassulke Inc,entertainment,11.24,M,Newton,NH,42.8678,-71.042,4603,"Therapist, music",1952-12-07,43.375248,-70.494354,0,4043,CUST007524,73,60+,Standard,4457.0,1890.72,8.91,7.27,10,1,524,59,99,MOBILE,Online,OTP,Yes,No,No,No,10,Sunday,True,0.0,0,Low Risk
2019-01-12 13:59:22,"Baumbach, Hodkiewicz and Walsh",shopping_pos,6.14,F,Altonah,UT,40.3207,-110.436,302,"Sales professional, IT",1990-01-17,40.974406,-109.64612,0,84046,CUST010048,35,26-40,Standard,7949.0,2004.06,5.49,4.58,1,3,74,92,91,WEB,Online,PIN,Yes,Yes,No,No,13,Saturday,True,0.0,0,Low Risk
2019-01-03 17:15:51,"Parker, Nolan and Trantow",entertainment,52.17,F,East Canaan,CT,42.0158,-73.2913,647,Comptroller,1987-09-26,41.199723,-73.917771,0,10520,CUST006171,38,26-40,Standard,5377.0,2511.61,48.0,40.77,5,4,130,91,56,ATM,POS,Biometric,Yes,Yes,No,No,17,Thursday,False,0.0,0,Low Risk
2019-01-18 14:31:47,Rolfson-Kunde,personal_care,5.74,F,Laramie,WY,41.4247,-105.4781,35371,"Pilot, airline",1988-09-02,41.574706,-106.415264,0,45777,CUST000212,37,26-40,Standard,4435.0,3503.49,4.67,4.79,11,1,42,12,49,WEB,ATM,Biometric,Yes,No,No,No,14,Friday,False,0.0,0,Low Risk
2019-01-04 14:35:33,"Hagenes, Kohler and Hoppe",food_dining,1.47,F,Arcadia,SC,34.9572,-81.9916,530,Animal technologist,1989-05-14,35.069722,-81.345821,0,29743,CUST000983,36,26-40,Gold,17213.0,12836.63,1.33,1.19,3,3,726,60,77,WEB,Mobile,OTP,Yes,No,No,No,14,Friday,False,0.0,0,Low Risk
2019-01-08 14:55:45,"Goyette, Howell and Collier",shopping_pos,1.55,F,Rock Springs,WY,41.606,-109.23,27971,Music therapist,1984-08-01,42.422672,-108.497499,0,45777,CUST007952,41,41-60,Gold,16976.0,4152.2,1.44,0.87,4,3,163,84,83,ATM,Mobile,PIN,Yes,Yes,No,Yes,14,Tuesday,False,0.0,0,Low Risk
2019-01-11 10:03:25,Howe PLC,entertainment,17.47,F,New York City,NY,40.7105,-74.0163,1577385,"Pharmacist, hospital",1961-05-13,39.865157,-74.073906,0,8734,CUST005548,64,60+,Standard,4908.0,1687.12,16.37,18.06,9,3,377,79,50,ATM,ATM,PIN,Yes,No,No,No,10,Friday,False,0.01,0,Low Risk
2019-01-14 22:47:02,"O'Connell, Botsford and Hand",home,100.28,M,Zaleski,OH,39.283,-82.3977,341,Accounting technician,1978-12-18,39.59933,-82.541639,0,43155,CUST005275,47,41-60,Standard,5712.0,4086.07,93.69,56.92,4,4,594,94,75,MOBILE,POS,OTP,Yes,Yes,No,No,22,Monday,False,0.01,0,Low Risk
2019-01-04 15:01:38,Jast and Sons,food_dining,2.69,F,Redford,MO,37.3272,-91.0243,241,Investment analyst,1974-10-27,37.380309,-90.625818,0,63620,CUST001902,51,41-60,Standard,5312.0,1798.62,2.06,2.83,9,4,1011,66,38,POS,POS,OTP,Yes,Yes,No,No,15,Friday,False,0.0,0,Low Risk
2019-01-06 14:02:54,"Witting, Beer and Ernser",home,1.27,M,Portland,OR,45.5303,-122.7033,841711,"Engineer, building services",1963-04-04,44.794055,-121.735801,0,45777,CUST000699,62,60+,Standard,5522.0,1832.57,0.87,1.15,8,3,1067,15,43,POS,POS,OTP,Yes,No,No,No,14,Sunday,True,0.0,0,Low Risk
2019-01-01 16:37:10,Altenwerth-Kilback,home,47.56,M,Luzerne,MI,44.6001,-84.2931,864,General practice doctor,1942-05-04,45.419457,-84.259784,0,49765,CUST009068,83,60+,Standard,7118.0,5984.61,31.4,45.71,6,1,433,26,40,WEB,Mobile,Biometric,Yes,Yes,No,No,16,Tuesday,False,0.0,0,Low Risk
2019-01-09 16:06:17,Pagac LLC,shopping_pos,2.54,M,Bowdoin,ME,44.0575,-69.9656,3224,"Engineer, electronics",1997-08-22,44.337686,-69.08122,0,4973,CUST009872,28,26-40,Standard,7347.0,3228.71,2.22,1.44,5,4,902,52,86,ATM,Online,Biometric,Yes,Yes,No,No,16,Wednesday,False,0.0,0,Low Risk
2019-01-13 19:56:10,Baumbach Ltd,personal_care,18.76,F,Laramie,WY,41.4247,-105.4781,35371,"Pilot, airline",1988-09-02,40.560154,-104.499129,0,80622,CUST003002,37,26-40,Gold,14546.0,12994.16,12.38,18.27,2,3,163,48,50,MOBILE,Mobile,PIN,Yes,Yes,No,No,19,Sunday,True,0.0,0,Low Risk
2019-01-10 12:26:41,Thompson-Gleason,health_fitness,80.63,F,Clayton,OK,34.5906,-95.38,1760,Occupational psychologist,1972-01-20,34.37699,-95.73228,0,74557,CUST009989,53,41-60,Standard,4393.0,2891.46,61.29,67.83,6,1,107,1,52,WEB,POS,PIN,No,No,No,No,12,Thursday,False,0.0,0,Low Risk
2019-01-06 10:28:58,Williamson LLC,misc_pos,11.41,M,Grantham,NH,43.5103,-72.1334,2971,Charity fundraiser,1948-04-11,42.65553,-72.086395,0,1475,CUST006737,77,60+,Gold,14485.0,7494.14,10.29,11.42,10,3,230,20,48,WEB,Mobile,PIN,Yes,No,No,No,10,Sunday,True,0.0,0,Low Risk
2019-01-13 04:53:41,Hackett-Lueilwitz,grocery_pos,72.84,M,Oakdale,NY,40.7382,-73.1297,9506,"Biochemist, clinical",1953-04-13,41.159541,-74.088227,0,10970,CUST010873,72,60+,Gold,16303.0,14509.61,49.77,85.13,4,2,97,13,32,WEB,Online,OTP,Yes,Yes,No,No,4,Sunday,True,0.01,0,Low Risk
2019-01-05 17:58:28,Tillman LLC,travel,8.14,F,Sturgis,MS,33.357,-89.0473,1923,Medical physicist,1960-01-16,34.30895,-89.489791,0,38655,CUST007981,65,60+,Standard,5625.0,2984.21,5.25,6.47,11,4,443,69,84,POS,ATM,Biometric,No,No,No,Yes,17,Saturday,True,0.0,0,Low Risk
2019-01-05 16:16:18,Cruickshank-Mills,entertainment,25.68,M,Wichita,KS,37.6395,-97.1714,409656,Heritage manager,1985-12-27,36.891327,-96.990615,0,74647,CUST006773,40,26-40,Standard,7500.0,6225.92,23.05,24.28,2,3,729,75,73,POS,Online,PIN,Yes,Yes,No,No,16,Saturday,True,0.0,0,Low Risk
2019-01-12 18:38:52,Baumbach Ltd,personal_care,17.18,M,Harrodsburg,IN,39.013,-86.5457,76,Social researcher,1955-05-06,39.489505,-86.447252,0,46151,CUST005667,70,60+,Standard,5318.0,3502.14,15.27,16.81,5,1,913,50,31,MOBILE,ATM,OTP,Yes,Yes,No,No,18,Saturday,True,0.0,0,Low Risk
2019-01-14 14:42:43,"Swaniawski, Lowe and Robel",shopping_pos,9.38,M,Norwalk,CA,33.9056,-118.0818,105549,Firefighter,1973-09-22,34.530322,-118.843798,0,93015,CUST005585,52,41-60,Standard,5685.0,5064.46,8.55,10.03,4,3,242,34,37,POS,Mobile,OTP,No,Yes,Yes,No,14,Monday,False,0.0,0,Low Risk
2019-01-10 14:16:58,Wilkinson LLC,personal_care,13.83,F,Center Tuftonboro,NH,43.6849,-71.2551,1368,"Optician, dispensing",1971-08-05,42.999866,-72.107578,0,3457,CUST005174,54,41-60,Gold,16394.0,5318.46,12.61,12.33,2,0,618,80,40,POS,Mobile,OTP,Yes,No,No,No,14,Thursday,False,0.0,0,Low Risk
2019-01-01 18:29:51,Wilkinson LLC,personal_care,73.86,M,Norman,AR,34.4596,-93.6743,1383,Magazine features editor,1966-08-08,34.160005,-93.529058,0,71921,CUST009624,59,41-60,Gold,17515.0,8878.06,60.83,47.19,5,4,748,28,29,POS,ATM,OTP,Yes,Yes,Yes,No,18,Tuesday,False,0.0,0,Low Risk
2019-01-05 19:05:57,Herzog Ltd,misc_pos,4.41,M,Moorhead,MS,33.4783,-90.5142,2870,Chartered public finance accountant,1999-03-05,33.776867,-91.411819,0,71670,CUST003570,26,26-40,Standard,7109.0,2597.32,3.67,2.88,5,0,685,88,15,MOBILE,ATM,OTP,Yes,Yes,No,No,19,Saturday,True,0.0,0,Low Risk
2019-01-15 19:59:43,Beer-Jast,kids_pets,85.72,M,Belmont,NH,43.4512,-71.4889999999999,7430,"Scientist, research (medical)",1955-01-13,43.911034,-71.122952,0,3849,CUST000833,70,60+,Standard,4223.0,993.92,58.82,83.97,9,2,151,41,41,ATM,Mobile,PIN,Yes,No,No,Yes,19,Tuesday,False,0.0,0,Low Risk
2019-01-09 21:11:38,Friesen Ltd,health_fitness,39.64,F,New York City,NY,40.8265,-73.9383,1577385,Herbalist,1981-08-29,41.655695,-73.848839,0,12603,CUST002537,44,41-60,Standard,7855.0,4320.68,35.08,31.95,8,1,866,47,89,MOBILE,POS,PIN,Yes,Yes,No,No,21,Wednesday,False,0.0,0,Low Risk
2019-01-14 07:29:44,Heller-Langosh,gas_transport,57.56,F,Cressona,PA,40.6284,-76.195,1606,Ecologist,1966-05-10,39.630886,-76.606843,0,21161,CUST008157,59,41-60,Platinum,7367.5,15451.83,50.72,61.16,5,3,864,70,80,WEB,POS,PIN,Yes,Yes,No,No,7,Monday,False,0.0,0,Low Risk
2019-01-07 10:07:33,Bahringer-Larson,grocery_net,55.59,F,Baton Rouge,LA,30.4066,-91.1468,378909,"Designer, furniture",1977-02-22,29.687678,-90.962681,0,70352,CUST005228,48,41-60,Gold,15943.0,5601.47,42.93,29.09,6,3,604,36,50,POS,Online,Biometric,Yes,Yes,No,No,10,Monday,False,0.0,0,Low Risk
2019-01-07 23:24:17,"Larkin, Stracke and Greenfelder",entertainment,82.7,F,Valdosta,GA,30.946,-83.2474,94325,Educational psychologist,1987-09-08,31.843037,-83.45571,0,31783,CUST000464,38,26-40,Standard,6126.0,4947.6,56.87,37.755,9,1,466,24,7,POS,Mobile,PIN,Yes,No,No,Yes,23,Monday,False,0.0,0,Low Risk
2019-01-17 14:26:05,Beer-Jast,kids_pets,83.89,F,Lawn,PA,40.2236,-76.538,213,Special educational needs teacher,1972-02-15,39.309599,-76.601938,0,21202,CUST002183,53,41-60,Standard,4836.0,1926.26,72.35,56.03,11,0,525,75,5,WEB,Online,PIN,No,No,No,No,14,Thursday,False,0.0,0,Low Risk
2019-01-17 14:22:27,Breitenberg LLC,travel,1.4,F,Rhame,ND,46.1664,-103.7079,475,Illustrator,1955-11-10,45.57859,-103.702666,0,57720,CUST010493,70,60+,Standard,6037.0,4528.46,1.26,1.06,10,3,1126,74,57,POS,Online,PIN,No,Yes,Yes,No,14,Thursday,False,0.0,0,Low Risk
2019-01-18 18:06:35,"Bahringer, Bergnaum and Quitzon",home,65.93,F,Westhampton Beach,NY,40.8295,-72.6473,3255,Financial trader,1978-07-08,40.628632,-72.129103,0,45777,CUST007693,47,41-60,Standard,7180.0,1524.86,47.93,38.75,4,2,138,25,93,ATM,Online,Biometric,Yes,Yes,No,Yes,18,Friday,False,0.0,0,Low Risk
2019-01-01 15:57:34,Stark-Batz,entertainment,39.32,F,Texarkana,AR,33.431,-93.8765,36438,Surgeon,1985-04-15,33.951017,-92.899623,0,71763,CUST008252,40,26-40,Standard,4107.0,2082.13,35.97,37.1,11,1,712,12,74,WEB,Mobile,Biometric,Yes,Yes,No,No,15,Tuesday,False,0.0,0,Low Risk
2019-01-07 17:55:45,"Zboncak, Rowe and Murazik",shopping_net,3.62,F,Shields,ND,46.1838,-101.2589,77,Film/video editor,1989-12-17,46.031789,-101.148213,0,57659,CUST002744,36,26-40,Standard,7622.0,4425.09,3.0,2.36,7,3,176,100,68,ATM,POS,OTP,Yes,Yes,No,No,17,Monday,False,0.0,0,Low Risk
2019-01-07 21:21:33,"Schneider, Hayes and Nikolaus",food_dining,17.6,F,Matthews,MO,36.7154,-89.6287,1019,Aeronautical engineer,1979-01-26,37.148701,-88.9934579999999,0,62970,CUST010803,46,41-60,Standard,7288.0,3221.94,16.66,16.95,5,4,881,12,70,ATM,POS,Biometric,Yes,Yes,No,No,21,Monday,False,0.0,0,Low Risk
2019-01-03 09:25:05,"Goldner, Kovacek and Abbott",grocery_pos,66.94,M,Keller,TX,32.9276,-97.2489,95035,Probation officer,1987-06-13,32.812928,-97.593368,0,76108,CUST001665,38,26-40,Platinum,51179.0,11470.0,49.59,59.2,1,2,814,82,45,ATM,Mobile,PIN,Yes,Yes,No,No,9,Thursday,False,0.01,0,Low Risk
2019-01-07 15:33:13,Ullrich Ltd,kids_pets,48.37,M,Big Creek,KY,37.1046,-83.5706,467,"Psychologist, forensic",1984-06-04,36.870759,-83.826106,0,40915,CUST009005,41,41-60,Gold,17434.0,12156.77,41.13,57.92,4,1,171,100,24,ATM,ATM,Biometric,No,Yes,No,No,15,Monday,False,0.0,0,Low Risk
2019-01-15 05:03:05,Runolfsson and Sons,grocery_net,58.69,F,Independence,MO,39.1412,-94.3515,123373,"Engineer, production",1992-11-27,39.322444,-95.154769,0,66020,CUST008145,33,26-40,Standard,5614.0,4454.04,36.51,49.02,5,3,918,13,57,MOBILE,ATM,Biometric,No,Yes,No,No,5,Tuesday,False,0.0,0,Low Risk
2019-01-14 00:16:42,"Bernier, Streich and Jewess",grocery_net,38.97,F,Walnut Ridge,AR,36.0244,-90.9288,7155,"Engineer, control and instrumentation",1977-03-23,35.437891,-90.663081,0,72324,CUST003232,48,41-60,Standard,4226.0,2321.78,36.12,25.22,11,4,1388,70,67,ATM,ATM,Biometric,Yes,No,No,No,0,Monday,False,0.0,0,Low Risk
2019-01-03 20:59:02,Schmidt-Larkin,home,41.13,M,Leo,IN,41.2249,-85.0301,5341,Biomedical engineer,1994-11-24,41.719577,-85.908034,0,46514,CUST008375,31,26-40,Standard,4763.0,1488.46,31.07,31.51,7,3,421,44,36,ATM,Online,PIN,Yes,Yes,No,No,20,Thursday,False,0.0,0,Low Risk
2019-01-10 08:13:01,Ledner-Pfannerstill,gas_transport,56.77,F,Duncan,MS,34.047,-90.7652,466,Trading standards officer,1955-04-03,34.938078,-91.223322,0,72036,CUST009801,70,60+,Standard,6416.0,2716.71,36.53,46.66,4,1,78,17,93,WEB,Online,OTP,Yes,No,No,No,8,Thursday,False,0.0,0,Low Risk
2019-01-11 05:38:10,Roberts-Beahan,misc_pos,1.28,F,Goodrich,MI,42.9147,-83.4845,6951,Learning disability nurse,1985-06-18,43.616173,-83.5268739999999,0,48701,CUST001888,40,26-40,Standard,6809.0,3068.24,1.17,1.29,10,0,853,29,71,POS,Mobile,Biometric,Yes,Yes,No,No,5,Friday,False,0.0,0,Low Risk
2019-01-11 07:48:28,Mante Group,misc_net,2.99,M,Vinton,CA,40.0235,-120.7986,128,Education administrator,1966-02-21,40.449541,-120.443257,0,96128,CUST005641,59,41-60,Standard,6763.0,3647.99,2.31,3.18,1,0,422,18,9,ATM,Mobile,Biometric,Yes,No,No,No,7,Friday,False,0.0,0,Low Risk
2019-01-07 08:24:52,"Yost, Block and Koepp",misc_pos,7.02,F,Manistique,MI,46.0062,-86.2555,6469,Trade mark attorney,1979-04-12,45.958981,-86.419271,0,49817,CUST010910,46,41-60,Standard,4448.0,3941.96,5.47,5.95,11,4,1433,37,36,MOBILE,Online,PIN,Yes,No,No,No,8,Monday,False,0.01,0,Low Risk
2019-01-06 03:51:25,Paucek-Wiza,grocery_net,20.26,F,Stanchfield,MN,45.6675,-93.2433,2607,"Lecturer, further education",1995-12-04,45.159011,-93.80024,0,55313,CUST006147,30,26-40,Standard,5019.0,2838.95,12.46,20.99,3,4,1282,54,68,ATM,Mobile,PIN,Yes,Yes,Yes,No,3,Sunday,True,0.01,0,Low Risk
2019-01-11 05:55:14,"Raynor, Feest and Miller",gas_transport,49.83,F,Norwich,OH,39.9934,-81.8024,1443,Research scientist (medical),1962-03-04,40.794146,-81.734122,0,44618,CUST002364,63,60+,Standard,5686.0,1176.76,39.99,46.29,10,0,758,5,80,MOBILE,POS,OTP,Yes,No,No,No,5,Friday,False,0.0,0,Low Risk
2019-01-07 22:04:52,Haag-Blanda,food_dining,115.76,M,Detroit,MI,42.3749,-83.1087,673342,Trading standards officer,1946-11-01,41.819222,-82.148863,0,45777,CUST007553,79,60+,Standard,4802.0,1386.14,95.41,96.31,10,0,241,25,90,WEB,POS,Biometric,Yes,Yes,No,No,22,Monday,False,0.01,0,Low Risk
2019-01-16 16:54:11,Ruecker-Mayert,kids_pets,96.92,F,Naples,FL,26.1184,-81.7361,276002,"Pilot, airline",1934-06-23,27.028765,-81.488765,0,33960,CUST000491,91,60+,Standard,7675.0,5262.45,64.96,85.42,6,4,1246,5,61,MOBILE,Mobile,OTP,Yes,No,No,No,16,Wednesday,False,0.02,0,Low Risk
2019-01-05 10:01:07,McCullough Group,grocery_net,51.11,M,Montgomery,AL,32.3374,-86.2715,214703,"Chemist, analytical",1994-10-07,31.86698,-86.3016579999999,0,36041,CUST000539,31,26-40,Standard,6290.0,4646.23,47.54,40.63,1,1,689,81,34,WEB,POS,OTP,Yes,No,No,No,10,Saturday,True,0.0,0,Low Risk
2019-01-09 23:13:53,Kovacek Ltd,travel,454.8,M,Mount Saint Joseph,OH,39.0965,-84.6431,177,Exhibition designer,1974-05-30,39.648073,-85.036003,0,47325,CUST003877,51,41-60,Platinum,49149.0,44142.57,353.31,455.12,1,3,733,46,51,WEB,POS,OTP,Yes,Yes,No,No,23,Wednesday,False,0.13,0,Low Risk
2019-01-06 19:18:43,Bogisich-Weimann,kids_pets,42.9,F,Altona,NY,44.8816,-73.6408,2148,"Surveyor, land/geomatics",1953-05-23,44.743647,-73.137847,0,5478,CUST010506,72,60+,Platinum,52569.0,40269.81,38.47,50.13,6,2,453,80,74,POS,POS,OTP,Yes,Yes,No,No,19,Sunday,True,0.0,0,Low Risk
2019-01-06 07:28:55,Kuphal-Toy,food_dining,136.8,F,Delhi,LA,32.3929,-91.4714,6581,Multimedia programmer,1964-02-13,33.250461,-92.179923,0,71651,CUST004330,61,60+,Standard,5446.0,2892.52,94.42,37.755,4,3,799,52,4,WEB,ATM,OTP,Yes,Yes,No,No,7,Sunday,True,0.0,0,Low Risk
2019-01-10 14:25:25,Lynch Ltd,shopping_pos,5.82,F,Clarksville,TN,36.522,-87.3489999999999,151785,Pathologist,1974-03-28,36.02078,-87.606286,0,37101,CUST000966,51,41-60,Gold,14616.0,8498.96,5.23,6.98,5,0,51,53,70,MOBILE,Mobile,Biometric,Yes,Yes,No,No,14,Thursday,False,0.01,0,Low Risk
2019-01-14 02:24:18,Pacocha-O'Reilly,grocery_pos,192.47,F,Sebring,FL,27.4703,-81.4872,50835,Environmental consultant,1986-01-30,28.351634,-82.326882,0,33576,CUST010943,39,26-40,Standard,4223.0,1542.6,134.26,146.07,5,0,1347,98,43,WEB,Online,PIN,No,Yes,No,No,2,Monday,False,0.01,0,Low Risk
2019-01-18 18:01:55,Johnston-Casper,travel,1.2,M,Portland,OR,45.5303,-122.7033,841711,"Engineer, building services",1963-04-04,44.548308,-123.329499,0,97331,CUST002231,62,60+,Gold,15131.0,3287.65,0.89,1.03,1,2,459,10,94,ATM,Online,OTP,Yes,Yes,No,No,18,Friday,False,0.0,0,Low Risk
2019-01-11 15:20:47,Bednar PLC,kids_pets,112.46,M,Aledo,TX,32.7004,-97.6039,13602,Optometrist,1984-07-05,33.422082,-96.688023,0,75058,CUST005415,41,41-60,Platinum,50289.0,43167.64,71.15,119.12,1,3,1282,67,89,WEB,Online,PIN,Yes,Yes,No,No,15,Friday,False,0.0,0,Low Risk
2019-01-01 21:42:27,Goyette-Gerhold,kids_pets,48.67,M,Desdemona,TX,32.2819,-98.5673,407,Clothing/textile technologist,1978-08-08,32.575002,-98.172666,0,76472,CUST009462,47,41-60,Standard,4510.0,1208.45,43.64,34.86,9,1,566,67,37,WEB,POS,Biometric,Yes,Yes,No,No,21,Tuesday,False,0.0,0,Low Risk
2019-01-05 03:40:21,Bauch-Raynor,grocery_pos,68.09,M,Port Richey,FL,28.3011,-82.6927,42619,Environmental education officer,1975-10-07,28.374776,-83.2528189999999,0,45777,CUST009515,50,41-60,Standard,5669.0,2477.27,63.27,43.01,5,2,698,99,28,ATM,Mobile,Biometric,Yes,Yes,No,No,3,Saturday,True,0.0,0,Low Risk
2019-01-02 17:00:18,"Douglas, Schneider and Turner",shopping_pos,5.67,F,Thomas,WV,39.1505,-79.503,836,Forensic psychologist,1981-08-29,39.221941,-79.1382319999999,0,26731,CUST003197,44,41-60,Standard,4643.0,2012.72,5.28,4.0,3,4,423,17,70,MOBILE,Mobile,OTP,Yes,Yes,No,No,17,Wednesday,False,0.0,0,Low Risk
2019-01-13 11:24:45,Jast and Sons,food_dining,44.75,F,Karnack,TX,32.6205,-94.2,2807,Chiropodist,1931-01-26,33.512519,-95.066976,0,75426,CUST000908,94,60+,Standard,7393.0,3529.93,31.44,24.72,9,2,871,71,85,WEB,ATM,Biometric,Yes,No,No,No,11,Sunday,True,0.0,0,Low Risk
2019-01-14 16:26:02,"Swaniawski, Nitzsche and Welch",health_fitness,15.37,M,North Judson,IN,41.2244,-86.6966,5791,"Doctor, general practice",1959-10-07,41.559222,-87.484083,0,46321,CUST002942,66,60+,Standard,7237.0,4118.79,13.37,13.56,7,0,538,1,36,POS,ATM,Biometric,Yes,No,No,Yes,16,Monday,False,0.0,0,Low Risk
2019-01-09 13:19:34,Crooks and Sons,personal_care,58.64,F,Philadelphia,PA,40.0369,-75.0664,1526206,Structural engineer,1985-01-01,39.111795,-75.3859849999999,0,19902,CUST010831,40,26-40,Standard,6786.0,4163.34,51.54,45.6,9,1,323,64,100,MOBILE,Online,PIN,Yes,No,No,No,13,Wednesday,False,0.0,0,Low Risk
2019-01-18 19:32:50,"Schiller, Blanda and Johnson",home,57.41,F,Tulsa,OK,36.2395,-95.9596,413574,Bookseller,1968-06-18,35.828966,-96.672691,0,74079,CUST009440,57,41-60,Standard,5639.0,4744.82,52.17,37.6,8,0,1084,86,31,WEB,POS,OTP,No,Yes,No,No,19,Friday,False,0.0,0,Low Risk
2019-01-01 04:22:26,Hermann-Gaylord,misc_pos,56.98,F,Lebanon,VA,36.8809,-82.0956,9521,"Teacher, English as a foreign language",1977-10-19,37.867296,-81.335353,0,25044,CUST009131,48,41-60,Standard,7724.0,2171.36,36.43,58.24,10,3,1305,32,5,WEB,POS,OTP,Yes,Yes,No,Yes,4,Tuesday,False,0.0,0,Low Risk
2019-01-10 06:23:44,Nienow PLC,entertainment,212.21,M,Afton,MN,44.8696,-92.8234,2916,Barrister's clerk,1935-06-29,44.328072,-92.726707,0,55983,CUST003391,90,60+,Gold,14456.0,10406.61,142.59,132.6,1,0,738,98,54,WEB,Online,OTP,Yes,No,Yes,No,6,Thursday,False,0.01,0,Low Risk
2019-01-13 05:40:28,"Mosciski, Gislason and Mertz",grocery_pos,189.66,F,Meridian,ID,43.6498,-116.4306,84106,Intelligence analyst,1971-02-11,43.227945,-117.23355,0,45777,CUST007873,54,41-60,Standard,7603.0,4213.71,155.71,193.12,8,3,1003,58,31,ATM,ATM,OTP,Yes,No,No,No,5,Sunday,True,0.0,0,Low Risk
2019-01-02 12:07:52,"Nitzsche, Kessler and Wolff",shopping_pos,8.9,M,Bowdoin,ME,44.0575,-69.9656,3224,"Engineer, electronics",1997-08-22,43.932408,-70.121833,0,4222,CUST007380,28,26-40,Standard,5936.0,2649.43,5.38,7.29,2,2,1352,23,96,ATM,Online,OTP,Yes,No,No,No,12,Wednesday,False,0.0,0,Low Risk
2019-01-06 11:35:23,Miller-Harris,misc_net,9.05,M,Falconer,NY,42.1239,-79.1895,3833,Metallurgist,1970-10-09,41.440894,-79.573668,0,16364,CUST009866,55,41-60,Gold,14438.0,5801.54,8.18,4.67,8,1,392,11,99,WEB,Online,Biometric,No,No,No,Yes,11,Sunday,True,0.0,0,Low Risk
2019-01-13 18:59:28,Medhurst Inc,home,28.58,F,Burbank,WA,46.1966,-118.9017,3684,Musician,1981-11-29,45.216764,-118.566292,0,45777,CUST002640,44,41-60,Standard,5477.0,2378.67,17.19,22.59,4,2,1081,84,89,ATM,Online,Biometric,Yes,No,No,No,18,Sunday,True,0.0,0,Low Risk
2019-01-01 21:35:14,Kling-Ernser,entertainment,64.64,M,Norman Park,GA,31.2462,-83.6549,5666,Rural practice surveyor,2003-09-14,32.222931,-83.162959,0,31023,CUST000133,22,18-25,Standard,4361.0,2161.43,43.54,54.13,2,1,486,20,45,MOBILE,ATM,OTP,Yes,No,No,No,21,Tuesday,False,0.0,0,Low Risk
2019-01-18 10:25:41,"Greenholt, Jacobi and Gleason",gas_transport,69.54,M,Tallmansville,WV,38.8564,-80.158,571,Accounting technician,1967-09-16,38.382805,-79.627613,0,24465,CUST009645,58,41-60,Standard,5190.0,2999.77,63.03,59.84,5,2,916,75,42,ATM,Online,PIN,Yes,Yes,No,Yes,10,Friday,False,0.0,0,Low Risk
2019-01-04 14:19:03,Baumbach Ltd,personal_care,9.08,F,Moravian Falls,NC,36.0788,-81.1781,3495,"Psychologist, counselling",1988-03-09,35.973346,-80.256703,0,27127,CUST007717,37,26-40,Platinum,49463.0,14312.21,7.0,5.23,7,0,55,57,52,ATM,Online,PIN,Yes,No,No,No,14,Friday,False,0.01,0,Low Risk
2019-01-13 21:18:40,Jacobi Inc,health_fitness,1.7,F,Pembroke Township,IL,41.0646,-87.5917,2135,"Psychotherapist, child",2004-05-08,41.588402,-88.092662,0,60441,CUST004343,21,18-25,Standard,4798.0,2032.73,1.61,1.6,2,3,68,28,89,MOBILE,Online,OTP,Yes,No,No,No,21,Sunday,True,0.0,0,Low Risk
2019-01-06 23:47:56,Bashirian Group,shopping_net,398.79,F,Newhall,CA,34.3795,-118.523,34882,Health physicist,1971-04-25,34.057523,-118.682385,0,91302,CUST004689,54,41-60,Standard,4267.0,1749.6,256.8,376.05,8,0,633,49,71,WEB,Online,Biometric,Yes,No,No,Yes,23,Sunday,True,0.14,0,Low Risk
2019-01-05 22:01:10,Donnelly LLC,entertainment,158.25,M,Tekoa,WA,47.2271,-117.0819,895,Clothing/textile technologist,1999-05-31,47.256899,-117.561177,0,45777,CUST005212,26,26-40,Standard,4475.0,2211.57,128.32,90.15,10,3,943,46,54,MOBILE,Online,Biometric,Yes,Yes,No,Yes,22,Saturday,True,0.0,0,Low Risk
2019-01-18 11:54:15,Bartoletti-Wunsch,gas_transport,91.9,M,Sachse,TX,32.9643,-96.6012,20328,Site engineer,1985-06-20,33.14965,-97.489579,0,76023,CUST007361,40,26-40,Standard,5404.0,3596.26,68.55,37.755,1,4,68,47,85,WEB,POS,Biometric,Yes,Yes,No,No,11,Friday,False,0.0,0,Low Risk
2019-01-11 02:09:32,DuBuque LLC,grocery_pos,163.97,F,Whaleyville,MD,38.4121,-75.2811,718,Regulatory affairs officer,1985-03-19,38.209756,-75.774671,0,21853,CUST006158,40,26-40,Gold,14239.0,12167.2,133.81,188.82,8,0,79,19,27,WEB,Online,OTP,No,Yes,No,No,2,Friday,False,0.02,0,Low Risk
2019-01-16 04:19:14,McGlynn-Jaskolski,misc_pos,92.52,F,Lakeland,FL,27.9865,-82.0139,237282,Clothing/textile technologist,1979-07-03,27.319303,-82.099554,0,34251,CUST007191,46,41-60,Standard,5390.0,2150.17,74.09,50.01,7,1,365,67,16,ATM,Online,Biometric,Yes,No,No,Yes,4,Wednesday,False,0.0,0,Low Risk
2019-01-18 18:46:47,Kerluke-Abshire,shopping_net,2.19,F,Uledi,PA,39.8936,-79.7856,328,Tree surgeon,1983-07-25,40.532975,-79.59021,0,15613,CUST005283,42,41-60,Standard,6046.0,3029.77,1.91,1.29,9,1,468,83,20,POS,POS,OTP,Yes,Yes,No,No,18,Friday,False,0.0,0,Low Risk
2019-01-18 19:09:06,"Weimann, Kuhic and Beahan",shopping_pos,5.89,F,Vero Beach,FL,27.633,-80.4031,105638,"Librarian, public",1986-05-07,27.296692,-80.765371,0,34974,CUST005917,39,26-40,Gold,17469.0,13860.85,3.82,3.85,7,3,381,59,74,WEB,ATM,Biometric,Yes,Yes,No,No,19,Friday,False,0.0,0,Low Risk
2019-01-16 22:06:28,Terry Ltd,home,75.52,M,Alva,WY,44.6873,-104.4414,110,"Administrator, local government",1973-05-16,44.859487,-104.212457,0,45777,CUST008850,52,41-60,Gold,16520.0,10836.85,66.48,81.74,5,0,1096,35,56,ATM,ATM,Biometric,No,Yes,No,No,22,Wednesday,False,0.0,0,Low Risk
2019-01-04 19:42:56,Gibson-Deckow,entertainment,123.89,F,Amanda,OH,39.6251,-82.7552,4512,Farm manager,1992-10-03,39.454613,-82.617368,0,43152,CUST003283,33,26-40,Platinum,52712.0,18275.04,77.34,129.9,11,0,925,39,37,WEB,Mobile,PIN,Yes,No,No,No,19,Friday,False,0.0,0,Low Risk
2019-01-03 19:49:13,McGlynn-Jaskolski,misc_pos,239.64,M,Grant,AL,34.4959,-86.259,5901,Curator,1972-07-25,34.438563,-86.078179,0,35975,CUST005894,53,41-60,Standard,5053.0,3605.23,208.19,194.31,7,4,885,60,69,ATM,POS,PIN,No,Yes,No,No,19,Thursday,False,0.01,0,Low Risk
2019-01-14 00:51:04,Nader-Heller,misc_net,5.63,F,Cromona,KY,37.1788,-82.695,502,Chief Financial Officer,1960-02-01,36.312308,-83.231802,0,37811,CUST010893,65,60+,Standard,6872.0,1760.19,5.19,6.66,4,2,128,61,71,ATM,Online,Biometric,Yes,Yes,No,No,0,Monday,False,0.0,0,Low Risk
2019-01-01 04:02:55,Kutch LLC,gas_transport,46.24,F,Delhi,LA,32.3929,-91.4714,6581,Multimedia programmer,1964-02-13,32.676083,-90.60461,0,39162,CUST007723,61,60+,Gold,17108.0,4373.15,35.48,39.62,11,0,582,89,84,POS,POS,PIN,Yes,Yes,No,No,4,Tuesday,False,0.0,0,Low Risk
2019-01-11 07:05:43,Fisher-Schowalter,shopping_net,3.67,F,Campbell,NE,40.2967,-98.737,493,"Surveyor, minerals",1940-09-13,40.310944,-99.485579,0,68967,CUST010768,85,60+,Standard,7306.0,5608.38,2.66,1.88,9,3,232,10,45,MOBILE,ATM,OTP,Yes,No,No,No,7,Friday,False,0.0,0,Low Risk
2019-01-09 07:05:33,"Little, Gutmann and Lynch",shopping_net,110.28,M,Oaks,PA,40.1334,-75.4536,737,Oceanographer,1987-04-24,39.910692,-75.096866,0,8107,CUST007634,38,26-40,Standard,7556.0,5071.69,104.35,118.07,7,2,1220,64,69,POS,POS,Biometric,Yes,Yes,No,No,7,Wednesday,False,0.0,0,Low Risk
2019-01-06 19:21:44,"Conroy, Balistreri and Gorczany",health_fitness,77.44,M,Shippingport,PA,40.6025,-80.3863,198,Secretary/administrator,1978-10-26,41.34713,-81.028118,0,44491,CUST006660,47,41-60,Platinum,52470.0,38843.52,53.16,48.11,6,2,1364,67,24,WEB,Online,Biometric,Yes,Yes,No,No,19,Sunday,True,0.0,0,Low Risk
2019-01-13 08:38:05,Heller-Langosh,gas_transport,62.56,F,Spencer,SD,43.7557,-97.5936,343,"Development worker, international aid",1972-03-05,43.439909,-96.899338,0,57064,CUST007791,53,41-60,Gold,16402.0,7711.67,48.91,57.51,10,3,360,22,72,MOBILE,ATM,OTP,Yes,Yes,No,No,8,Sunday,True,0.0,0,Low Risk
2019-01-14 15:39:56,Kihn-Schuster,food_dining,93.76,F,Browning,MO,40.029,-93.1607,602,Cytogeneticist,1954-07-14,41.012107,-93.838752,0,50213,CUST005831,71,60+,Gold,16364.0,13528.62,87.5,73.72,10,2,1014,7,34,ATM,Mobile,PIN,No,Yes,No,No,15,Monday,False,0.0,0,Low Risk
2019-01-11 10:30:59,Kris-Weimann,misc_net,5.71,M,Alexandria,VA,38.832,-77.12,321490,"Scientist, biomedical",1991-10-04,37.942214,-77.0602069999999,0,23126,CUST002796,34,26-40,Standard,4596.0,2935.72,3.79,5.79,6,0,445,27,1,MOBILE,Mobile,PIN,Yes,Yes,No,No,10,Friday,False,0.0,0,Low Risk
2019-01-05 17:55:49,Little-Gleichner,travel,4.61,M,North Las Vegas,NV,36.2815,-115.1482,214518,Catering manager,1960-01-16,35.971821,-115.814232,0,89061,CUST002831,65,60+,Standard,4004.0,1658.16,4.23,2.36,5,3,148,13,54,POS,Online,PIN,Yes,No,No,Yes,17,Saturday,True,0.01,0,Low Risk
2019-01-08 13:34:07,Wilkinson Ltd,entertainment,94.93,M,Wilmette,IL,42.0765,-87.7246,27020,Trade mark attorney,1986-07-23,42.61491,-86.740249,0,45777,CUST008159,39,26-40,Gold,17068.0,9788.77,78.36,76.49,8,0,1234,38,79,ATM,ATM,PIN,Yes,No,No,No,13,Tuesday,False,0.0,0,Low Risk
2019-01-18 17:32:48,Auer LLC,personal_care,82.56,M,Lawrence,MA,42.6911,-71.1605,76383,Geoscientist,1985-04-04,42.338832,-72.091803,0,1068,CUST010207,40,26-40,Gold,15070.0,5062.88,36.06,60.52,5,4,1284,9,70,ATM,ATM,OTP,Yes,Yes,Yes,No,17,Friday,False,0.0,0,Low Risk
2019-01-01 12:03:05,"Lehner, Reichert and Mills",misc_pos,1.03,F,East Canaan,CT,42.0158,-73.2913,647,Comptroller,1987-09-26,41.565314,-73.91443,0,12590,CUST003656,38,26-40,Platinum,51224.0,37998.54,0.75,0.92,10,1,967,14,63,ATM,POS,OTP,Yes,No,No,Yes,12,Tuesday,False,0.01,0,Low Risk
2019-01-05 16:15:07,Boyer PLC,shopping_net,8.08,F,Marathon,TX,30.1886,-103.2214,498,Lexicographer,1990-11-23,29.281819,-104.144799,0,45777,CUST006433,35,26-40,Standard,6606.0,4454.17,4.85,5.52,5,4,62,58,57,POS,Online,PIN,Yes,No,No,No,16,Saturday,True,0.0,0,Low Risk
2019-01-16 04:20:46,"Casper, Hand and Zulauf",grocery_pos,181.1,M,Arcadia,MI,44.5232,-86.2061,680,"Designer, jewellery",1966-12-21,44.937306,-85.396878,0,49648,CUST008281,59,41-60,Standard,4467.0,3074.4,170.3,201.66,11,4,304,93,47,MOBILE,ATM,PIN,Yes,No,No,No,4,Wednesday,False,0.01,0,Low Risk
2019-01-15 22:43:30,Adams-Barrows,health_fitness,150.23,F,Topeka,KS,39.1329,-95.7023,163415,Secondary school teacher,2004-12-30,39.775746,-94.815092,0,64506,CUST006370,21,18-25,Standard,5653.0,1844.0,119.66,125.72,2,4,600,43,92,MOBILE,Mobile,Biometric,Yes,Yes,No,No,22,Tuesday,False,0.01,0,Low Risk
2019-01-15 15:28:02,Barrows PLC,shopping_pos,2.57,M,Birmingham,AL,33.4629,-86.7904,493806,Musician,1980-07-12,32.487634,-87.652929,0,36738,CUST000641,45,41-60,Standard,6441.0,5116.06,36.06,2.9,6,0,267,14,20,POS,Online,OTP,Yes,No,No,No,15,Tuesday,False,0.0,0,Low Risk
2019-01-07 21:27:12,"Weber, Thiel and Hammes",kids_pets,72.51,M,Mc Veytown,PA,40.5046,-77.7186,4653,Nutritional therapist,1997-07-01,39.891732,-77.991725,0,17233,CUST009270,28,26-40,Standard,7016.0,3610.81,44.33,79.61,11,0,112,71,8,ATM,POS,Biometric,Yes,Yes,No,No,21,Monday,False,0.0,0,Low Risk
2019-01-14 02:35:17,Kuvalis Ltd,gas_transport,57.65,F,Stirling,NJ,40.6774,-74.4968,2307,Science writer,1969-09-11,41.575173,-73.644717,0,12564,CUST008402,56,41-60,Gold,17716.0,13478.55,35.89,32.72,11,4,1184,98,26,POS,ATM,Biometric,Yes,Yes,No,No,2,Monday,False,0.0,0,Low Risk
2019-01-03 08:58:15,Schmitt Inc,gas_transport,62.23,F,Hinckley,OH,41.2419,-81.7453,7646,Medical sales representative,1988-09-15,41.287109,-80.76029,0,44484,CUST004207,37,26-40,Gold,17208.0,8592.0,56.3,55.35,7,1,159,98,95,WEB,Mobile,OTP,Yes,Yes,No,No,8,Thursday,False,0.01,0,Low Risk
2019-01-03 07:54:53,Doyle Ltd,grocery_pos,114.8,F,Monitor,WA,47.4852,-120.4158,584,Medical technical officer,1969-03-20,46.707189,-119.868531,0,99349,CUST009938,56,41-60,Standard,7468.0,5487.53,74.58,75.0,9,4,1167,82,7,MOBILE,Mobile,PIN,No,No,No,No,7,Thursday,False,0.0,0,Low Risk
2019-01-13 15:01:40,"Graham, Hegmann and Hammes",food_dining,25.63,M,Thida,AR,35.5762,-91.4539,111,Careers information officer,2000-06-13,36.498098,-92.220929,0,72537,CUST010285,25,18-25,Standard,5346.0,2183.15,23.94,16.86,7,3,378,15,86,ATM,Mobile,Biometric,Yes,Yes,No,No,15,Sunday,True,0.0,0,Low Risk
2019-01-18 21:02:33,Corwin-Gorczany,misc_net,8.65,F,University,MS,34.3396,-89.5736,4198,Curator,2001-06-22,35.133735,-89.476653,0,38076,CUST004509,24,18-25,Standard,7686.0,4856.24,5.79,4.86,4,2,691,88,23,WEB,Mobile,Biometric,Yes,Yes,No,No,21,Friday,False,0.0,0,Low Risk
2019-01-09 00:20:50,Huels-Nolan,gas_transport,88.08,M,New Holstein,WI,43.9446,-88.0911,5196,Child psychotherapist,1978-01-22,43.395008,-87.329107,0,45777,CUST009260,47,41-60,Standard,4146.0,2244.13,82.79,81.16,11,2,266,50,4,ATM,ATM,PIN,Yes,Yes,No,No,0,Wednesday,False,0.01,0,Low Risk
2019-01-11 17:52:15,Wisozk and Sons,misc_pos,3.55,M,Birmingham,AL,33.4629,-86.7904,493806,Musician,1980-07-12,32.815097,-86.8140189999999,0,36750,CUST008630,45,41-60,Standard,6352.0,4289.24,2.43,2.38,8,4,877,43,58,WEB,Online,Biometric,Yes,Yes,No,No,17,Friday,False,0.0,0,Low Risk
2019-01-07 05:49:58,"Welch, Rath and Koepp",entertainment,248.75,M,Claremont,CA,34.1092,-117.7183,35705,Wellsite geologist,1956-05-15,33.284777,-117.60339,0,92672,CUST001337,69,60+,Standard,4426.0,3444.17,228.96,174.01,6,3,1336,40,82,MOBILE,POS,Biometric,Yes,Yes,Yes,No,5,Monday,False,0.05,0,Low Risk
2019-01-09 17:29:12,"Streich, Rolfson and Wilderman",kids_pets,35.79,M,Mount Hope,AL,34.4793,-87.4769,1312,"Librarian, academic",1955-02-01,34.672201,-86.997644,0,35671,CUST006730,70,60+,Gold,17431.0,10406.53,31.04,33.46,7,3,757,45,67,POS,Online,Biometric,Yes,Yes,No,No,17,Wednesday,False,0.0,0,Low Risk
2019-01-11 23:47:23,Friesen Inc,shopping_pos,7.33,M,Grant,AL,34.4959,-86.259,5901,Curator,1972-07-25,35.167709,-85.364114,0,37377,CUST010989,53,41-60,Standard,6726.0,5237.77,6.48,8.22,5,1,1175,93,56,WEB,Mobile,PIN,Yes,Yes,No,Yes,23,Friday,False,0.01,0,Low Risk
2019-01-12 22:35:07,Homenick LLC,personal_care,43.07,F,Wilmington,NC,34.2651,-77.867,186140,English as a second language teacher,1983-02-08,35.255202,-78.418994,0,28366,CUST006926,42,41-60,Standard,7896.0,3440.51,37.53,26.03,1,4,590,42,36,ATM,POS,Biometric,Yes,Yes,No,No,22,Saturday,True,0.0,0,Low Risk
2019-01-02 12:14:09,Romaguera Ltd,health_fitness,45.61,F,Washington Court House,OH,39.537,-83.455,22305,Television floor manager,1939-03-09,39.652069,-84.15971,0,45459,CUST005067,86,60+,Standard,5361.0,3972.82,32.97,35.11,11,3,1354,19,77,ATM,ATM,Biometric,No,No,No,No,12,Wednesday,False,0.0,0,Low Risk
2019-01-15 05:47:43,Stamm-Rodriguez,misc_pos,75.06,M,Scarborough,ME,43.5835,-70.3457,18760,Make,1933-04-02,44.479014,-69.707264,0,4989,CUST007566,92,60+,Standard,6770.0,5894.1,48.68,76.94,11,1,67,39,1,POS,Mobile,OTP,Yes,Yes,No,No,5,Tuesday,False,0.01,0,Low Risk
2019-01-04 09:15:13,Mohr-Bayer,shopping_net,30.11,F,Haynes,AR,34.8838,-90.7666,222,"Programmer, applications",1963-05-19,35.233359,-89.779409,0,38133,CUST001861,62,60+,Standard,5969.0,1310.22,19.05,35.4,4,1,1041,36,37,ATM,Online,Biometric,Yes,Yes,No,No,9,Friday,False,0.0,0,Low Risk
2019-01-05 21:31:08,"Moore, Williamson and Emmerich",home,68.75,F,Phoenix,AZ,33.5623,-112.0559,1312922,Contractor,1981-10-24,32.597443,-111.568223,0,85131,CUST003329,44,41-60,Standard,5375.0,1588.74,57.5,74.31,10,4,480,22,30,WEB,Mobile,Biometric,Yes,Yes,No,No,21,Saturday,True,0.0,0,Low Risk
2019-01-07 19:55:53,Medhurst PLC,shopping_net,595.9,F,Roma,TX,26.4215,-99.0025,18128,IT trainer,1990-11-07,26.904435,-98.91783,0,78360,CUST003907,35,26-40,Standard,6680.0,1965.91,500.33,420.15,9,4,614,19,3,POS,Online,OTP,Yes,Yes,No,No,19,Monday,False,0.02,0,Low Risk
2019-01-15 03:06:31,Flatley Group,misc_pos,39.69,M,Schaefferstown,PA,40.3087,-76.2963,823,Gaffer,1982-07-02,39.401547,-76.580715,0,21286,CUST009312,43,41-60,Standard,4685.0,3592.25,29.39,28.98,2,4,1396,4,72,POS,Online,PIN,Yes,Yes,No,No,3,Tuesday,False,0.0,0,Low Risk
2019-01-15 07:24:26,Terry-Huel,shopping_net,1.83,F,Ash Flat,AR,36.2201,-91.6421,2856,Hydrologist,1926-08-27,35.868065,-92.632576,0,72650,CUST003981,99,60+,Platinum,52237.0,39418.62,1.17,1.72,5,2,1324,29,52,POS,Online,PIN,Yes,Yes,No,No,7,Tuesday,False,0.0,0,Low Risk
2019-01-15 11:36:15,Daugherty-Thompson,food_dining,56.78,F,Whigham,GA,30.8836,-84.3246,3430,"Editor, commissioning",1950-03-25,30.036475,-85.00038,0,45777,CUST009232,75,60+,Standard,4867.0,3947.77,52.4,57.33,4,1,480,90,51,ATM,ATM,Biometric,Yes,Yes,No,No,11,Tuesday,False,0.0,0,Low Risk
2019-01-15 23:03:08,Rippin-VonRueden,health_fitness,35.72,M,Keller,TX,32.9276,-97.2489,95035,Probation officer,1987-06-13,33.356642,-96.589516,0,75409,CUST004044,38,26-40,Standard,4358.0,3693.89,25.95,29.57,4,1,431,10,53,MOBILE,Mobile,OTP,No,Yes,No,No,23,Tuesday,False,0.0,0,Low Risk
2019-01-07 04:33:23,Ledner-Pfannerstill,gas_transport,70.34,M,Lamy,NM,35.4311,-105.9409,923,Public relations account executive,1964-06-22,34.857849,-105.123794,0,45777,CUST000080,61,60+,Gold,14433.0,11125.05,47.83,53.76,8,3,357,11,6,ATM,Online,OTP,Yes,Yes,No,No,4,Monday,False,0.0,0,Low Risk
2019-01-06 05:25:03,"Nienow, Ankunding and Collier",misc_pos,78.62,M,Huntsville,AL,34.6205,-86.551,190178,"Engineer, automotive",1959-06-06,35.029146,-87.095438,0,38473,CUST000324,66,60+,Standard,7934.0,1988.58,60.57,62.49,5,0,1022,17,30,ATM,Mobile,PIN,Yes,Yes,No,No,5,Sunday,True,0.0,0,Low Risk
2019-01-12 01:30:15,Dicki Ltd,grocery_net,65.72,F,Marietta,SC,35.0296,-82.5136,5648,Museum/gallery exhibitions officer,1934-10-06,34.185451,-81.886715,0,29037,CUST002430,91,60+,Gold,16485.0,12654.45,60.57,42.68,9,0,88,52,7,ATM,ATM,PIN,Yes,Yes,No,No,1,Saturday,True,0.0,0,Low Risk
2019-01-15 02:46:32,"Goldner, Kovacek and Abbott",grocery_pos,123.94,F,Tomales,CA,38.2427,-122.9145,337,Occupational psychologist,1954-07-05,37.668179,-122.907928,0,45777,CUST000241,71,60+,Gold,14180.0,7254.53,106.58,86.67,10,2,467,12,7,POS,ATM,OTP,Yes,Yes,No,No,2,Tuesday,False,0.0,0,Low Risk
2019-01-18 19:11:36,Connelly-Carter,home,79.98,F,Higganum,CT,41.4682,-72.5751,5438,"Librarian, academic",1964-11-17,41.735229,-72.337174,0,6232,CUST005699,61,60+,Standard,6934.0,5625.39,50.09,70.11,1,4,455,11,67,POS,POS,PIN,Yes,Yes,No,Yes,19,Friday,False,0.01,0,Low Risk
2019-01-07 20:07:41,Dickinson Ltd,misc_pos,24.65,F,Grover,NC,35.1836,-81.4552,5621,Toxicologist,1973-11-14,35.618602,-80.637489,0,28023,CUST008351,52,41-60,Standard,5699.0,1818.35,17.69,27.86,9,2,985,6,39,MOBILE,POS,Biometric,Yes,Yes,No,No,20,Monday,False,0.0,0,Low Risk
2019-01-01 02:47:57,Schmeler Inc,misc_pos,1.67,F,Greenwood,IN,39.596,-86.1309,78968,Financial adviser,1968-02-10,39.332626,-85.348522,0,47036,CUST009031,57,41-60,Standard,5897.0,4750.82,1.03,1.54,3,0,849,92,32,POS,ATM,PIN,Yes,Yes,No,No,2,Tuesday,False,0.0,0,Low Risk
2019-01-16 11:18:01,"Bernhard, Grant and Langworth",shopping_pos,2.55,F,Howes Cave,NY,42.7045,-74.3648,1304,Jewellery designer,1970-06-09,42.33887,-74.124321,0,12405,CUST002760,55,41-60,Standard,5929.0,4025.77,2.01,1.61,4,0,562,42,29,POS,Online,PIN,Yes,Yes,No,Yes,11,Wednesday,False,0.0,0,Low Risk
2019-01-01 20:16:25,Pouros-Conroy,shopping_pos,6.49,F,Red River,NM,36.6659,-105.4694,606,"Surveyor, land/geomatics",1988-09-06,37.311043,-105.471246,0,81152,CUST002511,37,26-40,Platinum,50364.0,35074.12,5.29,4.02,5,3,320,97,49,POS,ATM,Biometric,Yes,Yes,No,No,20,Tuesday,False,0.0,0,Low Risk
2019-01-08 15:49:01,Satterfield-Lowe,travel,9.43,M,Belfast,NY,42.32,-78.0943,1766,Mechanical engineer,1962-06-04,42.161575,-77.306957,0,14820,CUST005173,63,60+,Standard,5487.0,4488.04,7.29,10.02,10,0,1392,38,21,MOBILE,POS,PIN,Yes,No,No,No,15,Tuesday,False,0.0,0,Low Risk
2019-01-04 04:50:40,Lynch Ltd,shopping_pos,33.54,F,Mound City,MO,40.1362,-95.2138,1631,Architect,1953-01-20,40.387881,-94.908391,0,64468,CUST000353,72,60+,Standard,4472.0,1958.2,20.98,38.27,7,1,1059,40,71,MOBILE,Mobile,OTP,Yes,No,No,No,4,Friday,False,0.0,0,Low Risk
2019-01-10 19:06:50,Monahan-Morar,personal_care,190.59,F,Bridgeport,NJ,39.8016,-75.3478,504,"Engineer, control and instrumentation",1980-08-17,39.51094,-74.726051,0,8330,CUST005372,45,41-60,Standard,6722.0,1537.83,164.48,153.73,10,4,68,29,56,ATM,Online,OTP,Yes,Yes,No,Yes,19,Thursday,False,0.0,0,Low Risk
2019-01-07 15:35:04,"Hills, Hegmann and Schaefer",health_fitness,3.47,F,Hinesburg,VT,44.3346,-73.098,4542,Claims inspector/assessor,1998-03-19,43.606045,-72.205739,0,3756,CUST002922,27,26-40,Gold,16026.0,3779.91,2.22,2.22,11,0,953,25,9,MOBILE,ATM,Biometric,Yes,Yes,No,No,15,Monday,False,0.0,0,Low Risk
2019-01-04 19:21:20,Feil-Morar,health_fitness,113.1,F,Thomas,WV,39.1505,-79.503,836,Forensic psychologist,1981-08-29,39.758139,-80.1765329999999,0,15362,CUST000836,44,41-60,Standard,4556.0,4482.125,85.95,88.98,11,3,271,35,83,WEB,Mobile,Biometric,Yes,Yes,No,No,19,Friday,False,0.0,0,Low Risk
2019-01-04 05:23:51,Heidenreich PLC,grocery_pos,219.83,F,De Soto,KS,38.9462,-94.9714,5760,Chief Executive Officer,1978-10-01,39.052977,-94.861095,0,66226,CUST004300,47,41-60,Standard,4755.0,1038.6,36.06,252.51,9,2,672,50,10,POS,POS,OTP,Yes,Yes,No,No,5,Friday,False,0.02,0,Low Risk
2019-01-01 03:10:59,"Stanton, Jakubowski and Baumbach",shopping_net,8.65,F,Keisterville,PA,39.9636,-79.7853,184,Systems developer,1945-11-04,39.064097,-79.342751,0,26260,CUST006422,80,60+,Gold,15417.0,4482.125,5.91,8.73,7,4,1434,10,96,POS,ATM,OTP,Yes,No,No,No,3,Tuesday,False,0.01,0,Low Risk
2019-01-11 20:04:58,Rau-Grant,kids_pets,5.25,F,Fullerton,NE,41.366,-98.0054,1749,"Surveyor, mining",1973-05-07,41.49132,-97.924151,0,68660,CUST009073,52,41-60,Standard,6261.0,1557.73,4.87,4.43,7,3,1404,20,83,POS,Online,PIN,Yes,No,Yes,No,20,Friday,False,0.01,0,Low Risk
2019-01-14 16:28:41,Medhurst Inc,home,4.67,M,Naples,FL,26.1184,-81.7361,276002,"Programme researcher, broadcasting/film/video",1979-01-02,25.311148,-82.572144,0,45777,CUST001368,46,41-60,Standard,4302.0,2226.51,3.01,4.34,10,4,334,90,81,WEB,POS,OTP,Yes,Yes,No,No,16,Monday,False,0.0,0,Low Risk
2019-01-01 04:52:39,Lesch Ltd,shopping_pos,2.16,M,Tallmansville,WV,38.8564,-80.158,571,Accounting technician,1967-09-16,37.880328,-79.1798599999999,0,24483,CUST006896,58,41-60,Standard,4229.0,4482.125,1.84,2.58,8,4,1311,31,7,MOBILE,POS,OTP,Yes,No,No,No,4,Tuesday,False,0.0,0,Low Risk
2019-01-08 04:37:20,Runte-Mohr,food_dining,35.94,F,West Palm Beach,FL,26.7197,-80.1248,459921,Historic buildings inspector/conservation officer,1960-06-14,27.187804,-80.01664,0,45777,CUST006645,65,60+,Standard,6589.0,2000.26,22.98,20.44,7,1,720,45,2,ATM,Mobile,OTP,Yes,No,No,No,4,Tuesday,False,0.0,0,Low Risk
2019-01-05 23:49:26,"Yost, Block and Koepp",misc_pos,9.98,F,Alpharetta,GA,34.077,-84.3033,165556,Prison officer,1997-12-27,34.206923,-84.82413,0,30121,CUST003785,28,26-40,Standard,4092.0,4482.125,8.92,5.23,2,2,331,10,34,MOBILE,Mobile,OTP,Yes,Yes,No,Yes,23,Saturday,True,0.01,0,Low Risk
2019-01-07 19:02:40,"Ferry, Lynch and Kautzer",misc_net,102.57,F,Kingsford Heights,IN,41.4802,-86.6919,1423,"Psychologist, forensic",1998-10-07,42.304785,-86.774229,0,45777,CUST003229,27,26-40,Standard,4406.0,3550.72,80.49,87.03,10,2,1432,55,51,POS,ATM,OTP,Yes,Yes,No,No,19,Monday,False,0.0,0,Low Risk
2019-01-18 03:55:04,"Streich, Hansen and Veum",gas_transport,79.92,M,Huntsville,AL,34.6205,-86.551,190178,"Engineer, automotive",1959-06-06,34.346939,-86.097229,0,35951,CUST010950,66,60+,Standard,7264.0,6066.97,52.11,78.07,6,0,217,28,64,POS,ATM,PIN,Yes,Yes,No,No,3,Friday,False,0.0,0,Low Risk
2019-01-05 02:55:10,Conroy Ltd,shopping_pos,3.14,M,Louisiana,MO,39.4336,-91.0664,4593,"Teacher, early years/pre",1940-11-11,40.421402,-91.836459,0,63453,CUST001262,85,60+,Standard,7744.0,5241.11,2.96,2.95,11,4,209,1,92,POS,ATM,PIN,Yes,No,No,No,2,Saturday,True,0.0,0,Low Risk
2019-01-13 05:45:01,Cole PLC,grocery_pos,100.47,F,Holstein,NE,40.4542,-98.6538,331,Telecommunications researcher,1950-08-19,39.882621,-98.768301,0,66967,CUST009499,75,60+,Standard,4832.0,1851.77,68.62,111.5,6,1,1163,51,62,MOBILE,Online,PIN,Yes,Yes,No,No,5,Sunday,True,0.0,0,Low Risk
2019-01-11 17:29:42,Rau-Grant,kids_pets,14.36,M,Washington,DC,38.9367,-76.994,601723,"Psychotherapist, child",1991-02-04,38.500089,-77.073815,0,20677,CUST010987,34,26-40,Gold,15568.0,13242.31,12.9,14.55,8,3,363,56,24,POS,Mobile,PIN,No,No,No,Yes,17,Friday,False,0.0,0,Low Risk
2019-01-05 21:45:00,Leannon-Ward,food_dining,89.85,F,Altonah,UT,40.3207,-110.436,302,"Sales professional, IT",1990-01-17,40.641211,-109.949445,0,84085,CUST001699,35,26-40,Gold,17434.0,11461.74,81.07,68.37,3,2,86,71,53,ATM,Mobile,OTP,Yes,Yes,Yes,Yes,21,Saturday,True,0.01,0,Low Risk
2019-01-07 02:29:37,Nader-Heller,misc_net,188.45,M,Purmela,TX,31.4841,-97.9903,258,Web designer,1943-12-15,30.519003,-98.619661,0,78675,CUST003126,82,60+,Standard,7462.0,2209.52,137.96,192.29,1,1,1187,29,40,WEB,ATM,Biometric,Yes,Yes,No,No,2,Monday,False,0.0,0,Low Risk
2019-01-14 14:16:06,"Hoppe, Harris and Bednar",entertainment,6.49,F,Kansas City,MO,38.9621,-94.5959,545147,Counsellor,1987-11-18,38.000902,-94.354983,0,64779,CUST000211,38,26-40,Gold,14161.0,5107.03,4.01,6.62,9,4,481,97,31,WEB,POS,PIN,Yes,Yes,No,No,14,Monday,False,0.0,0,Low Risk
2019-01-18 19:53:37,"Ritchie, Bradtke and Stiedemann",travel,3.9,M,Sprague,NE,40.6267,-96.7456,142,Chiropodist,1967-08-24,41.240886,-97.017673,0,68014,CUST006282,58,41-60,Standard,5055.0,1126.9,3.28,1.97,10,4,595,99,91,WEB,ATM,OTP,Yes,Yes,No,No,19,Friday,False,0.0,0,Low Risk
2019-01-06 18:03:23,Sporer-Keebler,personal_care,1.92,F,Clarks Mills,PA,41.3851,-80.1752,606,Energy manager,1997-09-22,41.880332,-80.483629,0,16443,CUST009354,28,26-40,Standard,4555.0,3225.19,1.52,1.62,2,1,683,50,78,WEB,Online,Biometric,Yes,Yes,No,No,18,Sunday,True,0.0,0,Low Risk
2019-01-10 21:27:02,Monahan-Morar,personal_care,69.14,M,Acworth,NH,43.196,-72.3001,477,Naval architect,1988-04-15,42.444247,-72.374911,0,1072,CUST005297,37,26-40,Standard,7886.0,5274.81,56.15,38.27,7,1,670,29,70,MOBILE,POS,Biometric,Yes,Yes,No,No,21,Thursday,False,0.01,0,Low Risk
2019-01-14 13:55:32,Kozey-Kuhlman,personal_care,22.72,F,Surrency,GA,31.6489,-82.1982,1324,"Engineer, technical sales",1926-07-12,32.459642,-82.278493,0,30401,CUST000057,99,60+,Standard,6882.0,5962.35,21.1,21.75,9,3,246,35,83,MOBILE,Online,PIN,Yes,No,No,No,13,Monday,False,0.01,0,Low Risk
2019-01-02 23:25:35,"Schiller, Blanda and Johnson",home,85.49,F,Florence,MS,32.153,-90.1217,19685,Fine artist,1984-12-24,32.949063,-89.2517709999999,0,45777,CUST000674,41,41-60,Standard,6029.0,4335.59,79.18,54.5,8,2,442,29,66,ATM,Online,Biometric,Yes,Yes,Yes,No,23,Wednesday,False,0.0,0,Low Risk
2019-01-11 09:35:05,"Nienow, Ankunding and Collier",misc_pos,2.79,F,Manistique,MI,46.0062,-86.2555,6469,Trade mark attorney,1979-04-12,45.516817,-85.537539,0,49782,CUST009094,46,41-60,Platinum,50792.0,37203.71,2.5,2.16,8,3,83,4,89,WEB,Online,Biometric,Yes,No,Yes,No,9,Friday,False,0.0,0,Low Risk
2019-01-13 02:55:15,Bauch-Raynor,grocery_pos,87.7,F,Mountain Park,OK,34.7032,-98.9591,540,Research scientist (life sciences),1983-10-12,35.62071,-98.681754,0,73096,CUST003736,42,41-60,Standard,6088.0,5066.46,69.68,68.38,1,0,923,93,22,WEB,Online,PIN,Yes,Yes,Yes,No,2,Sunday,True,0.0,0,Low Risk
2019-01-15 03:51:07,Howe PLC,entertainment,13.62,F,New Waverly,TX,30.5354,-95.4532,4993,"Scientist, biomedical",1948-11-30,30.124784,-96.422664,0,77833,CUST006818,77,60+,Standard,7840.0,5299.19,8.77,11.3,6,3,1100,34,80,WEB,ATM,OTP,Yes,Yes,No,No,3,Tuesday,False,0.0,0,Low Risk
2019-01-13 22:55:28,Pouros-Haag,shopping_pos,9.48,F,East Canaan,CT,42.0158,-73.2913,647,Comptroller,1987-09-26,41.40124,-72.558629,0,6419,CUST008514,38,26-40,Platinum,52597.0,43069.49,8.33,10.94,7,1,622,44,22,MOBILE,POS,Biometric,Yes,Yes,No,Yes,22,Sunday,True,0.02,0,Low Risk
2019-01-14 21:55:56,Quitzon-Goyette,home,74.05,M,Irwinton,GA,32.8088,-83.1739999999999,1841,Film/video editor,1975-06-01,33.223506,-82.5944849999999,0,30810,CUST005986,50,41-60,Standard,5198.0,4594.5,57.79,75.44,2,1,975,16,6,ATM,POS,PIN,Yes,Yes,No,No,21,Monday,False,0.0,0,Low Risk
2019-01-12 13:39:27,"Kilback, Nitzsche and Leffler",travel,566.39,M,Oaks,PA,40.1334,-75.4536,737,Oceanographer,1987-04-24,40.171798,-75.3718689999999,0,19403,CUST003280,38,26-40,Standard,5273.0,4482.125,367.35,451.83,2,0,1316,69,38,MOBILE,POS,Biometric,Yes,No,No,No,13,Saturday,True,0.09,0,Low Risk
2019-01-11 04:48:20,"Nitzsche, Kessler and Wolff",shopping_pos,7.64,F,Dunlevy,PA,40.1151,-79.8627,427,Mining engineer,1951-02-05,40.716026,-79.8884219999999,0,16059,CUST007179,74,60+,Standard,7184.0,5495.48,6.61,8.87,10,3,269,54,91,POS,Mobile,PIN,Yes,Yes,No,No,4,Friday,False,0.0,0,Low Risk
2019-01-10 14:17:34,"Graham, Hegmann and Hammes",food_dining,2.91,M,Murrayville,IL,39.5723,-90.2379,1512,Commercial/residential surveyor,2003-05-07,39.912334,-89.515312,0,62693,CUST008482,22,18-25,Standard,5937.0,2291.29,36.06,3.38,5,0,1322,70,93,ATM,Online,OTP,Yes,Yes,No,No,14,Thursday,False,0.01,0,Low Risk
2019-01-03 22:21:14,Bednar Inc,travel,9.27,M,Arlington,VA,38.8954,-77.1633,207410,Mudlogger,1984-07-03,38.097699,-77.752495,0,22534,CUST008710,41,41-60,Standard,6688.0,2786.26,6.06,7.38,2,4,775,17,32,POS,Online,Biometric,Yes,Yes,No,No,22,Thursday,False,0.0,0,Low Risk
2019-01-15 08:33:28,"Konopelski, Schneider and Hartmann",food_dining,87.76,F,Gadsden,AL,34.048,-85.9246,67082,Physiological scientist,1963-02-09,33.964979,-86.035207,0,35901,CUST005538,62,60+,Standard,6322.0,4043.91,77.5,100.14,4,4,343,36,94,MOBILE,POS,Biometric,Yes,Yes,No,No,8,Tuesday,False,0.0,0,Low Risk
2019-01-12 22:00:20,Gulgowski LLC,home,20.38,F,Westfir,OR,43.7575,-122.481,597,Forensic psychologist,1961-05-19,42.969125,-122.642941,0,45777,CUST003498,64,60+,Standard,7703.0,6799.18,18.39,20.32,11,4,191,75,82,MOBILE,ATM,Biometric,Yes,No,No,No,22,Saturday,True,0.01,0,Low Risk
2019-01-08 02:28:56,Bashirian Group,shopping_net,93.69,M,Orr,MN,48.1439,-92.8561,1680,Horticultural therapist,1976-12-10,47.566205,-93.372947,0,45777,CUST010247,49,41-60,Standard,7486.0,4482.125,84.11,62.95,8,4,479,33,90,WEB,Mobile,PIN,No,Yes,No,No,2,Tuesday,False,0.0,0,Low Risk
2019-01-12 02:16:13,Berge LLC,gas_transport,81.63,M,Glendale,CA,34.1556,-118.2322,172817,Advertising account planner,1982-07-30,34.371013,-119.220842,0,93022,CUST008048,43,41-60,Standard,4816.0,4223.8,66.69,64.82,8,0,812,8,51,ATM,ATM,OTP,Yes,No,No,No,2,Saturday,True,0.0,0,Low Risk
2019-01-01 15:17:13,"Bahringer, Bergnaum and Quitzon",home,33.6,F,Blackville,SC,33.3645,-81.2718,4913,Technical brewer,1966-11-10,32.585662,-80.709366,0,29940,CUST005636,59,41-60,Platinum,49636.0,42652.59,22.33,30.49,3,0,979,80,59,WEB,Online,OTP,No,Yes,No,No,15,Tuesday,False,0.0,0,Low Risk
2019-01-15 20:17:37,"Zboncak, Rowe and Murazik",shopping_net,180.31,F,Manistique,MI,46.0062,-86.2555,6469,Trade mark attorney,1979-04-12,46.684664,-85.343846,0,45777,CUST006437,46,41-60,Gold,14785.0,13175.83,115.21,195.89,9,1,495,95,17,MOBILE,Mobile,PIN,Yes,No,No,No,20,Tuesday,False,0.01,0,Low Risk
2019-01-14 15:34:59,Bednar Inc,travel,3.98,M,Hudson,NY,42.247,-73.7552,17867,Travel agency manager,1998-07-29,42.546225,-73.618652,0,12063,CUST006235,27,26-40,Gold,14710.0,11573.93,2.81,2.47,2,4,795,31,13,POS,Mobile,Biometric,Yes,Yes,No,Yes,15,Monday,False,0.0,0,Low Risk
2019-01-14 12:36:59,"Witting, Beer and Ernser",home,92.9,M,San Diego,CA,33.0067,-117.069,1241364,Chartered public finance accountant,1959-08-05,33.720219,-117.211231,0,92586,CUST004188,66,60+,Gold,14931.0,4213.29,78.32,110.32,1,2,1157,32,89,POS,Mobile,OTP,Yes,No,No,No,12,Monday,False,0.0,0,Low Risk
2019-01-17 13:03:16,"Greenholt, O'Hara and Balistreri",shopping_net,1.75,M,Zavalla,TX,31.1569,-94.3871,2836,"Designer, jewellery",1985-12-03,31.393304,-94.493073,0,75944,CUST009202,40,26-40,Gold,14420.0,4116.98,1.33,0.88,2,3,35,50,23,POS,Online,Biometric,Yes,Yes,No,Yes,13,Thursday,False,0.0,0,Low Risk
2019-01-14 21:42:25,"Moore, Williamson and Emmerich",home,74.33,F,Hawley,MN,46.9777,-96.4092,4508,Naval architect,1949-04-24,46.819991,-95.506715,0,45777,CUST000077,76,60+,Platinum,52056.0,41137.32,66.05,79.69,11,3,1187,63,76,WEB,Online,Biometric,Yes,Yes,No,No,21,Monday,False,0.0,0,Low Risk
2019-01-09 02:15:42,"Streich, Hansen and Veum",gas_transport,53.65,F,Hinesburg,VT,44.3346,-73.098,4542,Claims inspector/assessor,1998-03-19,44.551557,-74.072641,0,12989,CUST001269,27,26-40,Gold,17355.0,8865.16,34.16,43.01,4,1,556,51,69,ATM,ATM,OTP,No,Yes,No,Yes,2,Wednesday,False,0.0,0,Low Risk
2019-01-11 11:05:35,Towne LLC,misc_pos,156.92,F,Vancouver,WA,45.6892,-122.6616,299480,Teaching laboratory technician,1985-01-02,45.8975,-123.556221,0,97138,CUST008662,40,26-40,Gold,15478.0,5719.33,108.73,176.5,1,4,467,25,14,POS,Online,Biometric,Yes,Yes,No,No,11,Friday,False,0.0,0,Low Risk
2019-01-11 00:58:51,Herzog Ltd,misc_pos,29.48,M,Ravenna,NE,41.0233,-98.9041,2202,"Solicitor, Scotland",1974-06-21,41.642775,-99.555425,0,68874,CUST005779,51,41-60,Standard,4334.0,1567.83,27.73,29.69,8,0,746,14,72,MOBILE,ATM,OTP,Yes,Yes,No,No,0,Friday,False,0.01,0,Low Risk
2019-01-06 16:45:35,Nienow PLC,entertainment,50.06,M,Matawan,NJ,40.4109,-74.238,30770,Drilling engineer,1993-04-29,40.25954,-73.796215,0,45777,CUST006947,32,26-40,Gold,14896.0,4092.3,42.65,30.99,8,4,802,21,16,MOBILE,ATM,Biometric,Yes,Yes,No,No,16,Sunday,True,0.0,0,Low Risk
2019-01-09 10:10:41,Strosin-Cruickshank,grocery_pos,87.01,F,Cleveland,TX,30.33,-95.0202,34153,Building surveyor,1995-09-11,29.363713,-95.830003,0,77461,CUST007549,30,26-40,Platinum,50296.0,13918.58,74.08,69.86,9,2,1196,31,69,POS,ATM,PIN,Yes,No,No,Yes,10,Wednesday,False,0.0,0,Low Risk
2019-01-14 20:43:22,Botsford and Sons,home,23.76,F,Brandon,FL,27.9551,-82.2966,79613,Environmental consultant,1978-11-30,28.253883,-81.445915,0,34746,CUST010222,47,41-60,Standard,4171.0,3109.88,21.87,27.24,1,4,1066,50,4,WEB,ATM,Biometric,Yes,No,No,No,20,Monday,False,0.0,0,Low Risk
2019-01-06 22:52:11,"Okuneva, Schneider and Rau",shopping_pos,5.11,F,Manistique,MI,46.0062,-86.2555,6469,Trade mark attorney,1979-04-12,46.634551,-85.396201,0,45777,CUST003056,46,41-60,Standard,4703.0,4038.5,3.56,5.42,9,2,251,48,37,POS,ATM,PIN,Yes,Yes,No,No,22,Sunday,True,0.0,0,Low Risk
2019-01-07 02:55:47,"Kohler, Lindgren and Koelpin",grocery_net,43.58,F,Lakeport,CA,39.047,-122.9328,11256,Podiatrist,1972-10-18,38.642855,-122.821112999999,0,95448,CUST010903,53,41-60,Gold,17211.0,10839.38,39.74,48.42,10,0,333,13,6,WEB,Online,Biometric,Yes,Yes,No,No,2,Monday,False,0.0,0,Low Risk
2019-01-12 20:35:29,"Romaguera, Wehner and Tromp",kids_pets,21.26,F,Oolitic,IN,38.8938,-86.5246,1228,Counsellor,1991-03-13,39.10477,-86.3877069999999,0,47401,CUST007816,34,26-40,Standard,6832.0,5332.62,12.92,17.91,7,2,891,14,51,ATM,POS,Biometric,Yes,Yes,No,No,20,Saturday,True,0.0,0,Low Risk
2019-01-15 22:20:55,Schmidt-Larkin,home,31.91,M,Moulton,IA,40.6866,-92.6833,1132,Probation officer,1961-02-14,40.977096,-92.016646,0,52567,CUST001408,64,60+,Gold,14611.0,6893.38,25.86,26.81,8,1,628,98,52,WEB,Online,PIN,No,Yes,No,No,22,Tuesday,False,0.0,0,Low Risk
2019-01-13 10:30:38,"Goyette, Howell and Collier",shopping_pos,2.45,M,Akron,OH,41.0695,-81.5488,272134,Call centre manager,1964-03-15,40.078596,-81.161721,0,43983,CUST003643,61,60+,Standard,7367.5,1953.32,1.76,2.79,11,0,762,98,16,POS,ATM,OTP,Yes,No,No,No,10,Sunday,True,0.0,0,Low Risk
2019-01-13 23:51:36,Baumbach Ltd,personal_care,3.71,F,Centerview,MO,38.7897,-93.8702,2368,Electronics engineer,1989-07-17,39.624669,-93.55241,0,64638,CUST000989,36,26-40,Standard,7205.0,3437.17,2.52,3.2,8,3,973,50,97,POS,Mobile,Biometric,Yes,Yes,No,No,23,Sunday,True,0.0,0,Low Risk
2019-01-14 20:30:07,Waelchi Inc,kids_pets,269.44,M,Winfield,WV,38.5072,-81.89,5512,Exhibition designer,1980-03-24,38.773506,-81.2678,0,25276,CUST006856,45,41-60,Standard,6228.0,2559.19,186.52,240.14,8,0,1092,44,43,WEB,Mobile,OTP,No,Yes,No,No,20,Monday,False,0.02,0,Low Risk
2019-01-07 06:42:04,Metz-Boehm,shopping_pos,139.7,M,Egan,LA,30.251,-92.5002,1261,Broadcast presenter,1972-07-01,30.594949,-92.741329,0,70655,CUST000580,53,41-60,Gold,14971.0,11656.73,89.79,111.88,8,3,799,54,28,WEB,ATM,Biometric,Yes,Yes,No,No,6,Monday,False,0.0,0,Low Risk
2019-01-15 11:53:06,Bednar Group,misc_net,74.98,F,Holcomb,KS,37.9931,-100.9893,2691,Arboriculturist,1993-08-16,37.277467,-101.777625,0,67953,CUST001877,32,26-40,Standard,5863.0,4612.45,56.79,68.81,11,4,295,95,54,MOBILE,POS,OTP,Yes,Yes,No,No,11,Tuesday,False,0.0,0,Low Risk
2019-01-08 07:08:17,Murray Ltd,grocery_net,48.61,M,Mounds,OK,35.8896,-96.0887,7163,Fitness centre manager,1982-02-05,35.947077,-96.174206,0,74039,CUST010696,43,41-60,Standard,4509.0,2895.54,35.01,54.31,9,1,685,29,13,WEB,POS,Biometric,Yes,No,Yes,No,7,Tuesday,False,0.0,0,Low Risk
2019-01-15 14:36:28,Christiansen-Gusikowski,misc_pos,2.91,F,Georgetown,MN,47.0999,-96.727,346,"Research officer, trade union",1976-12-14,46.642506,-97.029364,0,58051,CUST003430,49,41-60,Standard,7555.0,3254.82,1.87,2.46,6,4,775,59,70,POS,Online,Biometric,Yes,No,No,No,14,Tuesday,False,0.0,0,Low Risk
2019-01-18 06:40:33,Cole PLC,grocery_pos,119.9,F,Fulton,SD,43.7588,-97.8712,355,Financial adviser,1955-06-26,44.438739,-97.83406,0,57353,CUST006789,70,60+,Platinum,52819.0,24445.21,86.18,137.6,5,3,148,34,92,MOBILE,Online,OTP,Yes,Yes,No,No,6,Friday,False,0.0,0,Low Risk
2019-01-09 15:08:20,"Schneider, Hayes and Nikolaus",food_dining,29.85,M,Holloway,OH,40.0113,-80.9701,128,Child psychotherapist,1946-04-03,39.675831,-81.86295,0,43756,CUST003177,79,60+,Gold,15856.0,8998.22,18.46,30.81,3,0,101,68,39,MOBILE,Mobile,OTP,Yes,Yes,No,No,15,Wednesday,False,0.0,0,Low Risk
2019-01-04 01:21:30,"Mosciski, Ziemann and Farrell",shopping_net,6.65,M,Moulton,IA,40.6866,-92.6833,1132,Probation officer,1961-02-14,40.327549,-93.454805,0,64645,CUST008211,64,60+,Standard,5082.0,3070.08,4.8,7.64,7,1,9,37,33,WEB,Online,PIN,Yes,Yes,No,No,1,Friday,False,0.0,0,Low Risk
2019-01-17 19:33:18,Jakubowski Inc,home,47.19,F,Sherman,TX,33.6372,-96.6184,46563,Systems developer,1970-09-11,32.6424,-96.978902,0,75249,CUST004662,55,41-60,Standard,7509.0,2927.69,38.74,55.66,2,1,628,79,9,ATM,Mobile,Biometric,Yes,Yes,No,No,19,Thursday,False,0.01,0,Low Risk
2019-01-05 14:08:02,"Schoen, Nienow and Bauch",personal_care,23.3,F,Gardiner,OR,43.7857,-124.1437,260,"Engineer, maintenance",1956-09-01,44.572181,-123.525989,0,97370,CUST007487,69,60+,Platinum,52207.0,27478.0,19.72,13.67,8,1,6,81,51,WEB,POS,PIN,Yes,No,No,No,14,Saturday,True,0.0,0,Low Risk
2019-01-12 00:34:48,"Ferry, Lynch and Kautzer",misc_net,5.92,M,Greenwich,NJ,39.4055,-75.3209,804,Insurance risk surveyor,1965-03-25,38.498164,-75.827309,0,21837,CUST003285,60,41-60,Gold,14739.0,7401.01,4.34,5.16,1,0,1209,91,7,WEB,POS,OTP,Yes,Yes,No,No,0,Saturday,True,0.0,0,Low Risk
2019-01-01 09:30:00,"Yost, Block and Koepp",misc_pos,76.86,F,Manchester,MD,39.6747,-76.8941,11751,Clinical research associate,1964-02-15,39.424532,-76.856695,0,21136,CUST010981,61,60+,Gold,17102.0,3963.53,70.29,45.79,3,4,1133,87,78,MOBILE,ATM,Biometric,No,Yes,No,No,9,Tuesday,False,0.0,0,Low Risk
2019-01-02 20:25:45,Hamill-Daugherty,misc_net,101.17,F,Clifton,SC,34.9906,-81.8327,167,Museum/gallery conservator,1988-11-01,34.597202,-82.1771349999999,0,29645,CUST009760,37,26-40,Standard,7622.0,6246.77,72.3,60.87,5,1,403,96,43,ATM,Mobile,PIN,Yes,Yes,No,Yes,20,Wednesday,False,0.0,0,Low Risk
2019-01-17 21:02:16,Prosacco LLC,personal_care,100.84,M,Dallas,TX,32.69,-96.9177,1263321,"Designer, interior/spatial",1952-09-27,32.610315,-97.129287,0,76001,CUST003035,73,60+,Gold,15550.0,4482.125,80.1,57.62,6,4,399,31,9,WEB,Online,PIN,Yes,Yes,No,No,21,Thursday,False,0.0,0,Low Risk
2019-01-18 06:40:11,Rempel Inc,shopping_net,92.01,M,Alder,MT,45.1939,-112.0568,286,Chief of Staff,1989-03-09,45.655596,-111.757701,0,59745,CUST004275,36,26-40,Gold,15986.0,12512.97,62.37,57.81,6,2,1233,42,67,POS,Online,Biometric,Yes,No,No,Yes,6,Friday,False,0.0,0,Low Risk
2019-01-03 18:40:27,"Monahan, Bogisich and Ledner",misc_pos,2.49,F,Sutherland,NE,41.1558,-101.136,1789,Insurance broker,1982-02-11,41.196425,-101.21898,0,69165,CUST007765,43,41-60,Standard,7436.0,4772.54,2.02,2.94,4,4,170,89,50,POS,ATM,Biometric,Yes,No,No,No,18,Thursday,False,0.0,0,Low Risk
2019-01-01 07:14:48,Kiehn-Emmerich,grocery_pos,67.98,M,Paulding,OH,41.141,-84.5722,6284,Secondary school teacher,1936-03-27,41.493388,-84.55955,0,43506,CUST007218,89,60+,Gold,16745.0,4922.81,45.93,52.98,9,3,913,1,52,MOBILE,POS,OTP,Yes,Yes,Yes,No,7,Tuesday,False,0.0,0,Low Risk
2019-01-02 18:06:50,Cormier LLC,health_fitness,73.83,M,Cokeburg,PA,40.1008,-80.0652,632,Dealer,1989-04-08,39.847851,-80.079637,0,15344,CUST002875,36,26-40,Gold,15544.0,13856.79,60.95,60.06,9,2,623,97,55,WEB,Online,OTP,Yes,Yes,No,No,18,Wednesday,False,0.0,0,Low Risk
2019-01-10 12:48:34,"Crist, Jakubowski and Littel",home,74.17,M,Christine,ND,46.5522,-96.7909,291,Television floor manager,1991-05-01,45.858849,-97.701747,0,57430,CUST002742,34,26-40,Platinum,52650.0,14578.23,57.59,73.27,5,3,890,61,69,MOBILE,Online,OTP,Yes,Yes,No,Yes,12,Thursday,False,0.0,0,Low Risk
2019-01-05 16:17:54,Harris Group,food_dining,37.48,M,Burbank,OK,36.6966,-96.7869,471,Sub,1941-03-30,36.545954,-97.4705,0,74630,CUST010735,84,60+,Platinum,50998.0,26702.93,33.41,32.8,5,3,131,83,7,POS,Online,PIN,Yes,No,No,No,16,Saturday,True,0.0,0,Low Risk
2019-01-07 14:25:58,Kassulke PLC,shopping_net,102.05,F,Burbank,WA,46.1966,-118.9017,3684,Musician,1981-11-29,45.434612,-119.078949,0,45777,CUST006648,44,41-60,Gold,17314.0,8680.97,94.81,37.755,9,3,543,28,67,WEB,POS,PIN,Yes,Yes,No,Yes,14,Monday,False,0.0,0,Low Risk
2019-01-06 23:07:56,Gulgowski LLC,home,121.37,F,Shenandoah Junction,WV,39.3716,-77.8229,1925,Systems developer,1966-02-14,39.613665,-77.1807,0,21787,CUST006766,59,41-60,Standard,4126.0,1127.2,89.2,105.03,2,4,267,22,45,ATM,Mobile,Biometric,Yes,No,No,No,23,Sunday,True,0.0,0,Low Risk
2019-01-07 02:33:39,O'Keefe-Hudson,grocery_pos,131.57,M,Oriskany Falls,NY,42.9576,-75.4838,1970,"Programmer, multimedia",1949-06-09,42.357895,-75.9420689999999,0,13862,CUST005865,76,60+,Gold,16120.0,5722.26,93.41,116.93,6,4,737,12,35,MOBILE,Mobile,PIN,Yes,No,No,No,2,Monday,False,0.0,0,Low Risk
2019-01-17 11:59:53,"Kutch, Hermiston and Farrell",gas_transport,72.92,F,May,TX,31.9571,-98.9656,1791,Corporate investment banker,1965-07-26,31.717789,-98.949764,0,76801,CUST004813,60,41-60,Standard,6897.0,1446.93,59.67,38.36,9,2,203,28,61,POS,Mobile,OTP,Yes,Yes,No,No,11,Thursday,False,0.0,0,Low Risk
2019-01-16 23:39:19,"Denesik, Powlowski and Pouros",home,85.08,M,Acworth,NH,43.196,-72.3001,477,Naval architect,1988-04-15,44.185313,-73.11374,0,5443,CUST007065,37,26-40,Standard,5323.0,2611.16,74.04,84.29,8,2,393,72,50,WEB,POS,PIN,Yes,No,No,No,23,Wednesday,False,0.0,0,Low Risk
2019-01-17 11:45:41,Sporer Inc,gas_transport,57.66,M,Leo,IN,41.2249,-85.0301,5341,Biomedical engineer,1994-11-24,40.883307,-85.91776,0,46974,CUST005759,31,26-40,Standard,5051.0,3065.14,50.24,43.02,6,2,1285,77,56,MOBILE,Mobile,OTP,Yes,Yes,No,No,11,Thursday,False,0.0,0,Low Risk
2019-01-13 17:17:51,Connelly-Carter,home,128.31,M,Matawan,NJ,40.4109,-74.238,30770,Drilling engineer,1993-04-29,40.451732,-74.931881,0,8556,CUST002117,32,26-40,Standard,6795.0,1784.74,80.51,67.52,5,0,1310,75,39,POS,Online,PIN,Yes,Yes,No,No,17,Sunday,True,0.0,0,Low Risk
2019-01-10 20:56:47,"McDermott, Osinski and Morar",home,29.64,F,Keisterville,PA,39.9636,-79.7853,184,Systems developer,1945-11-04,39.137876,-79.908322,0,26405,CUST004293,80,60+,Standard,4750.0,1372.88,23.77,23.78,7,4,344,21,61,WEB,POS,PIN,No,Yes,No,No,20,Thursday,False,0.0,0,Low Risk
2019-01-06 23:39:41,"Okuneva, Schneider and Rau",shopping_pos,5.94,F,Tyler,TX,32.2768,-95.3031,144160,Sports development officer,1984-05-04,33.14045,-95.928579,0,75422,CUST001556,41,41-60,Standard,5486.0,4829.09,3.65,3.0,1,0,1405,94,24,ATM,Online,OTP,Yes,Yes,No,No,23,Sunday,True,0.0,0,Low Risk
2019-01-07 23:41:01,Feil-Morar,health_fitness,14.52,F,Cisco,IL,39.9972,-88.6962,478,Landscape architect,1960-01-13,40.181012,-87.790093,0,61831,CUST001795,65,60+,Gold,15956.0,7080.81,10.03,13.95,3,3,74,86,56,POS,POS,Biometric,Yes,Yes,No,No,23,Monday,False,0.0,0,Low Risk
2019-01-10 16:46:43,Rolfson-Kunde,personal_care,73.38,F,Louisville,KY,38.2507,-85.7476,736284,Engineering geologist,1952-04-02,37.676928,-85.069556,0,40040,CUST000129,73,60+,Standard,5354.0,3359.37,46.2,78.97,3,3,844,57,47,POS,Mobile,Biometric,Yes,No,No,No,16,Thursday,False,0.01,0,Low Risk
2019-01-03 21:18:46,Gerlach Inc,shopping_net,14.35,F,Saint Amant,LA,30.2385,-90.8435,10076,"Surveyor, rural practice",1977-12-16,29.684417,-90.786679,0,70359,CUST004369,48,41-60,Standard,6684.0,1451.45,11.24,7.88,9,3,426,74,31,WEB,Mobile,PIN,Yes,Yes,No,Yes,21,Thursday,False,0.0,0,Low Risk
2019-01-12 11:46:21,"Schoen, Kuphal and Nitzsche",grocery_pos,152.95,M,Deadwood,SD,44.3566,-103.6999,1979,Multimedia programmer,1970-03-13,45.057434,-104.504431,0,45777,CUST001515,55,41-60,Standard,5917.0,1677.75,113.05,150.91,10,1,284,49,61,MOBILE,ATM,Biometric,No,Yes,No,Yes,11,Saturday,True,0.03,0,Low Risk
2019-01-09 23:30:54,"Metz, Russel and Metz",kids_pets,152.23,M,Thornville,OH,39.8974,-82.4071,9051,Audiological scientist,1983-01-08,39.641039,-83.188637,0,43164,CUST001201,42,41-60,Standard,4959.0,4482.125,100.29,146.06,7,0,907,40,38,MOBILE,ATM,Biometric,Yes,No,No,No,23,Wednesday,False,0.04,0,Low Risk
2019-01-08 20:23:56,Kassulke PLC,shopping_net,5.99,F,Albuquerque,NM,35.1506,-106.569,641349,Civil Service administrator,1976-04-11,35.528234,-106.702783,0,87053,CUST007660,49,41-60,Standard,7233.0,5497.25,3.74,6.9,6,1,1137,98,90,POS,Online,OTP,No,No,No,No,20,Tuesday,False,0.0,0,Low Risk
2019-01-02 23:25:12,Howe PLC,entertainment,114.86,F,Kingsport,TN,36.4715,-82.4834,87124,Warden/ranger,1987-02-14,37.299123,-83.102931,0,41740,CUST010160,38,26-40,Gold,14342.0,4656.53,73.05,60.44,10,4,511,51,9,POS,ATM,PIN,Yes,No,No,Yes,23,Wednesday,False,0.01,0,Low Risk
2019-01-18 00:54:16,Rempel PLC,grocery_net,32.14,F,Cottekill,NY,41.8467,-74.1038,722,Comptroller,1990-10-19,41.575358,-74.076511,0,12589,CUST009357,35,26-40,Gold,16228.0,10373.04,24.67,19.51,6,3,960,32,37,POS,Mobile,Biometric,Yes,Yes,No,No,0,Friday,False,0.0,0,Low Risk
2019-01-17 22:20:54,Hickle Group,shopping_pos,240.59,F,Clarks Mills,PA,41.3851,-80.1752,606,Energy manager,1997-09-22,41.193432,-79.471125,0,16254,CUST000834,28,26-40,Standard,5070.0,2787.42,162.13,206.16,5,1,828,24,59,ATM,POS,PIN,Yes,No,No,No,22,Thursday,False,0.11,0,Low Risk
2019-01-01 12:56:03,"Nicolas, Hills and McGlynn",entertainment,1.42,M,Holloway,OH,40.0113,-80.9701,128,Child psychotherapist,1946-04-03,40.515755,-80.239521,0,15046,CUST006007,79,60+,Standard,6752.0,4589.96,1.24,1.19,2,3,1391,27,37,ATM,POS,OTP,Yes,Yes,No,No,12,Tuesday,False,0.0,0,Low Risk
2019-01-07 08:10:36,Mraz-Herzog,gas_transport,60.7,M,Saint James City,FL,26.529,-82.0916,3776,Sport and exercise psychologist,1976-09-12,26.632676,-82.88124,0,45777,CUST007335,49,41-60,Standard,5953.0,3477.54,50.07,43.08,3,2,1051,72,51,MOBILE,ATM,Biometric,Yes,No,Yes,No,8,Monday,False,0.0,0,Low Risk
2019-01-13 17:03:15,"Monahan, Bogisich and Ledner",misc_pos,160.99,F,Stittville,NY,43.2229,-75.2899,847,Systems analyst,1996-01-11,43.225932,-74.302509,0,12134,CUST010171,29,26-40,Gold,15635.0,9094.44,121.06,92.12,6,0,262,11,85,WEB,Mobile,OTP,Yes,Yes,No,No,17,Sunday,True,0.0,0,Low Risk
2019-01-12 20:00:55,Gottlieb Group,kids_pets,50.99,F,O Brien,TX,33.3749,-99.8473,178,Warden/ranger,1983-06-14,34.307024,-98.95824,0,73551,CUST008825,42,41-60,Standard,4359.0,1158.24,41.01,37.54,6,1,1269,99,68,ATM,POS,PIN,Yes,Yes,No,No,20,Saturday,True,0.0,0,Low Risk
2019-01-10 18:27:53,Erdman-Schaden,personal_care,36.49,F,Goodrich,MI,42.9147,-83.4845,6951,Learning disability nurse,1985-06-18,42.092927,-83.817074,0,48176,CUST007386,40,26-40,Gold,16643.0,13566.52,25.56,35.66,3,2,222,24,55,POS,ATM,Biometric,Yes,No,No,No,18,Thursday,False,0.0,0,Low Risk
2019-01-07 01:00:42,Kutch LLC,gas_transport,84.33,F,Topeka,KS,39.1329,-95.7023,163415,Secondary school teacher,2004-12-30,39.800302,-95.045788,0,66087,CUST007708,21,18-25,Gold,14220.0,6367.45,70.89,98.17,5,3,454,91,39,POS,Mobile,Biometric,Yes,No,No,Yes,1,Monday,False,0.0,0,Low Risk
2019-01-07 21:27:33,Gerlach Inc,shopping_net,1.66,F,Beaver Falls,PA,40.7687,-80.3592,28425,Podiatrist,2000-06-09,40.906087,-80.252095,0,16117,CUST009749,25,18-25,Standard,7654.0,4884.47,36.06,1.42,8,4,1392,78,70,ATM,Online,Biometric,No,Yes,No,No,21,Monday,False,0.0,0,Low Risk
2019-01-11 07:45:18,"Zieme, Bode and Dooley",gas_transport,42.94,F,Notrees,TX,31.8599,-102.7413,23,Cytogeneticist,1969-09-15,31.004479,-102.767918,0,45777,CUST008667,56,41-60,Standard,7089.0,2446.94,34.45,43.34,2,3,444,50,91,WEB,Mobile,PIN,Yes,Yes,No,No,7,Friday,False,0.0,0,Low Risk
2019-01-04 21:18:25,Kozey-Boehm,shopping_net,11.39,F,Munith,MI,42.3703,-84.2485,2523,Geophysicist/field seismologist,1988-03-21,42.185772,-84.73877,0,49224,CUST005977,37,26-40,Standard,6188.0,3771.82,8.49,6.34,6,1,39,59,71,ATM,Online,Biometric,Yes,Yes,No,No,21,Friday,False,0.01,0,Low Risk
2019-01-12 15:06:50,O'Keefe-Wisoky,food_dining,56.3,F,Mc Clellandtown,PA,39.8882,-79.8694,2379,"Sales professional, IT",1971-01-19,40.272712,-80.636465,0,43913,CUST006280,54,41-60,Platinum,51761.0,46461.49,49.47,65.45,8,1,1057,15,43,POS,Mobile,OTP,Yes,No,No,No,15,Saturday,True,0.0,0,Low Risk
2019-01-05 22:44:52,"Cole, Hills and Jewess",home,11.94,M,Cleveland,AL,33.9778,-86.5598,3996,Aid worker,1977-06-14,34.040388,-85.990261,0,35901,CUST002396,48,41-60,Gold,17179.0,9853.51,8.53,13.07,8,0,1260,71,36,MOBILE,Mobile,OTP,Yes,No,No,No,22,Saturday,True,0.0,0,Low Risk
2019-01-06 05:30:32,Padberg-Welch,grocery_pos,120.66,M,Greenwich,NJ,39.4055,-75.3209,804,Insurance risk surveyor,1965-03-25,38.761179,-75.909013,0,21655,CUST003041,60,41-60,Standard,5124.0,1492.83,102.52,125.2,6,0,271,42,24,POS,Mobile,Biometric,Yes,No,No,No,5,Sunday,True,0.0,0,Low Risk
2019-01-14 05:09:33,Conroy-Cruickshank,gas_transport,66.87,M,Bolton,NC,34.3091,-78.3372,2290,"Engineer, biomedical",1945-12-07,34.508032,-78.243738,0,28421,CUST002855,80,60+,Standard,5576.0,4699.63,50.7,56.65,9,2,1200,31,56,WEB,Online,PIN,Yes,Yes,No,No,5,Monday,False,0.0,0,Low Risk
2019-01-01 16:49:17,"Watsica, Haag and Considine",shopping_pos,8.41,F,Halstad,MN,47.3551,-96.798,771,"Scientist, audiological",1972-06-14,48.184529,-96.404368,0,56760,CUST006961,53,41-60,Gold,17897.0,6815.66,7.22,10.03,9,1,1263,81,75,WEB,POS,OTP,Yes,No,No,Yes,16,Tuesday,False,0.0,0,Low Risk
2019-01-08 02:23:10,Emard Inc,gas_transport,78.84,M,Pea Ridge,AR,36.4539,-94.118,6434,Product designer,1967-08-28,36.749298,-94.388295,0,64843,CUST007279,58,41-60,Standard,7046.0,3571.6,59.17,68.41,4,0,178,57,34,WEB,POS,OTP,Yes,Yes,Yes,No,2,Tuesday,False,0.0,0,Low Risk
2019-01-08 14:14:36,Satterfield-Lowe,travel,8.06,F,Dongola,IL,37.3712,-89.1349,2263,Scientific laboratory technician,1984-09-13,36.504494,-88.405582,0,42049,CUST007777,41,41-60,Standard,7446.0,5852.81,4.87,5.99,1,2,337,26,1,POS,POS,OTP,No,Yes,No,No,14,Tuesday,False,0.0,0,Low Risk
2019-01-01 07:33:23,Thiel PLC,misc_pos,508.59,F,North Tonawanda,NY,43.0498,-78.851,45100,Ambulance person,1993-10-25,43.591414,-78.301217,0,45777,CUST010213,32,26-40,Standard,5424.0,3147.74,431.25,572.66,6,3,272,25,58,POS,Mobile,Biometric,Yes,Yes,No,No,7,Tuesday,False,0.12,0,Low Risk
2019-01-01 07:26:45,Volkman Ltd,misc_net,23.05,F,Noonan,ND,48.8856,-103.0098,248,Industrial/product designer,1968-05-13,49.030995,-103.109525,0,45777,CUST001468,57,41-60,Standard,6980.0,5649.42,21.49,20.77,10,1,417,96,63,POS,Mobile,OTP,Yes,Yes,No,No,7,Tuesday,False,0.0,0,Low Risk
2019-01-07 16:28:53,"Hagenes, Hermann and Stroman",travel,6.29,F,Henderson,WV,38.8265,-82.1364,642,Building services engineer,1946-08-30,38.056424,-82.0901449999999,0,25524,CUST000421,79,60+,Standard,5516.0,3443.87,5.71,5.1,5,0,420,12,18,MOBILE,Mobile,Biometric,Yes,Yes,No,No,16,Monday,False,0.0,0,Low Risk
2019-01-06 07:21:22,VonRueden Group,grocery_net,18.48,F,Mountain Center,CA,33.6401,-116.5567,1661,"Therapist, music",1988-09-19,34.3414,-116.065914,0,45777,CUST003107,37,26-40,Standard,6579.0,5208.53,12.93,11.96,1,4,1059,48,58,MOBILE,Online,PIN,Yes,Yes,No,No,7,Sunday,True,0.0,0,Low Risk
2019-01-03 23:42:36,Thompson-Gleason,health_fitness,68.52,F,Conway,WA,48.34,-122.3456,85,"Research officer, political party",1984-09-01,49.105445,-122.774988,0,45777,CUST003828,41,41-60,Standard,4065.0,2879.44,44.59,66.45,5,3,296,17,31,MOBILE,POS,OTP,Yes,No,No,No,23,Thursday,False,0.01,0,Low Risk
2019-01-08 17:48:15,"Lakin, Ferry and Beatty",food_dining,14.09,M,Conway,NH,43.9742,-71.1503,3807,Surgeon,1999-10-25,43.445309,-70.476553,0,4005,CUST002441,26,26-40,Standard,6736.0,3215.2,12.81,9.1,1,0,685,7,88,MOBILE,Mobile,PIN,Yes,Yes,No,No,17,Tuesday,False,0.0,0,Low Risk
2019-01-03 04:19:07,"Stroman, Hudson and Erdman",gas_transport,51.48,F,Phoenix,AZ,33.8155,-112.1202,1312922,Counselling psychologist,1999-11-30,33.057957,-111.139554,0,85132,CUST001828,26,26-40,Standard,4977.0,2530.1,41.17,29.19,3,4,270,20,53,POS,Mobile,OTP,No,Yes,No,No,4,Thursday,False,0.0,0,Low Risk
2019-01-07 17:58:42,Stark-Koss,home,24.7,F,Eugene,OR,44.0385,-123.0614,191096,"Scientist, physiological",1964-04-06,44.906125,-123.168716,0,97302,CUST001677,61,60+,Standard,5900.0,4040.45,23.1,19.89,2,2,59,28,25,WEB,POS,PIN,Yes,No,Yes,No,17,Monday,False,0.0,0,Low Risk
2019-01-18 13:02:52,"Altenwerth, Cartwright and Koss",shopping_net,1.11,F,Logan,IL,37.9943,-88.9417,324,"Scientist, research (physical sciences)",1976-06-15,38.448076,-89.518823,0,62271,CUST006704,49,41-60,Platinum,52409.0,34055.55,0.96,0.82,9,2,1129,97,77,MOBILE,POS,Biometric,No,No,No,No,13,Friday,False,0.0,0,Low Risk
2019-01-06 08:50:35,Murray Ltd,grocery_net,86.77,F,West Sayville,NY,40.732,-73.1,4056,Film/video editor,1990-06-25,40.670195,-72.482337,0,45777,CUST009431,35,26-40,Standard,5825.0,2330.84,53.23,87.87,8,4,1310,11,71,MOBILE,POS,OTP,No,Yes,No,No,8,Sunday,True,0.0,0,Low Risk
2019-01-13 06:06:17,Lebsack and Sons,misc_net,467.79,F,Hawley,MN,46.9777,-96.4092,4508,Naval architect,1949-04-24,47.269669,-97.061533,0,58038,CUST007799,76,60+,Standard,4297.0,2074.46,393.9,458.34,7,1,1328,53,24,MOBILE,POS,PIN,Yes,Yes,No,No,6,Sunday,True,0.05,0,Low Risk
2019-01-15 15:31:23,Stamm-Witting,shopping_net,5.48,F,Spencer,SD,43.7557,-97.5936,343,"Development worker, international aid",1972-03-05,42.802461,-97.045141,0,57069,CUST007501,53,41-60,Standard,7345.0,5495.3,3.76,5.17,11,0,799,52,72,ATM,POS,Biometric,Yes,No,No,No,15,Tuesday,False,0.0,0,Low Risk
2019-01-05 23:59:30,Kassulke PLC,shopping_net,5.97,F,Burbank,WA,46.1966,-118.9017,3684,Musician,1981-11-29,46.633594,-118.579098,0,45777,CUST004814,44,41-60,Platinum,49202.0,10612.44,4.97,5.17,9,4,606,25,35,ATM,Mobile,Biometric,Yes,Yes,Yes,No,23,Saturday,True,0.0,0,Low Risk
2019-01-18 23:45:24,Streich Ltd,home,67.67,F,De Witt,AR,34.2853,-91.3336,5161,Electrical engineer,1993-04-08,33.734747,-91.310265,0,71670,CUST010343,32,26-40,Standard,4165.0,1478.95,64.22,48.48,4,4,232,47,6,MOBILE,Online,Biometric,Yes,Yes,No,No,23,Friday,False,0.0,0,Low Risk
2019-01-11 20:11:31,Schoen-Quigley,kids_pets,108.46,F,Cottekill,NY,41.8467,-74.1038,722,Comptroller,1990-10-19,42.185665,-73.864603,0,12414,CUST004198,35,26-40,Standard,4591.0,1760.6,101.6,109.59,6,2,89,50,99,POS,ATM,PIN,Yes,No,No,Yes,20,Friday,False,0.0,0,Low Risk
2019-01-06 20:07:40,Gleason-Macejkovic,shopping_net,3.42,M,Elizabeth,NJ,40.6747,-74.2239,124967,Operational researcher,1980-12-21,41.555476,-74.398138,0,12721,CUST008018,45,41-60,Standard,7363.0,1728.35,2.3,2.35,6,1,362,95,99,ATM,ATM,PIN,Yes,Yes,No,No,20,Sunday,True,0.0,0,Low Risk
2019-01-18 08:51:34,Parisian and Sons,gas_transport,59.41,M,Newark Valley,NY,42.2281,-76.1625,4354,Further education lecturer,1994-02-16,43.206078,-75.801928,0,13042,CUST009322,31,26-40,Standard,4848.0,3654.4,41.59,56.12,1,1,1035,98,45,ATM,Online,PIN,Yes,No,No,No,8,Friday,False,0.0,0,Low Risk
2019-01-18 14:46:11,Bartoletti and Sons,personal_care,18.66,M,Armonk,NY,41.136,-73.7009,7987,Television/film/video producer,1964-03-16,40.346199,-73.272917,0,45777,CUST003729,61,60+,Gold,16093.0,11973.34,11.86,19.55,3,3,1210,2,54,ATM,Online,OTP,No,Yes,No,No,14,Friday,False,0.0,0,Low Risk
2019-01-16 03:08:46,Mraz-Herzog,gas_transport,88.45,M,Saint Petersburg,FL,27.7898,-82.7243,341043,"Engineer, land",1989-02-28,28.203605,-82.627427,0,34655,CUST002320,36,26-40,Standard,4229.0,1591.6,60.7,88.88,10,3,523,14,2,MOBILE,POS,PIN,Yes,Yes,Yes,No,3,Wednesday,False,0.0,0,Low Risk
2019-01-07 10:08:02,Daugherty-Thompson,food_dining,40.03,M,Andrews,NC,35.1959,-83.8228,5354,Retail buyer,1965-04-13,34.736195,-84.115959,0,30572,CUST002472,60,41-60,Standard,7962.0,6316.39,32.45,23.53,9,1,648,95,56,MOBILE,POS,Biometric,Yes,No,No,No,10,Monday,False,0.0,0,Low Risk
2019-01-11 23:02:50,"Turcotte, Batz and Buckridge",health_fitness,29.15,M,Westport,KY,38.4921,-85.4524,564,Pensions consultant,1996-04-10,38.07567,-84.754209,0,40383,CUST003297,29,26-40,Standard,4904.0,1516.0,21.69,28.97,8,0,1394,50,29,WEB,Mobile,Biometric,No,No,No,No,23,Friday,False,0.0,0,Low Risk
2019-01-09 14:02:35,Veum-Koelpin,travel,4.26,M,Lohrville,IA,42.2619,-94.5566,695,Administrator,1954-07-15,42.044834,-93.848553,0,50036,CUST006587,71,60+,Gold,17970.0,12803.04,3.65,4.4,10,2,795,49,9,ATM,Online,Biometric,Yes,No,No,No,14,Wednesday,False,0.0,0,Low Risk
2019-01-05 07:43:32,Schmitt Inc,gas_transport,71.21,M,Canton,OH,40.8027,-81.3739,192805,Building control surveyor,1963-06-30,39.947538,-81.1096829999999,0,43713,CUST009063,62,60+,Platinum,52519.0,36654.39,61.82,67.58,7,2,1120,65,15,POS,ATM,OTP,Yes,Yes,Yes,Yes,7,Saturday,True,0.0,0,Low Risk
2019-01-11 23:11:01,Carroll PLC,health_fitness,74.27,F,Bridgeport,NJ,39.8016,-75.3478,504,"Engineer, control and instrumentation",1980-08-17,39.118262,-74.633501,0,8243,CUST005505,45,41-60,Gold,14507.0,8907.85,48.0,38.5,8,0,309,97,36,POS,POS,PIN,Yes,Yes,No,No,23,Friday,False,0.0,0,Low Risk
2019-01-05 13:11:07,Nolan-Williamson,kids_pets,56.17,M,Bolivar,PA,40.3673,-79.1605,1770,"Administrator, local government",1994-12-08,39.738625,-79.034189,0,15558,CUST002548,31,26-40,Platinum,49915.0,20057.22,49.64,56.88,6,0,169,36,7,POS,Mobile,OTP,Yes,Yes,No,No,13,Saturday,True,0.0,0,Low Risk
2019-01-01 09:41:25,"Schmeler, Bashirian and Price",shopping_net,9.3,M,Cardwell,MO,36.0434,-90.2907,1120,Television floor manager,1957-04-17,36.930573,-89.496439,0,63823,CUST009943,68,60+,Gold,14635.0,3705.22,6.54,10.61,4,4,1077,18,69,MOBILE,POS,PIN,Yes,No,No,No,9,Tuesday,False,0.0,0,Low Risk
2019-01-01 21:26:41,Romaguera Ltd,health_fitness,21.53,F,Henderson,WV,38.8265,-82.1364,642,Building services engineer,1946-08-30,37.829575,-82.778361,0,41263,CUST009352,79,60+,Gold,17693.0,10937.7,13.88,19.0,5,4,1107,95,78,WEB,ATM,OTP,Yes,Yes,No,No,21,Tuesday,False,0.0,0,Low Risk
2019-01-12 04:52:17,McCullough Group,grocery_net,41.27,F,Wheaton,MO,36.7651,-94.0492,760,Production manager,1985-08-31,36.893387,-93.094413,0,65629,CUST005855,40,26-40,Standard,6994.0,4697.68,35.59,29.59,1,0,55,41,46,WEB,Mobile,PIN,Yes,Yes,No,No,4,Saturday,True,0.0,0,Low Risk
2019-01-15 21:20:23,Zulauf LLC,personal_care,10.13,M,Springfield Gardens,NY,40.6645,-73.7559,38912,Production manager,1961-11-07,41.047372,-72.904818,0,11786,CUST007863,64,60+,Standard,7409.0,4626.84,9.18,7.9,7,2,516,10,69,ATM,Online,OTP,Yes,Yes,No,No,21,Tuesday,False,0.0,0,Low Risk
2019-01-09 18:23:29,Cummerata-Hilpert,entertainment,29.48,M,Espanola,NM,35.9866,-106.0654,18408,Historic buildings inspector/conservation officer,1972-07-18,35.29826,-106.740967,0,87144,CUST010778,53,41-60,Platinum,50841.0,28531.1,25.25,16.2,8,0,403,10,75,WEB,Online,OTP,Yes,Yes,No,Yes,18,Wednesday,False,0.0,0,Low Risk
2019-01-02 14:26:42,"Bradtke, Torp and Bahringer",personal_care,8.06,F,Blooming Grove,TX,32.0758,-96.701,1563,Financial adviser,1978-03-04,32.239766,-97.434486,0,76093,CUST009815,47,41-60,Standard,6864.0,4664.55,7.07,9.56,3,2,897,94,68,MOBILE,ATM,PIN,No,No,Yes,Yes,14,Wednesday,False,0.0,0,Low Risk
2019-01-16 12:10:07,Brown Inc,kids_pets,89.77,M,Manley,NE,40.9207,-96.168,206,Human resources officer,1967-10-04,40.77597,-96.689685,0,68502,CUST003996,58,41-60,Standard,6565.0,1371.78,60.29,63.37,5,2,332,50,10,ATM,ATM,OTP,No,No,Yes,Yes,12,Wednesday,False,0.0,0,Low Risk
2019-01-13 18:05:48,"Lubowitz, Terry and Stracke",personal_care,71.46,M,Harper,TX,30.2816,-99.241,2395,"Pharmacist, community",1993-11-17,29.30658,-99.437289,0,78881,CUST004324,32,26-40,Standard,4396.0,1111.92,58.44,54.6,4,0,1347,46,34,WEB,Online,PIN,Yes,Yes,No,No,18,Sunday,True,0.0,0,Low Risk
2019-01-13 08:49:18,Marks Inc,gas_transport,50.66,F,New Goshen,IN,39.5803,-87.4616,205,"Engineer, mining",1960-01-06,38.773221,-87.559547,0,62439,CUST007631,65,60+,Gold,17305.0,6420.11,47.96,31.92,10,3,1060,50,90,POS,Mobile,PIN,Yes,Yes,No,No,8,Sunday,True,0.0,0,Low Risk
2019-01-06 07:40:12,Spencer PLC,entertainment,112.34,F,Ash Flat,AR,36.2201,-91.6421,2856,Hydrologist,1926-08-27,36.379704,-91.440294,0,72542,CUST006659,99,60+,Standard,6966.0,5928.48,101.37,95.83,3,4,655,17,26,WEB,Online,OTP,No,No,No,Yes,7,Sunday,True,0.0,0,Low Risk
2019-01-08 13:17:38,"Hahn, Bahringer and McLaughlin",personal_care,39.2,M,East Troy,WI,42.8035,-88.4092,9679,"Engineer, production",1991-04-11,43.324133,-87.5079689999999,0,45777,CUST006164,34,26-40,Standard,5620.0,4818.4,36.41,34.23,6,0,232,46,69,MOBILE,Mobile,OTP,Yes,No,No,Yes,13,Tuesday,False,0.0,0,Low Risk
2019-01-17 03:56:42,Torp-Labadie,gas_transport,72.68,M,Oxford,MI,42.8223,-83.2829,24840,Agricultural consultant,1960-01-20,42.218404,-82.553495,0,45777,CUST003511,65,60+,Standard,4324.0,3452.31,55.34,43.12,4,3,1391,84,78,MOBILE,Online,OTP,Yes,Yes,No,Yes,3,Thursday,False,0.0,0,Low Risk
2019-01-13 11:35:27,Koepp-Witting,grocery_pos,102.01,M,Hewitt,WI,44.6437,-90.1031,828,Arts development officer,1991-08-19,45.62223,-90.741971,0,54530,CUST007146,34,26-40,Gold,15383.0,9989.94,71.35,61.55,5,0,733,26,73,WEB,ATM,PIN,Yes,Yes,Yes,No,11,Sunday,True,0.0,0,Low Risk
2019-01-03 00:05:56,Conroy Ltd,shopping_pos,2.87,F,Port Gibson,NY,43.033,-77.1575,207,Database administrator,1962-09-27,43.497059,-77.150493,0,45777,CUST005466,63,60+,Standard,6275.0,3485.53,1.85,3.29,1,2,568,41,78,POS,POS,Biometric,Yes,Yes,No,No,0,Thursday,False,0.0,0,Low Risk
2019-01-12 09:51:19,"Goyette, Howell and Collier",shopping_pos,733.3,F,Whigham,GA,30.8836,-84.3246,3430,"Editor, commissioning",1950-03-25,31.473324,-84.302933,0,31721,CUST008730,75,60+,Standard,4497.0,2127.15,545.3,446.21,9,2,69,24,18,ATM,Mobile,PIN,Yes,No,No,No,9,Saturday,True,0.07,0,Low Risk
2019-01-03 06:51:41,Lesch Ltd,shopping_pos,145.03,M,Mc Intosh,SD,45.7084,-101.1546,295,"Designer, industrial/product",1981-01-26,45.929195,-100.632812,0,45777,CUST010627,44,41-60,Gold,14631.0,11720.52,115.92,107.99,10,3,653,1,90,POS,ATM,PIN,Yes,Yes,No,Yes,6,Thursday,False,0.0,0,Low Risk
2019-01-08 23:32:44,Baumbach Ltd,personal_care,25.05,F,Comfort,WV,38.1372,-81.5962,630,Fine artist,1959-07-30,37.337473,-80.747872,0,24134,CUST005092,66,60+,Gold,17364.0,10865.82,19.04,23.9,7,4,136,52,11,POS,Mobile,PIN,Yes,Yes,Yes,No,23,Tuesday,False,0.0,0,Low Risk
2019-01-08 20:14:14,"Nitzsche, Kessler and Wolff",shopping_pos,189.54,F,Clarks Mills,PA,41.3851,-80.1752,606,Energy manager,1997-09-22,41.007662,-79.675681,0,16050,CUST009848,28,26-40,Standard,7099.0,5171.78,154.68,214.63,11,2,832,89,98,POS,Online,Biometric,Yes,Yes,No,Yes,20,Tuesday,False,0.02,0,Low Risk
2019-01-03 15:16:24,Nolan-Williamson,kids_pets,10.17,M,Harrodsburg,IN,39.013,-86.5457,76,Social researcher,1955-05-06,39.025459,-86.517625,0,47403,CUST003524,70,60+,Standard,7043.0,4150.23,8.06,12.0,11,3,1348,7,19,ATM,Online,PIN,Yes,Yes,No,No,15,Thursday,False,0.0,0,Low Risk
2019-01-05 22:22:55,"Effertz, Welch and Schowalter",entertainment,119.2,F,Birmingham,IA,40.8626,-91.9534,888,Camera operator,1988-03-25,40.244367,-91.10057,0,62316,CUST004812,37,26-40,Standard,7367.5,4310.92,96.34,63.68,7,1,974,46,59,MOBILE,Online,PIN,Yes,Yes,No,No,22,Saturday,True,0.0,0,Low Risk
2019-01-02 02:43:09,Heller-Langosh,gas_transport,56.16,M,Muskegon,MI,43.2326,-86.2492,128715,Historic buildings inspector/conservation officer,1995-05-25,42.58242,-86.082777,0,49408,CUST010411,30,26-40,Platinum,50995.0,44134.61,40.76,53.0,11,4,1096,14,89,MOBILE,Online,PIN,Yes,Yes,No,Yes,2,Wednesday,False,0.0,0,Low Risk
2019-01-02 22:28:02,"Medhurst, Cartwright and Ebert",personal_care,28.85,F,Roma,TX,26.4215,-99.0025,18128,IT trainer,1990-11-07,26.948673,-99.846886,0,45777,CUST008546,35,26-40,Standard,7204.0,4614.38,27.13,32.68,11,1,238,94,68,POS,Mobile,OTP,Yes,No,No,No,22,Wednesday,False,0.0,0,Low Risk
2019-01-13 13:39:24,"Kling, Howe and Schneider",home,67.58,M,Muskegon,MI,43.2326,-86.2492,128715,Historic buildings inspector/conservation officer,1995-05-25,43.492356,-85.630752,0,49349,CUST002089,30,26-40,Gold,14870.0,4950.73,56.61,71.63,8,4,1246,40,17,ATM,Mobile,Biometric,Yes,No,No,No,13,Sunday,True,0.0,0,Low Risk
2019-01-18 13:29:33,Gottlieb-Hansen,personal_care,68.73,M,Fort Washakie,WY,43.0048,-108.8964,1645,Freight forwarder,1976-02-26,43.522492,-108.839413,0,45777,CUST005178,49,41-60,Gold,15185.0,4812.96,46.41,51.26,7,4,298,90,51,ATM,ATM,Biometric,Yes,Yes,No,No,13,Friday,False,0.0,0,Low Risk
2019-01-15 14:11:17,Cormier LLC,shopping_net,3.31,F,Sutherland,NE,41.1558,-101.136,1789,Insurance broker,1982-02-11,41.454355,-101.864418,0,45777,CUST008592,43,41-60,Standard,5421.0,2413.09,2.33,2.69,10,2,943,50,66,MOBILE,Mobile,OTP,Yes,Yes,No,Yes,14,Tuesday,False,0.0,0,Low Risk
2019-01-05 14:13:05,"Brown, Homenick and Lesch",health_fitness,73.11,M,Pointe Aux Pins,MI,45.7549,-84.447,95,Electrical engineer,1994-02-09,45.510264,-84.787185,0,49716,CUST010358,31,26-40,Standard,4351.0,2363.8,59.41,41.59,7,1,360,35,46,MOBILE,Mobile,Biometric,Yes,No,No,No,14,Saturday,True,0.0,0,Low Risk
2019-01-03 15:31:35,Satterfield-Lowe,travel,11.49,F,Tampa,FL,28.06,-82.4079,717255,Waste management officer,1966-09-16,27.12186,-83.28866,0,45777,CUST000255,59,41-60,Standard,6866.0,4531.63,8.66,9.05,8,4,1018,78,65,ATM,POS,PIN,Yes,Yes,No,No,15,Thursday,False,0.01,0,Low Risk
2019-01-12 12:32:56,Jacobi Inc,health_fitness,20.36,F,Ronceverte,WV,37.7418,-80.4626,4575,Statistician,1991-10-22,37.948587,-81.186181,0,25855,CUST004550,34,26-40,Gold,16372.0,12685.88,14.68,22.51,10,2,246,27,69,POS,Online,OTP,Yes,No,No,No,12,Saturday,True,0.02,0,Low Risk
2019-01-02 00:16:37,Bailey-Morar,grocery_pos,104.18,F,Esbon,KS,39.7562,-98.4462,242,Tourism officer,1987-07-18,40.056962,-98.433094,0,68970,CUST005589,38,26-40,Gold,16062.0,9512.1,79.28,54.08,10,0,1103,56,23,WEB,Online,OTP,Yes,Yes,No,Yes,0,Wednesday,False,0.0,0,Low Risk
2019-01-07 12:52:10,"Fadel, Mertz and Rippin",entertainment,72.24,M,Montandon,PA,40.9661,-76.8575,645,Orthoptist,1974-05-18,40.772758,-77.727807,0,16827,CUST002839,51,41-60,Standard,4016.0,2385.09,67.21,69.61,11,2,327,46,48,POS,Online,OTP,Yes,No,No,Yes,12,Monday,False,0.0,0,Low Risk
2019-01-03 17:04:05,Torphy-Kertzmann,health_fitness,48.54,F,Stayton,OR,44.8021,-122.7624,9587,"Engineer, biomedical",1968-03-24,43.995047,-122.844915,0,97455,CUST006739,57,41-60,Platinum,50768.0,40476.97,36.06,56.22,2,0,327,84,48,ATM,Mobile,OTP,Yes,Yes,Yes,No,17,Thursday,False,0.0,0,Low Risk
2019-01-10 22:52:29,"Baumbach, Strosin and Nicolas",shopping_pos,209.35,F,Westhampton Beach,NY,40.8295,-72.6473,3255,Financial trader,1978-07-08,41.546868,-73.061138,0,6708,CUST008008,47,41-60,Gold,17914.0,12170.43,169.6,215.42,4,2,325,29,6,WEB,POS,Biometric,No,Yes,No,No,22,Thursday,False,0.08,0,Low Risk
2019-01-16 01:00:51,"Schultz, Simonis and Little",grocery_pos,48.6,M,Naples,FL,26.1184,-81.7361,276002,"Programme researcher, broadcasting/film/video",1979-01-02,26.265999,-81.5716839999999,0,34120,CUST008585,46,41-60,Gold,14921.0,13417.54,38.87,26.83,1,3,548,18,49,POS,ATM,OTP,Yes,No,No,No,1,Wednesday,False,0.0,0,Low Risk
2019-01-11 15:03:09,"O'Reilly, Mohr and Purdy",home,70.45,F,Meridian,ID,43.6498,-116.4306,84106,Intelligence analyst,1971-02-11,44.406755,-115.937466,0,45777,CUST006212,54,41-60,Standard,6267.0,1452.35,53.33,84.37,6,0,1119,32,12,WEB,POS,PIN,No,Yes,No,No,15,Friday,False,0.0,0,Low Risk
2019-01-14 23:57:41,"O'Connell, Botsford and Hand",home,2.33,F,May,TX,31.9571,-98.9656,1791,Corporate investment banker,1965-07-26,32.274656,-98.061324,0,76433,CUST004862,60,41-60,Standard,7493.0,5996.85,2.07,2.49,5,1,25,61,43,ATM,POS,Biometric,Yes,Yes,No,No,23,Monday,False,0.0,0,Low Risk
2019-01-06 16:01:29,"Schumm, McLaughlin and Carter",food_dining,47.89,F,Laramie,WY,41.4247,-105.4781,35371,"Pilot, airline",1988-09-02,41.612503,-104.985201,0,45777,CUST007815,37,26-40,Standard,4977.0,1491.76,36.61,54.89,1,3,825,40,11,WEB,Online,PIN,Yes,No,No,No,16,Sunday,True,0.0,0,Low Risk
2019-01-03 21:35:54,Will Ltd,food_dining,39.58,F,Vanderbilt,PA,40.0246,-79.6955,2303,Physiotherapist,1987-08-16,39.706614,-80.536215,0,26581,CUST010978,38,26-40,Standard,6117.0,1456.42,37.2,35.25,1,1,1186,87,65,ATM,Online,Biometric,Yes,Yes,No,No,21,Thursday,False,0.0,0,Low Risk
2019-01-06 02:13:26,Kuvalis Ltd,gas_transport,41.19,F,Conway,WA,48.34,-122.3456,85,"Research officer, political party",1984-09-01,49.086321,-121.836225,0,45777,CUST001849,41,41-60,Standard,5628.0,2848.71,27.79,35.02,10,3,1039,84,31,POS,POS,OTP,Yes,No,No,No,2,Sunday,True,0.0,0,Low Risk
2019-01-18 09:24:17,"Cormier, Stracke and Thiel",entertainment,2.77,F,Corona,CA,33.8419,-117.6043,233717,Wellsite geologist,1966-05-22,34.141304,-117.113867,0,92346,CUST006707,59,41-60,Standard,6044.0,4600.49,1.9,1.87,4,4,1428,46,57,MOBILE,Mobile,Biometric,Yes,Yes,Yes,No,9,Friday,False,0.0,0,Low Risk
2019-01-10 22:01:37,Kozey-Kuhlman,personal_care,3.45,F,Central,IN,38.097,-86.1723,350,Counsellor,1955-01-05,37.60641,-85.709683,0,42748,CUST009902,70,60+,Standard,4523.0,2371.27,2.81,3.67,7,4,876,5,10,ATM,Mobile,Biometric,Yes,Yes,No,No,22,Thursday,False,0.0,0,Low Risk
2019-01-04 19:28:06,Larkin Ltd,kids_pets,162.77,F,West Columbia,SC,33.9568,-81.1405,52126,Chemical engineer,1929-08-23,33.914592,-80.921984,0,29209,CUST008972,96,60+,Standard,6573.0,4404.16,151.72,121.56,9,4,1001,75,31,WEB,Mobile,Biometric,Yes,Yes,No,No,19,Friday,False,0.0,0,Low Risk
2019-01-07 19:37:18,Terry Ltd,home,49.17,M,Hancock,MD,39.6991,-78.1762,3766,Press photographer,1984-02-14,39.669101,-78.92101,0,21532,CUST005996,41,41-60,Standard,7342.0,4745.6,40.42,52.54,2,0,937,68,17,WEB,Online,OTP,Yes,Yes,No,No,19,Monday,False,0.0,0,Low Risk
2019-01-14 07:12:52,Bernhard Inc,gas_transport,61.85,F,Conway,WA,48.34,-122.3456,85,"Research officer, political party",1984-09-01,48.754158,-121.62228,0,45777,CUST007141,41,41-60,Standard,7116.0,6269.39,55.62,53.84,1,4,475,34,80,ATM,Mobile,OTP,Yes,Yes,No,No,7,Monday,False,0.0,0,Low Risk
2019-01-06 19:34:15,"Lesch, D'Amore and Brown",food_dining,5.35,M,Murrayville,IL,39.5723,-90.2379,1512,Commercial/residential surveyor,2003-05-07,39.316523,-91.023986,0,63344,CUST007722,22,18-25,Gold,14077.0,12052.13,4.32,5.07,1,0,921,1,20,ATM,POS,PIN,Yes,Yes,Yes,Yes,19,Sunday,True,0.0,0,Low Risk
2019-01-13 20:40:33,Fahey Inc,kids_pets,11.25,M,Luzerne,MI,44.6001,-84.2931,864,General practice doctor,1942-05-04,45.279282,-84.695566,0,49799,CUST001298,83,60+,Standard,4947.0,1860.07,10.48,6.22,10,2,1212,68,33,MOBILE,Mobile,PIN,Yes,Yes,No,Yes,20,Sunday,True,0.0,0,Low Risk
2019-01-11 23:31:12,"Schmeler, Bashirian and Price",shopping_net,87.27,M,Westport,KY,38.4921,-85.4524,564,Pensions consultant,1996-04-10,39.323014,-85.036621,0,47012,CUST001311,29,26-40,Standard,4014.0,1131.61,68.27,48.6,3,4,1073,17,14,WEB,Online,PIN,No,No,No,No,23,Friday,False,0.0,0,Low Risk
2019-01-08 21:46:13,Kub PLC,personal_care,24.19,M,Varnell,GA,34.9298,-84.9885,74,Pensions consultant,1944-05-14,34.636236,-84.103109,0,30572,CUST000468,81,60+,Standard,5981.0,1347.46,19.12,23.72,4,0,561,93,86,POS,Online,PIN,Yes,Yes,Yes,No,21,Tuesday,False,0.0,0,Low Risk
2019-01-17 10:34:17,Predovic Inc,shopping_net,8.46,F,Corsica,PA,41.1762,-79.1976,1274,Maintenance engineer,1949-03-20,40.950567,-79.439237,0,16261,CUST003922,76,60+,Standard,5086.0,2512.81,7.6,7.76,9,0,123,72,70,ATM,ATM,OTP,Yes,Yes,No,No,10,Thursday,False,0.0,0,Low Risk
2019-01-09 09:14:18,Cummings LLC,gas_transport,69.76,M,Holloway,OH,40.0113,-80.9701,128,Child psychotherapist,1946-04-03,39.834217,-80.248255,0,15359,CUST008057,79,60+,Standard,6027.0,5150.28,64.3,48.89,4,3,786,92,48,MOBILE,Online,OTP,Yes,No,No,No,9,Wednesday,False,0.0,0,Low Risk
2019-01-02 16:39:23,Heaney-Marquardt,entertainment,9.02,F,Lahoma,OK,36.385,-98.0727,1078,"Programme researcher, broadcasting/film/video",1952-07-06,36.300052,-97.405388,0,73757,CUST003641,73,60+,Standard,4189.0,2368.39,7.14,4.66,11,4,38,21,20,POS,POS,OTP,Yes,Yes,No,No,16,Wednesday,False,0.0,0,Low Risk
2019-01-18 22:27:06,"Ritchie, Oberbrunner and Cremin",travel,1.49,M,Powell,TN,36.0435,-84.04,25459,"Teacher, special educational needs",1969-02-22,37.017661,-84.4651339999999,0,42533,CUST010145,56,41-60,Gold,14483.0,10502.6,1.02,0.92,11,4,1050,44,78,MOBILE,Online,Biometric,Yes,Yes,No,No,22,Friday,False,0.0,0,Low Risk
2019-01-04 16:44:18,Hickle Group,shopping_pos,2.63,M,Wichita,KS,37.6395,-97.1714,409656,Heritage manager,1985-12-27,37.205676,-97.768819,0,67004,CUST007456,40,26-40,Standard,7177.0,2782.05,1.62,2.91,11,3,692,20,49,WEB,Online,PIN,Yes,No,No,No,16,Friday,False,0.0,0,Low Risk
2019-01-12 13:22:46,Beer-Jast,kids_pets,77.8,F,De Soto,KS,38.9462,-94.9714,5760,Chief Executive Officer,1978-10-01,39.426415,-95.307246,0,66060,CUST007358,47,41-60,Standard,5206.0,3111.23,51.55,37.755,3,3,270,75,57,ATM,Online,Biometric,Yes,No,Yes,No,13,Saturday,True,0.0,0,Low Risk
2019-01-01 09:37:21,Wuckert-Walter,grocery_net,57.74,M,Morrisdale,PA,41.0001,-78.2357,3688,Advice worker,1973-05-27,41.071733,-77.518364,0,17751,CUST008276,52,41-60,Standard,4421.0,2495.72,42.66,49.19,3,4,1286,92,11,MOBILE,Mobile,OTP,Yes,Yes,No,No,9,Tuesday,False,0.0,0,Low Risk
2019-01-17 02:25:41,Hintz-Bruen,grocery_net,66.35,F,Baton Rouge,LA,30.4066,-91.1468,378909,"Designer, furniture",1977-02-22,29.590022,-91.227256,0,70342,CUST006863,48,41-60,Standard,4996.0,2415.39,53.22,55.21,10,2,685,9,94,WEB,Mobile,OTP,Yes,Yes,No,No,2,Thursday,False,0.0,0,Low Risk
2019-01-13 22:23:14,"Nienow, Barrows and Romaguera",personal_care,26.5,M,Mc Veytown,PA,40.5046,-77.7186,4653,Nutritional therapist,1997-07-01,39.955372,-78.405206,0,15535,CUST000677,28,26-40,Gold,16590.0,7431.2,24.46,21.96,3,3,716,13,31,MOBILE,POS,PIN,Yes,No,No,No,22,Sunday,True,0.0,0,Low Risk
2019-01-14 01:09:27,Herzog Ltd,misc_pos,7.15,M,Tickfaw,LA,30.5668,-90.482,8512,"Accountant, chartered public finance",1951-09-03,30.188468,-90.447581,0,70068,CUST007214,74,60+,Standard,5901.0,2754.74,6.74,7.16,11,0,570,19,12,ATM,Online,OTP,Yes,Yes,No,No,1,Monday,False,0.01,0,Low Risk
2019-01-18 02:36:18,Harris Inc,gas_transport,66.04,M,Cochranton,PA,41.5205,-80.0573,5507,Retail merchandiser,1973-07-28,41.030134,-79.135592,0,15784,CUST004065,52,41-60,Gold,14666.0,6628.26,52.67,60.58,11,3,742,9,67,MOBILE,Online,OTP,Yes,Yes,No,No,2,Friday,False,0.01,0,Low Risk
2019-01-01 15:48:32,Morissette LLC,entertainment,72.23,F,Blairstown,MO,38.5319,-93.9221,467,Agricultural consultant,1950-05-27,38.588127,-94.36268,0,64701,CUST002982,75,60+,Standard,4009.0,2280.74,53.56,36.23,3,4,329,1,13,POS,Online,OTP,Yes,No,No,Yes,15,Tuesday,False,0.0,0,Low Risk
2019-01-12 00:45:44,Pacocha-O'Reilly,grocery_pos,106.47,M,Norman,AR,34.4596,-93.6743,1383,Magazine features editor,1966-08-08,34.5647,-93.086136,0,71956,CUST004676,59,41-60,Gold,16070.0,6627.46,90.67,95.72,9,3,804,27,24,POS,Mobile,Biometric,Yes,Yes,No,No,0,Saturday,True,0.0,0,Low Risk
2019-01-14 08:26:48,Brown-Greenholt,entertainment,13.61,F,Louisville,KY,38.2507,-85.7476,736284,Engineering geologist,1952-04-02,38.333132,-86.35489,0,47145,CUST004922,73,60+,Standard,4607.0,2769.7,11.15,11.24,11,4,238,98,59,ATM,POS,PIN,Yes,No,No,No,8,Monday,False,0.01,0,Low Risk
2019-01-12 12:16:00,Harris Group,food_dining,2.1,M,Holloway,OH,40.0113,-80.9701,128,Child psychotherapist,1946-04-03,40.412267,-80.5476449999999,0,26062,CUST004252,79,60+,Gold,15326.0,4464.97,1.34,2.18,11,4,41,13,54,WEB,POS,PIN,Yes,Yes,No,No,12,Saturday,True,0.01,0,Low Risk
2019-01-01 16:24:12,"O'Connell, Botsford and Hand",home,9.78,F,Tyler,TX,32.2768,-95.3031,144160,Sports development officer,1984-05-04,31.657356,-96.02839,0,75840,CUST007078,41,41-60,Platinum,49582.0,36073.65,7.59,10.44,10,0,293,21,54,ATM,Online,PIN,No,Yes,No,No,16,Tuesday,False,0.0,0,Low Risk
2019-01-15 13:41:59,"Parker, Nolan and Trantow",entertainment,31.46,F,Roma,TX,26.4215,-99.0025,18128,IT trainer,1990-11-07,26.234844,-99.023138,0,45777,CUST008331,35,26-40,Standard,7640.0,3224.17,28.28,22.05,8,0,1197,57,74,ATM,POS,PIN,Yes,Yes,No,No,13,Tuesday,False,0.0,0,Low Risk
2019-01-08 13:48:52,O'Hara-Wilderman,food_dining,55.64,F,West Columbia,SC,33.9568,-81.1405,52126,Chemical engineer,1929-08-23,34.342657,-81.284102,0,29065,CUST009478,96,60+,Standard,5671.0,4062.89,48.85,54.56,7,4,984,64,51,ATM,Mobile,Biometric,Yes,Yes,No,No,13,Tuesday,False,0.0,0,Low Risk
2019-01-08 03:47:57,"Stokes, Christiansen and Sipes",grocery_net,40.09,M,Aledo,TX,32.7004,-97.6039,13602,Optometrist,1984-07-05,32.322374,-97.371902,0,76033,CUST004916,41,41-60,Platinum,49043.0,25015.44,35.23,42.51,9,0,783,94,53,MOBILE,Mobile,Biometric,Yes,Yes,No,No,3,Tuesday,False,0.0,0,Low Risk
2019-01-08 09:28:58,"Schoen, Kuphal and Nitzsche",grocery_pos,82.7,F,Sutherland,NE,41.1558,-101.136,1789,Insurance broker,1982-02-11,41.711815,-101.649586,0,45777,CUST002297,43,41-60,Standard,4051.0,2633.74,73.54,83.43,1,1,472,79,50,ATM,ATM,Biometric,Yes,Yes,No,No,9,Tuesday,False,0.0,0,Low Risk
2019-01-01 14:58:33,Fisher-Schowalter,shopping_net,6.06,M,Milwaukee,WI,42.9676,-88.0434,817312,"Accountant, chartered public finance",2004-03-18,42.332816,-88.331443,0,60050,CUST002307,21,18-25,Gold,15120.0,5597.14,3.88,4.52,10,1,894,13,44,POS,Mobile,PIN,Yes,No,No,No,14,Tuesday,False,0.0,0,Low Risk
2019-01-11 19:57:41,"Hahn, Douglas and Schowalter",travel,8.69,M,Livonia,MI,42.3958,-83.3772,96942,Horticultural consultant,1965-04-01,41.646124,-83.805818,0,43617,CUST003120,60,41-60,Gold,17283.0,5975.03,8.07,8.38,2,1,1121,4,48,WEB,Online,Biometric,Yes,No,No,No,19,Friday,False,0.0,0,Low Risk
2019-01-12 20:58:49,"Feil, Hilpert and Koss",food_dining,78.84,F,Wilmington,NC,34.2651,-77.867,186140,English as a second language teacher,1983-02-08,33.524246,-78.023969,0,45777,CUST010731,42,41-60,Standard,7631.0,5985.97,49.11,61.1,2,4,329,16,32,MOBILE,Mobile,OTP,Yes,No,No,No,20,Saturday,True,0.0,0,Low Risk
2019-01-18 04:04:59,"Daugherty, Pouros and Beahan",shopping_pos,5.05,F,Fields Landing,CA,40.7268,-124.2174,276,"Scientist, audiological",1929-05-06,40.706996,-123.740741,0,95550,CUST009128,96,60+,Standard,6279.0,5592.88,4.48,4.18,3,3,950,63,81,POS,POS,PIN,Yes,Yes,No,No,4,Friday,False,0.01,0,Low Risk
2019-01-15 00:00:31,"Parker, Nolan and Trantow",entertainment,7.97,M,Andrews,NC,35.1959,-83.8228,5354,Retail buyer,1965-04-13,35.918693,-84.544508,0,37748,CUST006846,60,41-60,Standard,7325.0,6260.61,5.05,6.16,1,4,494,57,47,WEB,Mobile,PIN,Yes,Yes,No,No,0,Tuesday,False,0.01,0,Low Risk
2019-01-02 03:13:33,"Rowe, Batz and Goodwin",grocery_pos,137.47,F,Cressona,PA,40.6284,-76.195,1606,Ecologist,1966-05-10,40.878895,-76.422067,0,17888,CUST001002,59,41-60,Standard,6379.0,1429.02,120.98,141.44,8,1,277,53,36,WEB,Online,PIN,No,No,No,No,3,Wednesday,False,0.0,0,Low Risk
2019-01-07 17:34:01,"Feil, Hilpert and Koss",food_dining,18.96,F,Burlington,WA,48.4786,-122.3345,14871,Public house manager,1974-03-10,48.834502,-123.222701,0,45777,CUST010485,51,41-60,Standard,7701.0,4181.1,13.76,21.05,5,2,275,94,75,WEB,Mobile,OTP,Yes,Yes,No,No,17,Monday,False,0.0,0,Low Risk
2019-01-01 05:41:23,O'Keefe-Hudson,grocery_pos,175.26,F,Rock Springs,WY,41.606,-109.23,27971,Music therapist,1984-08-01,42.25722,-109.312091,0,45777,CUST006564,41,41-60,Gold,16802.0,4443.37,138.67,181.22,11,1,705,61,10,POS,Online,OTP,Yes,Yes,No,No,5,Tuesday,False,0.0,0,Low Risk
2019-01-13 17:58:47,"Zemlak, Tillman and Cremin",personal_care,26.43,M,Fulton,OH,40.4971,-82.8342,267,Facilities manager,2005-01-29,41.180415,-83.416181,0,44830,CUST001143,20,18-25,Standard,7151.0,3683.57,21.4,28.88,6,1,473,93,53,ATM,Online,PIN,Yes,Yes,No,No,17,Sunday,True,0.0,0,Low Risk
2019-01-06 17:32:55,Shanahan-Lehner,personal_care,31.45,F,East Andover,ME,44.6084,-70.6993,190,Animal nutritionist,1970-04-17,45.481546,-70.486543,0,45777,CUST005140,55,41-60,Standard,6046.0,3408.41,20.35,33.52,6,0,270,54,63,POS,Online,Biometric,Yes,No,No,No,17,Sunday,True,0.0,0,Low Risk
2019-01-08 10:16:13,Schmidt and Sons,shopping_net,1.74,F,Fordoche,LA,30.6576,-91.6264,1178,Community education officer,1951-06-13,31.385165,-92.518416,0,71405,CUST000308,74,60+,Gold,15963.0,14007.65,1.42,0.99,1,2,203,94,90,POS,Online,PIN,Yes,Yes,No,No,10,Tuesday,False,0.0,0,Low Risk
2019-01-05 02:49:12,Hintz-Bruen,grocery_net,78.28,F,Whigham,GA,30.8836,-84.3246,3430,"Editor, commissioning",1950-03-25,30.100067,-84.139685,0,45777,CUST005030,75,60+,Standard,4757.0,3002.6,71.38,41.8,6,2,632,9,89,MOBILE,Online,Biometric,Yes,Yes,No,No,2,Saturday,True,0.0,0,Low Risk
2019-01-09 10:33:13,"Mosciski, Gislason and Mertz",grocery_pos,17.95,M,Moab,UT,38.5677,-109.5271,9772,Location manager,1989-11-24,37.631074,-110.325756,0,84533,CUST003072,36,26-40,Platinum,49002.0,20924.28,14.0,15.62,3,1,703,59,51,ATM,ATM,PIN,Yes,No,No,No,10,Wednesday,False,0.0,0,Low Risk
2019-01-08 11:58:59,"Fadel, Mertz and Rippin",entertainment,51.3,F,Meadville,MS,31.4285,-90.8578,2799,"Therapist, horticultural",1961-01-21,31.993632,-90.906799,0,39150,CUST000426,64,60+,Standard,5842.0,4668.18,46.21,50.96,8,3,1186,43,63,MOBILE,Online,PIN,Yes,No,No,No,11,Tuesday,False,0.0,0,Low Risk
2019-01-09 04:41:56,Frami Group,entertainment,129.57,F,Hawley,MN,46.9777,-96.4092,4508,Naval architect,1949-04-24,47.826147,-95.69372,0,56684,CUST001379,76,60+,Gold,15189.0,6400.17,81.43,141.03,4,2,511,3,51,MOBILE,Mobile,Biometric,No,No,No,No,4,Wednesday,False,0.0,0,Low Risk
2019-01-17 06:44:52,Padberg-Rogahn,entertainment,477.08,F,Hopkins,SC,33.9349,-80.8449,13717,Chiropodist,1949-11-16,33.286416,-81.660223,0,29831,CUST006777,76,60+,Platinum,7367.5,27143.04,433.51,316.88,9,2,639,99,100,POS,Online,Biometric,Yes,Yes,No,No,6,Thursday,False,0.15,0,Low Risk
2019-01-02 16:30:59,Schmidt-Larkin,home,29.77,F,Philadelphia,PA,40.0369,-75.0664,1526206,Structural engineer,1985-01-01,40.96745,-75.276165,0,18354,CUST004400,40,26-40,Platinum,50673.0,25332.16,18.88,34.02,4,2,1307,64,20,ATM,POS,OTP,Yes,No,No,No,16,Wednesday,False,0.0,0,Low Risk
2019-01-08 00:42:30,Christiansen-Gusikowski,misc_pos,34.09,M,Zaleski,OH,39.283,-82.3977,341,Accounting technician,1978-12-18,39.630017,-82.778998,0,43102,CUST009486,47,41-60,Gold,14774.0,11013.69,22.03,19.46,1,4,758,90,34,POS,Mobile,Biometric,Yes,Yes,No,No,0,Tuesday,False,0.0,0,Low Risk
2019-01-10 02:35:00,Stamm-Rodriguez,misc_pos,5.61,F,New York City,NY,40.7105,-74.0163,1577385,"Pharmacist, hospital",1961-05-13,40.658478,-73.606693,0,11510,CUST002716,64,60+,Standard,6562.0,4030.52,3.55,5.21,7,3,906,92,39,ATM,ATM,Biometric,Yes,Yes,No,No,2,Thursday,False,0.0,0,Low Risk
2019-01-10 01:49:30,Auer-Mosciski,grocery_pos,123.39,M,Malad City,ID,42.1808,-112.262,4154,Nature conservation officer,1962-01-19,42.549054,-112.680521,0,83212,CUST000158,63,60+,Gold,15830.0,5777.96,94.32,143.4,1,0,1413,63,13,POS,POS,Biometric,Yes,Yes,No,No,1,Thursday,False,0.0,0,Low Risk
2019-01-14 22:37:18,Waters-Cruickshank,health_fitness,44.78,F,Wheaton,MO,36.7651,-94.0492,760,Production manager,1985-08-31,36.959165,-93.845197,0,65769,CUST010646,40,26-40,Standard,7367.5,4045.32,34.25,44.33,6,0,1420,36,94,MOBILE,ATM,Biometric,No,Yes,No,No,22,Monday,False,0.0,0,Low Risk
2019-01-03 02:05:30,"Roob, Conn and Tremblay",shopping_pos,342.99,F,Jaffrey,NH,42.8178,-72.0275,5457,"Surveyor, hydrographic",1950-04-17,42.87689,-71.3698819999999,0,3053,CUST008091,75,60+,Standard,7404.0,4657.49,299.38,290.9,8,3,23,73,18,ATM,ATM,OTP,Yes,No,No,No,2,Thursday,False,0.15,0,Low Risk
2019-01-11 00:42:05,"Nitzsche, Kessler and Wolff",shopping_pos,3.37,M,Burbank,OK,36.6966,-96.7869,471,Sub,1941-03-30,37.253433,-96.283241,0,67353,CUST003662,84,60+,Gold,14328.0,10671.1,3.04,1.96,2,3,179,33,57,MOBILE,Online,OTP,Yes,No,No,No,0,Friday,False,0.0,0,Low Risk
2019-01-02 20:00:03,"Schmeler, Bashirian and Price",shopping_net,10.1,M,Naples,FL,26.1184,-81.7361,276002,"Programme researcher, broadcasting/film/video",1979-01-02,26.748713,-81.414705,0,33935,CUST005391,46,41-60,Standard,4852.0,3664.83,9.01,6.89,9,0,906,7,51,WEB,POS,Biometric,Yes,Yes,No,No,20,Wednesday,False,0.0,0,Low Risk
2019-01-04 14:14:00,"Langworth, Boehm and Gulgowski",shopping_net,4.96,M,Key West,FL,24.6557,-81.3824,32891,Town planner,1987-02-13,24.998401,-80.824516,0,45777,CUST009101,38,26-40,Gold,15650.0,13986.07,4.29,2.63,2,0,399,12,44,MOBILE,POS,PIN,Yes,Yes,No,No,14,Friday,False,0.0,0,Low Risk
2019-01-12 19:18:53,Quitzon-Goyette,home,16.6,M,Lakeland,FL,27.9611,-81.9398,237282,"Radiographer, therapeutic",1961-09-28,27.408085,-81.754102,0,33890,CUST004336,64,60+,Standard,7482.0,3425.18,10.64,17.78,4,4,803,7,59,ATM,Mobile,OTP,Yes,Yes,Yes,Yes,19,Saturday,True,0.0,0,Low Risk
2019-01-15 18:52:15,Deckow-O'Conner,grocery_pos,46.21,M,Reno,NV,39.5483,-119.7957,276896,Immunologist,1997-03-12,39.444592,-120.385788,0,45777,CUST009925,28,26-40,Standard,4500.0,2921.64,39.0,30.05,11,3,1423,3,53,ATM,Mobile,OTP,No,Yes,No,No,18,Tuesday,False,0.0,0,Low Risk
2019-01-15 12:59:13,Waelchi Inc,kids_pets,117.11,F,Scotia,SC,32.6786,-81.2455,302,Magazine features editor,1973-05-04,33.179449,-81.883543,0,30830,CUST009889,52,41-60,Gold,16899.0,12715.69,107.99,61.89,2,4,760,23,12,ATM,Online,OTP,Yes,No,No,No,12,Tuesday,False,0.01,0,Low Risk
2019-01-08 16:43:27,"Cormier, Stracke and Thiel",entertainment,83.05,F,Centerview,MO,38.7897,-93.8702,2368,Electronics engineer,1989-07-17,38.35946,-93.531532,0,65323,CUST003630,36,26-40,Gold,14170.0,9022.88,77.2,75.17,9,4,1418,50,70,ATM,Mobile,PIN,Yes,No,No,No,16,Tuesday,False,0.0,0,Low Risk
2019-01-12 14:20:21,Shanahan-Lehner,personal_care,74.03,M,Saxon,WI,46.4959,-90.4383,795,Television/film/video producer,1986-04-15,45.921727,-91.27572,0,54828,CUST006082,39,26-40,Gold,14138.0,9090.01,47.49,71.47,5,0,876,71,21,WEB,Mobile,PIN,Yes,Yes,No,Yes,14,Saturday,True,0.0,0,Low Risk
2019-01-04 09:47:49,"Stroman, Hudson and Erdman",gas_transport,68.64,M,Cadiz,KY,36.802,-87.8286,13422,Commissioning editor,1961-09-03,36.533016,-87.842721,0,37058,CUST002473,64,60+,Standard,4646.0,2483.97,42.59,50.84,7,3,700,61,20,ATM,Mobile,Biometric,Yes,No,No,No,9,Friday,False,0.01,0,Low Risk
2019-01-11 11:00:42,"Reinger, Weissnat and Strosin",food_dining,53.12,M,Tickfaw,LA,30.5668,-90.482,8512,"Accountant, chartered public finance",1951-09-03,29.835898,-90.702552,0,70301,CUST003697,74,60+,Standard,6562.0,5724.58,40.32,28.39,3,4,163,95,58,ATM,POS,OTP,Yes,Yes,No,No,11,Friday,False,0.0,0,Low Risk
2019-01-05 05:17:14,"Greenholt, O'Hara and Balistreri",shopping_net,94.29,M,Dumont,CO,39.7532,-105.6356,565,Mental health nurse,1978-08-27,39.155452,-104.729257,0,80132,CUST009861,47,41-60,Gold,15614.0,4101.27,57.48,74.66,5,2,537,89,19,WEB,POS,Biometric,Yes,Yes,No,Yes,5,Saturday,True,0.0,0,Low Risk
2019-01-07 22:16:50,Kuphal-Toy,food_dining,18.64,M,Parsonsfield,ME,43.745,-70.9092,1892,Audiological scientist,1956-03-02,44.388468,-70.623892,0,4219,CUST002331,69,60+,Platinum,52120.0,13357.26,12.33,14.3,4,1,1380,93,47,WEB,ATM,OTP,Yes,Yes,No,No,22,Monday,False,0.0,0,Low Risk
2019-01-15 02:28:20,"Baumbach, Feeney and Morar",shopping_net,93.93,M,Richland,NJ,39.485,-74.8776,825,Licensed conveyancer,1991-07-06,39.177455,-73.9086459999999,0,45777,CUST002890,34,26-40,Standard,6897.0,1588.74,63.89,84.08,9,3,899,99,76,MOBILE,Online,OTP,Yes,Yes,No,No,2,Tuesday,False,0.02,0,Low Risk
2019-01-17 22:26:02,Kutch-Wilderman,home,187.35,F,Thompson,UT,38.9999,-109.615,46,"Surveyor, minerals",1987-04-23,39.42207,-109.555496,1,45777,CUST003328,38,26-40,Platinum,52094.0,33379.69,112.63,156.94,6,1,750,63,79,POS,Mobile,PIN,Yes,Yes,Yes,No,22,Thursday,False,0.04,0,Low Risk
2019-01-07 16:44:34,Connelly PLC,food_dining,37.51,F,River,KY,37.8795,-82.7251,571,Quarry manager,1931-03-07,37.642238,-82.002612,0,25651,CUST004752,94,60+,Platinum,51174.0,39222.0,31.42,37.755,6,4,330,23,47,ATM,POS,PIN,Yes,Yes,No,No,16,Monday,False,0.0,0,Low Risk
2019-01-08 05:09:35,Howe Ltd,misc_pos,71.5,M,Portland,OR,45.5303,-122.7033,841711,"Engineer, building services",1963-04-04,45.643365,-122.933511,0,97124,CUST009338,62,60+,Standard,7006.0,1646.31,48.81,77.36,6,2,643,41,96,POS,Mobile,PIN,No,Yes,No,Yes,5,Tuesday,False,0.0,0,Low Risk
2019-01-05 06:51:13,Huels-Nolan,gas_transport,71.44,F,Whaleyville,MD,38.4121,-75.2811,718,Regulatory affairs officer,1985-03-19,38.696509,-76.197665,0,21662,CUST003801,40,26-40,Gold,17478.0,15420.37,65.63,43.65,4,2,700,18,75,MOBILE,Online,PIN,Yes,No,No,No,6,Saturday,True,0.0,0,Low Risk
2019-01-06 10:53:30,McDermott-Rice,misc_pos,8.61,M,Turner,MT,48.8328,-108.3961,192,Further education lecturer,1964-01-04,48.475451,-109.07304,0,59523,CUST008229,61,60+,Standard,6093.0,2927.51,7.59,9.47,2,2,1042,57,68,WEB,Online,PIN,Yes,No,No,No,10,Sunday,True,0.01,0,Low Risk
2019-01-07 17:55:30,Erdman-Ebert,personal_care,37.19,F,West Palm Beach,FL,26.7197,-80.1248,459921,Historic buildings inspector/conservation officer,1960-06-14,27.235855,-81.090625,0,33857,CUST010881,65,60+,Platinum,52635.0,26845.83,26.45,37.755,11,3,1167,5,84,WEB,ATM,PIN,Yes,Yes,No,No,17,Monday,False,0.0,0,Low Risk
2019-01-01 02:50:00,Deckow-O'Conner,grocery_pos,60.71,M,Warren,MI,42.5164,-82.9832,134056,"Doctor, hospital",1980-05-18,42.338025,-82.279667,0,45777,CUST007430,45,41-60,Standard,7014.0,2718.08,52.94,53.79,9,3,1255,29,72,POS,ATM,OTP,Yes,Yes,Yes,No,2,Tuesday,False,0.0,0,Low Risk
2019-01-02 07:04:23,Bednar Group,misc_net,785.98,F,Bonfield,IL,41.1573,-88.0619,1617,Medical secretary,1990-04-25,40.242491,-88.113635,0,61878,CUST000167,35,26-40,Standard,4435.0,2875.08,546.02,575.72,5,1,158,75,37,POS,ATM,Biometric,Yes,Yes,Yes,Yes,7,Wednesday,False,0.16,0,Low Risk
2019-01-05 02:15:59,Heller-Langosh,gas_transport,61.19,F,North Loup,NE,41.4972,-98.7858,509,"Nurse, children's",1980-09-15,42.162679,-98.936089,0,68711,CUST009074,45,41-60,Standard,6421.0,3043.57,40.47,54.23,9,3,934,78,4,WEB,POS,PIN,Yes,Yes,No,No,2,Saturday,True,0.0,0,Low Risk
2019-01-14 01:09:17,"Lind, Huel and McClure",gas_transport,83.44,M,Tryon,OK,35.8759,-96.9623,1165,"Psychotherapist, child",1944-11-11,35.749636,-97.887334,0,73762,CUST000150,81,60+,Standard,7629.0,5401.86,58.6,68.23,3,4,1287,58,22,POS,Mobile,Biometric,Yes,Yes,No,Yes,1,Monday,False,0.0,0,Low Risk
2019-01-03 00:57:34,Bruen-Yost,misc_pos,136.83,F,Unionville,MO,40.4815,-92.9951,3805,"Investment banker, corporate",1950-09-15,39.513101,-92.748525,0,65281,CUST008751,75,60+,Gold,14971.0,5102.03,102.38,143.41,5,2,1146,4,92,WEB,Mobile,OTP,Yes,No,No,No,0,Thursday,False,0.0,0,Low Risk
2019-01-14 01:18:23,"Wintheiser, Dietrich and Schimmel",misc_pos,30.25,M,Athena,OR,45.8289,-118.4971,1302,Dealer,1976-10-18,45.323617,-118.095258,0,97850,CUST008915,49,41-60,Standard,7165.0,6422.06,27.28,20.59,11,4,438,74,77,POS,POS,PIN,Yes,Yes,No,No,1,Monday,False,0.0,0,Low Risk
2019-01-04 12:52:30,"Schaefer, Fay and Hilll",entertainment,224.72,F,Saint Amant,LA,30.2385,-90.8435,10076,"Surveyor, rural practice",1977-12-16,29.806269,-91.119468,0,70380,CUST000268,48,41-60,Gold,14529.0,5533.43,154.48,212.38,8,4,89,87,20,WEB,ATM,PIN,Yes,No,No,Yes,12,Friday,False,0.0,0,Low Risk
2019-01-06 01:22:51,Kutch LLC,gas_transport,69.68,F,Dubre,KY,36.8421,-85.5396,341,Insurance risk surveyor,1932-11-19,37.362546,-85.782391,0,42757,CUST002576,93,60+,Standard,4733.0,1232.18,43.68,73.61,2,1,1185,46,22,WEB,Mobile,OTP,No,No,No,No,1,Sunday,True,0.0,0,Low Risk
2019-01-08 07:38:57,Doyle Ltd,grocery_pos,174.09,F,Sherman,TX,33.6372,-96.6184,46563,Systems developer,1970-09-11,34.422195,-96.841678,0,74856,CUST003347,55,41-60,Gold,17149.0,5350.56,105.79,159.48,4,2,315,100,42,WEB,ATM,PIN,Yes,No,No,No,7,Tuesday,False,0.0,0,Low Risk
2019-01-14 01:35:00,Kutch Group,grocery_net,42.78,M,Corriganville,MD,39.6967,-78.8031,626,Energy engineer,1960-12-13,39.547434,-77.869324,0,25419,CUST002652,65,60+,Standard,7584.0,5730.38,26.19,21.73,9,1,1105,43,26,MOBILE,Online,OTP,Yes,No,No,No,1,Monday,False,0.0,0,Low Risk
2019-01-07 00:09:02,Corwin-Collins,gas_transport,68.89,M,Newark Valley,NY,42.2281,-76.1625,4354,Further education lecturer,1994-02-16,42.631139,-77.149243,0,14418,CUST007137,31,26-40,Standard,6841.0,3035.49,50.42,56.57,8,4,857,32,91,ATM,Mobile,OTP,Yes,Yes,No,No,0,Monday,False,0.0,0,Low Risk
2019-01-01 05:13:34,"Nicolas, Hills and McGlynn",entertainment,53.49,F,Manchester,MD,39.6747,-76.8941,11751,Clinical research associate,1964-02-15,39.102729,-76.185062,0,21661,CUST005354,61,60+,Gold,7367.5,8909.01,49.13,37.755,3,4,357,87,99,MOBILE,Online,Biometric,Yes,No,No,No,5,Tuesday,False,0.0,0,Low Risk
2019-01-16 19:42:32,"Nitzsche, Kessler and Wolff",shopping_pos,4.25,M,Haw River,NC,36.0424,-79.3242,6006,Paramedic,1984-07-20,36.534282,-78.425042,0,27507,CUST002438,41,41-60,Standard,4893.0,1284.77,2.65,2.29,3,0,1016,83,65,WEB,Mobile,OTP,Yes,Yes,No,No,19,Wednesday,False,0.0,0,Low Risk
2019-01-07 03:21:47,"Cormier, Stracke and Thiel",entertainment,7.88,M,Pembroke,NC,34.6902,-79.1834,14783,Hospital doctor,1955-11-07,35.00912,-79.220563,0,28376,CUST010745,70,60+,Standard,7115.0,4564.1,4.86,4.23,10,1,683,73,37,ATM,POS,PIN,Yes,No,No,No,3,Monday,False,0.01,0,Low Risk
2019-01-05 14:50:56,Bogisich-Homenick,misc_net,3.79,F,Owensville,MO,38.3511,-91.4867,6703,Naval architect,1998-05-20,39.117799,-91.605358,0,65264,CUST000645,27,26-40,Gold,17736.0,9793.13,2.86,3.76,2,2,844,6,87,ATM,Mobile,Biometric,Yes,Yes,No,No,14,Saturday,True,0.0,0,Low Risk
2019-01-18 23:23:44,"Swaniawski, Nitzsche and Welch",health_fitness,53.89,F,Fort Washakie,WY,43.0048,-108.8964,1645,Information systems manager,1986-02-17,43.293413,-108.881284,0,82516,CUST001739,39,26-40,Standard,6805.0,4482.125,42.08,35.52,4,0,206,81,21,WEB,POS,Biometric,Yes,Yes,No,No,23,Friday,False,0.0,0,Low Risk
2019-01-02 16:54:34,"Feil, Hilpert and Koss",food_dining,12.67,F,Meridian,TX,31.929,-97.6443,2526,Phytotherapist,1970-11-12,32.867683,-98.423675,0,45777,CUST000771,55,41-60,Standard,7561.0,3063.51,9.88,11.5,8,4,1204,7,59,ATM,Mobile,Biometric,Yes,No,No,No,16,Wednesday,False,0.0,0,Low Risk
2019-01-01 19:54:19,"Becker, Harris and Harvey",personal_care,29.24,M,Grenada,CA,41.6125,-122.5258,589,Systems analyst,1945-12-21,42.114385,-123.20183,0,97544,CUST000786,80,60+,Standard,5429.0,3508.53,21.94,37.755,7,0,812,89,4,WEB,Online,OTP,Yes,Yes,No,No,19,Tuesday,False,0.0,0,Low Risk
2019-01-05 21:19:29,"Kling, Howe and Schneider",home,88.19,M,Union,WV,37.5802,-80.5248,2443,Chartered public finance accountant,1941-10-16,38.143897,-79.758753,0,24484,CUST004059,84,60+,Standard,5089.0,4235.94,68.87,46.21,3,3,294,25,64,ATM,Online,PIN,Yes,Yes,No,No,21,Saturday,True,0.0,0,Low Risk
2019-01-17 11:15:35,"Greenholt, Jacobi and Gleason",gas_transport,87.55,F,Redford,MO,37.3272,-91.0243,241,Investment analyst,1974-10-27,36.915931,-90.782405,0,63937,CUST010613,51,41-60,Gold,16902.0,4478.44,75.43,89.31,3,4,89,88,55,WEB,Online,OTP,Yes,No,No,No,11,Thursday,False,0.0,0,Low Risk
2019-01-14 23:44:31,"Kling, Howe and Schneider",home,52.75,F,Bellmore,NY,40.6729,-73.5365,34496,"Librarian, public",1970-10-21,41.159251,-73.919848,0,10920,CUST002550,55,41-60,Gold,7367.5,14373.43,34.36,54.36,7,3,591,52,38,POS,ATM,OTP,Yes,Yes,No,No,23,Monday,False,0.0,0,Low Risk
2019-01-03 21:33:26,Effertz LLC,entertainment,103.38,F,Altair,TX,29.6047,-96.5249,106,"Editor, film/video",1983-07-24,29.337508,-97.317492,0,45777,CUST004806,42,41-60,Gold,15160.0,3267.05,84.37,111.26,8,0,988,100,7,MOBILE,Mobile,Biometric,Yes,No,Yes,No,21,Thursday,False,0.0,0,Low Risk
2019-01-05 21:01:05,Klein Group,entertainment,48.39,M,Deadwood,SD,44.3566,-103.6999,1979,Multimedia programmer,1970-03-13,44.185927,-103.35969,0,57718,CUST001358,55,41-60,Standard,7447.0,4524.91,36.06,33.34,11,2,268,73,12,MOBILE,Online,PIN,Yes,Yes,No,No,21,Saturday,True,0.1,0,Low Risk
2019-01-14 07:46:57,Murray-Smitham,grocery_pos,105.31,M,Hampton,FL,29.8575,-82.1483,2060,Oncologist,1983-11-10,29.950042,-82.067619,0,32091,CUST010757,42,41-60,Gold,17798.0,11284.72,77.62,104.79,7,2,151,27,82,ATM,ATM,OTP,Yes,Yes,No,No,7,Monday,False,0.0,0,Low Risk
2019-01-09 03:11:38,"Herman, Treutel and Dickens",misc_net,3.73,M,High Rolls Mountain Park,NM,32.9396,-105.8189,899,Naval architect,1967-08-30,33.022663,-106.194256,0,45777,CUST001909,58,41-60,Standard,6253.0,2903.0,2.8,2.74,9,4,395,20,26,ATM,POS,Biometric,Yes,Yes,No,No,3,Wednesday,False,0.0,0,Low Risk
2019-01-01 05:27:27,Kuphal-Predovic,misc_net,494.16,F,Holcomb,KS,37.9931,-100.9893,2691,Arboriculturist,1993-08-16,38.918827,-100.452065,0,67736,CUST004866,32,26-40,Standard,6399.0,4368.43,373.02,417.52,10,1,1055,15,61,WEB,POS,OTP,Yes,No,No,No,5,Tuesday,False,0.14,0,Low Risk
2019-01-14 23:40:52,Volkman PLC,food_dining,55.17,M,Dumont,CO,39.7532,-105.6356,565,Mental health nurse,1978-08-27,38.777212,-106.445887,0,45777,CUST007842,47,41-60,Standard,6431.0,4132.87,49.43,44.97,1,4,1004,44,46,ATM,Mobile,PIN,Yes,Yes,No,No,23,Monday,False,0.0,0,Low Risk
2019-01-06 18:05:51,Gibson-Deckow,entertainment,87.4,M,Montgomery,AL,32.3374,-86.2715,214703,"Chemist, analytical",1994-10-07,31.367904,-85.3436969999999,0,36345,CUST001654,31,26-40,Standard,7375.0,4685.63,59.66,92.32,7,0,848,33,93,MOBILE,POS,PIN,Yes,Yes,No,No,18,Sunday,True,0.0,0,Low Risk
2019-01-16 03:11:56,Hickle Group,shopping_pos,5.13,M,Stillwater,OK,36.1043,-97.0609,55345,Cabin crew,1948-05-01,35.683896,-97.691966,0,73078,CUST002038,77,60+,Gold,15497.0,11878.34,4.5,37.755,8,4,817,59,28,ATM,ATM,OTP,No,Yes,No,No,3,Wednesday,False,0.0,0,Low Risk
2019-01-17 21:25:07,Lemke and Sons,travel,482.22,M,Schaefferstown,PA,40.3087,-76.2963,823,Gaffer,1982-07-02,39.523661,-76.057356,0,21078,CUST004985,43,41-60,Standard,5308.0,4379.77,312.51,544.83,4,0,1194,51,37,WEB,Online,OTP,Yes,Yes,No,No,21,Thursday,False,0.05,0,Low Risk
2019-01-13 11:50:02,Smitham-Schiller,grocery_net,47.76,F,Tupper Lake,NY,44.232,-74.4905,6120,Chartered loss adjuster,1976-10-09,44.555485,-74.171237,0,12989,CUST007066,49,41-60,Standard,7001.0,3833.06,35.23,30.87,11,2,1239,81,51,MOBILE,Online,Biometric,Yes,Yes,No,Yes,11,Sunday,True,0.0,0,Low Risk
2019-01-14 07:59:21,"Towne, Greenholt and Koepp",shopping_net,4.86,M,North Las Vegas,NV,36.2815,-115.1482,214518,Catering manager,1960-01-16,35.295822,-114.886128,0,89039,CUST002488,65,60+,Platinum,52541.0,31146.67,4.58,3.31,10,2,1125,25,15,ATM,ATM,Biometric,Yes,Yes,No,Yes,7,Monday,False,0.01,0,Low Risk
2019-01-11 20:10:09,"Conroy, Balistreri and Gorczany",health_fitness,78.84,F,De Soto,KS,38.9462,-94.9714,5760,Chief Executive Officer,1978-10-01,37.949138,-95.92565,0,66870,CUST010355,47,41-60,Platinum,52197.0,16973.09,36.06,37.755,7,3,1424,40,63,MOBILE,Mobile,OTP,Yes,No,No,No,20,Friday,False,0.0,0,Low Risk
2019-01-09 23:49:10,Dach-Nader,misc_net,6.15,F,Alpharetta,GA,34.077,-84.3033,165556,Prison officer,1997-12-27,33.557246,-84.128799,0,30094,CUST003424,28,26-40,Standard,7065.0,3159.69,5.75,4.91,9,1,769,26,51,ATM,Mobile,OTP,Yes,No,No,No,23,Wednesday,False,0.0,0,Low Risk
2019-01-15 12:42:05,Quitzon-Goyette,home,49.68,M,Andrews,IN,40.8618,-85.6067,2304,Retail banker,1955-07-25,40.254182,-86.605535,0,46035,CUST008052,70,60+,Gold,17164.0,13425.82,40.8,40.12,6,0,658,6,51,WEB,Mobile,OTP,Yes,Yes,No,No,12,Tuesday,False,0.0,0,Low Risk
2019-01-18 06:18:40,Boyer-Reichert,shopping_net,8.3,M,Manley,NE,40.9207,-96.168,206,Human resources officer,1967-10-04,40.926779,-96.460631,0,68366,CUST006001,58,41-60,Standard,6591.0,4419.08,7.31,9.28,4,1,166,18,98,POS,POS,PIN,Yes,Yes,No,No,6,Friday,False,0.0,0,Low Risk
2019-01-01 01:11:02,Corwin-Gorczany,misc_net,3.35,F,Avoca,IA,41.4768,-95.3509,2036,Engineering geologist,1971-08-20,41.907592,-95.809232,0,51558,CUST009298,54,41-60,Standard,6439.0,4571.03,3.05,3.15,5,4,821,20,56,WEB,Mobile,PIN,Yes,Yes,No,No,1,Tuesday,False,0.0,0,Low Risk
2019-01-17 23:21:51,Connelly-Carter,home,32.96,M,Freedom,WY,43.0172,-111.0292,471,"Education officer, museum",1967-08-02,42.250848,-111.937667,0,83228,CUST002415,58,41-60,Platinum,49553.0,37382.16,19.78,32.67,3,4,1105,39,36,ATM,POS,Biometric,Yes,Yes,No,No,23,Thursday,False,0.0,0,Low Risk
2019-01-08 17:11:24,Padberg-Sauer,home,101.56,M,East Troy,WI,42.8035,-88.4092,9679,"Engineer, production",1991-04-11,41.900894,-87.5828839999999,0,60611,CUST010833,34,26-40,Platinum,50715.0,25548.8,70.07,55.34,5,1,791,54,28,WEB,Mobile,PIN,Yes,Yes,No,No,17,Tuesday,False,0.0,0,Low Risk
2019-01-17 22:36:43,Runte-Mohr,food_dining,87.19,M,Hancock,MD,39.6991,-78.1762,3766,Press photographer,1984-02-14,40.540862,-77.817305,0,17002,CUST007136,41,41-60,Gold,16708.0,6559.15,59.05,102.89,9,3,814,30,78,POS,Online,OTP,Yes,Yes,No,No,22,Thursday,False,0.0,0,Low Risk
2019-01-01 06:33:35,Hills-Olson,grocery_net,48.39,F,Riverview,MI,42.1782,-83.2461,15623,Writer,1993-11-02,41.566092,-82.4376219999999,0,45777,CUST001325,32,26-40,Standard,4591.0,2207.69,38.23,54.43,1,3,799,91,64,MOBILE,ATM,Biometric,Yes,No,No,No,6,Tuesday,False,0.0,0,Low Risk
2019-01-07 22:31:47,Thiel-Thiel,entertainment,7.79,F,Gardiner,OR,43.7857,-124.1437,260,"Engineer, maintenance",1956-09-01,43.381971,-123.924673,0,45777,CUST003436,69,60+,Platinum,49656.0,43261.76,4.74,5.97,8,2,68,41,80,ATM,Online,PIN,Yes,No,No,No,22,Monday,False,0.02,0,Low Risk
2019-01-16 22:52:04,"Koss, McLaughlin and Mayer",food_dining,36.68,F,Creedmoor,NC,36.1124,-78.6476,12335,Chief Strategy Officer,1987-09-19,35.847725,-77.673445,0,27864,CUST009509,38,26-40,Standard,5159.0,4087.17,22.4,25.68,4,1,1050,33,60,MOBILE,Online,Biometric,No,Yes,No,No,22,Wednesday,False,0.0,0,Low Risk
2019-01-10 17:42:45,Altenwerth-Kilback,home,27.11,F,Conway,WA,48.34,-122.3456,85,"Research officer, political party",1984-09-01,47.730496,-122.129234,0,98072,CUST004939,41,41-60,Platinum,49664.0,29818.14,24.27,28.58,1,4,528,85,58,ATM,Online,PIN,Yes,No,No,Yes,17,Thursday,False,0.0,0,Low Risk
2019-01-03 19:13:08,"Metz, Russel and Metz",kids_pets,24.14,M,Palmdale,CA,34.5715,-118.0231,171170,Chemical engineer,1963-06-04,34.053336,-117.965484,0,91746,CUST010201,62,60+,Platinum,52569.0,37812.59,20.67,16.03,11,3,889,90,43,ATM,Online,OTP,Yes,No,No,No,19,Thursday,False,0.0,0,Low Risk
2019-01-13 04:30:51,"Heathcote, Yost and Kertzmann",shopping_net,189.39,F,Notrees,TX,31.8599,-102.7413,23,Cytogeneticist,1969-09-15,31.489019,-102.879033,0,79756,CUST008126,56,41-60,Gold,16158.0,4482.125,123.68,168.53,7,0,212,70,26,WEB,Online,PIN,Yes,No,No,No,4,Sunday,True,0.0,0,Low Risk
2019-01-10 12:31:02,Effertz LLC,entertainment,3.52,F,Viola,AR,36.3924,-91.9932,1679,Psychiatric nurse,1986-05-02,36.845893,-91.717589,0,65788,CUST008279,39,26-40,Standard,7245.0,4014.78,2.5,3.77,7,2,943,32,45,WEB,POS,PIN,Yes,Yes,No,No,12,Thursday,False,0.0,0,Low Risk
2019-01-12 19:15:59,Baumbach Ltd,personal_care,126.64,F,Heart Butte,MT,48.2777,-112.8456,743,Water engineer,1972-05-04,47.487984,-112.968593,0,45777,CUST003634,53,41-60,Standard,7367.5,3140.8,82.61,111.58,10,4,1304,10,77,WEB,ATM,Biometric,Yes,Yes,No,No,19,Saturday,True,0.0,0,Low Risk
2019-01-13 15:11:04,Osinski Inc,personal_care,10.77,M,Elizabeth,NJ,40.6747,-74.2239,124967,Operational researcher,1980-12-21,40.520543,-74.760897,0,8853,CUST006311,45,41-60,Platinum,51650.0,22248.72,8.79,12.88,5,4,688,80,20,MOBILE,POS,Biometric,Yes,Yes,No,No,15,Sunday,True,0.0,0,Low Risk
2019-01-12 21:01:18,Sporer-Keebler,personal_care,55.31,M,Sauk Rapids,MN,45.604,-94.1591,16163,Hydrographic surveyor,1987-02-22,44.690335,-93.358684,0,55372,CUST003885,38,26-40,Standard,7955.0,6061.04,50.41,40.33,9,2,1117,64,80,MOBILE,ATM,OTP,Yes,Yes,No,No,21,Saturday,True,0.0,0,Low Risk
2019-01-16 05:15:07,Wolf Inc,grocery_pos,100.97,M,Fenelton,PA,40.8555,-79.7372,2054,Communications engineer,1976-09-29,40.27325,-79.06076,0,15905,CUST001415,49,41-60,Gold,15632.0,11618.19,95.08,120.22,1,1,728,20,51,WEB,ATM,Biometric,Yes,Yes,No,No,5,Wednesday,False,0.0,0,Low Risk
2019-01-08 03:27:06,"Schaefer, McGlynn and Bosco",gas_transport,83.75,F,Vienna,GA,32.0913,-83.7922,7420,Phytotherapist,1957-01-15,32.860429,-82.8531469999999,0,31089,CUST001856,68,60+,Standard,4082.0,1964.45,78.86,75.76,4,2,940,40,49,POS,Mobile,Biometric,Yes,Yes,No,No,3,Tuesday,False,0.0,0,Low Risk
2019-01-16 14:08:54,Grimes LLC,entertainment,74.11,M,Fiddletown,CA,38.5234,-120.6763,832,Immigration officer,1987-05-19,37.882545,-120.286087,0,95379,CUST003611,38,26-40,Platinum,52111.0,39223.2,57.16,79.75,1,1,1147,73,75,ATM,ATM,OTP,Yes,Yes,No,No,14,Wednesday,False,0.0,0,Low Risk
2019-01-02 17:54:29,Nader-Maggio,personal_care,89.2,M,Muskegon,MI,43.2326,-86.2492,128715,Historic buildings inspector/conservation officer,1995-05-25,43.976098,-87.031832,0,45777,CUST002408,30,26-40,Gold,14070.0,3677.92,82.52,81.96,5,0,43,56,97,POS,POS,PIN,Yes,Yes,No,No,17,Wednesday,False,0.0,0,Low Risk
2019-01-01 02:43:50,"Lockman, West and Runte",grocery_pos,79.96,M,Burke,VA,38.7894,-77.2818,43102,Health visitor,1950-11-27,38.293496,-77.544774,0,22407,CUST004883,75,60+,Standard,7183.0,5286.67,66.17,78.43,10,3,893,49,33,MOBILE,ATM,PIN,Yes,Yes,No,No,2,Tuesday,False,0.0,0,Low Risk
2019-01-13 08:50:59,Smitham-Schiller,grocery_net,97.56,F,De Soto,KS,38.9462,-94.9714,5760,Chief Executive Officer,1978-10-01,39.644134,-94.605146,0,64454,CUST009526,47,41-60,Gold,14389.0,8491.89,89.88,90.67,2,2,1402,32,7,POS,ATM,PIN,Yes,Yes,No,No,8,Sunday,True,0.0,0,Low Risk
2019-01-14 12:50:25,Feil-Morar,health_fitness,2.03,F,Karnack,TX,32.6205,-94.2,2807,Chiropodist,1931-01-26,31.86737,-94.86172,0,75760,CUST009245,94,60+,Platinum,51979.0,18238.65,1.51,1.94,10,4,1188,5,24,POS,ATM,Biometric,Yes,Yes,No,Yes,12,Monday,False,0.0,0,Low Risk
2019-01-12 01:52:07,"Greenfelder, Bartoletti and Davis",misc_net,87.85,M,Beaverdam,OH,40.8314,-83.9758,349,Museum/gallery conservator,1978-12-25,41.748006,-84.432285,0,49288,CUST003125,47,41-60,Standard,7472.0,5791.87,79.08,37.755,4,4,1313,69,63,WEB,Online,PIN,Yes,Yes,No,No,1,Saturday,True,0.0,0,Low Risk
2019-01-11 21:03:52,Abbott-Rogahn,entertainment,213.24,F,Hinckley,OH,41.2419,-81.7453,7646,Medical sales representative,1988-09-15,41.587843,-81.570291,0,44119,CUST002974,37,26-40,Standard,4108.0,1922.43,148.66,165.4,5,2,996,50,16,WEB,Mobile,PIN,Yes,Yes,No,No,21,Friday,False,0.0,0,Low Risk
2019-01-06 17:08:45,Runte-Mohr,food_dining,5.42,F,Battle Creek,IA,42.3327,-95.6045,1075,"Teacher, early years/pre",1997-01-02,41.668001,-95.76904,0,51546,CUST008714,28,26-40,Standard,4158.0,2286.31,4.36,6.34,10,2,1353,17,70,MOBILE,POS,Biometric,Yes,Yes,No,No,17,Sunday,True,0.0,0,Low Risk
2019-01-15 05:11:39,"Gottlieb, Considine and Schultz",shopping_net,19.14,F,Lowell,OR,43.921,-122.7806,1420,Systems analyst,1965-11-11,44.20983,-123.319362,0,97448,CUST006356,60,41-60,Standard,6347.0,2827.55,16.62,15.93,4,3,16,83,4,POS,Mobile,PIN,Yes,Yes,No,No,5,Tuesday,False,0.0,0,Low Risk
2019-01-15 07:44:21,Kutch LLC,gas_transport,67.51,F,Naples,FL,26.1184,-81.7361,276002,"Pilot, airline",1934-06-23,26.838048,-82.100544,0,33950,CUST000415,91,60+,Standard,7807.0,2824.75,62.56,65.44,1,4,1105,93,14,ATM,Mobile,OTP,Yes,No,Yes,No,7,Tuesday,False,0.01,0,Low Risk
2019-01-13 08:14:27,Funk Group,grocery_net,90.25,M,Belmond,IA,42.8511,-93.62,3032,Community pharmacist,1964-08-08,43.224483,-93.763668,0,50436,CUST006286,61,60+,Standard,4969.0,2247.73,78.17,96.87,1,1,662,20,88,MOBILE,Mobile,PIN,Yes,Yes,No,No,8,Sunday,True,0.0,0,Low Risk
2019-01-03 05:10:31,"Stanton, Jakubowski and Baumbach",shopping_net,86.34,M,Hazel,KY,36.5422,-88.3319,1480,"Designer, interior/spatial",1974-09-14,37.215125,-87.594461,0,42453,CUST007190,51,41-60,Gold,14700.0,9313.12,72.71,48.06,11,2,642,65,13,WEB,POS,Biometric,Yes,No,No,No,5,Thursday,False,0.01,0,Low Risk
2019-01-18 14:18:10,"Nicolas, Hills and McGlynn",entertainment,19.0,M,Key West,FL,24.6557,-81.3824,32891,Town planner,1987-02-13,25.529054,-81.191909,0,45777,CUST009686,38,26-40,Standard,7516.0,4324.44,36.06,16.77,11,4,301,18,100,POS,Online,OTP,No,Yes,No,No,14,Friday,False,0.0,0,Low Risk
2019-01-01 20:24:55,Ebert-Daugherty,travel,5.38,F,Darien,GA,31.3826,-81.4312,5989,Tax adviser,1967-05-05,31.776087,-81.5973329999999,0,31301,CUST005574,58,41-60,Standard,6757.0,4482.125,4.43,5.51,7,3,1338,60,4,ATM,Online,PIN,Yes,No,No,No,20,Tuesday,False,0.0,0,Low Risk
2019-01-15 07:25:17,Prohaska-Murray,gas_transport,54.91,M,Oconto Falls,WI,44.8755,-88.1555,5548,Mining engineer,1975-09-11,44.347113,-88.303317,0,54140,CUST002588,50,41-60,Standard,4559.0,1098.35,46.35,32.97,3,0,427,11,21,ATM,Mobile,Biometric,Yes,Yes,No,No,7,Tuesday,False,0.0,0,Low Risk
2019-01-07 13:33:46,Kuphal-Toy,food_dining,131.74,F,Orangeburg,NY,41.0442,-73.9609,5950,Records manager,1971-07-02,40.542873,-73.067766,0,45777,CUST004527,54,41-60,Platinum,49005.0,17680.84,108.89,105.94,6,2,846,84,32,POS,POS,Biometric,Yes,No,No,Yes,13,Monday,False,0.01,0,Low Risk
2019-01-14 20:02:47,Medhurst PLC,shopping_net,5.47,M,Monmouth Beach,NJ,40.333,-73.9809,3279,Health promotion specialist,1978-10-05,40.78447,-74.637085,0,7930,CUST004935,47,41-60,Standard,7234.0,1875.29,4.31,2.88,2,4,1362,62,51,MOBILE,Mobile,PIN,Yes,Yes,No,No,20,Monday,False,0.0,0,Low Risk
2019-01-07 03:01:19,Bradtke PLC,grocery_pos,120.54,M,Holliday,TX,33.6751,-98.6576,2317,Chief Technology Officer,1964-08-23,34.203196,-97.667488,0,73456,CUST008140,61,60+,Standard,7763.0,5236.43,107.9,75.27,1,2,750,15,31,ATM,POS,OTP,Yes,Yes,No,No,3,Monday,False,0.0,0,Low Risk
2019-01-16 12:15:29,Cormier LLC,health_fitness,2.22,F,Barneveld,NY,43.2237,-75.1612,1684,IT trainer,1994-03-01,43.585763,-74.999265,0,13420,CUST004608,31,26-40,Platinum,50420.0,34266.27,1.86,1.69,7,4,563,95,53,POS,POS,PIN,No,No,No,No,12,Wednesday,False,0.0,0,Low Risk
2019-01-05 19:20:33,Kutch-Ferry,home,87.66,M,Red Cliff,CO,39.4584,-106.3851,277,Human resources officer,1985-04-03,38.948139,-107.182779,0,45777,CUST002949,40,26-40,Standard,7341.0,6317.46,59.24,61.48,4,4,704,87,36,MOBILE,POS,Biometric,Yes,No,No,No,19,Saturday,True,0.0,0,Low Risk
2019-01-18 15:53:18,"Hettinger, McCullough and Fay",home,2.9,M,Greenville,OH,40.0987,-84.6342,22930,Media planner,1971-11-26,40.438282,-84.463943,0,45860,CUST001933,54,41-60,Gold,16207.0,10481.47,1.77,3.04,1,3,747,55,38,MOBILE,Mobile,OTP,Yes,Yes,No,No,15,Friday,False,0.0,0,Low Risk
2019-01-09 18:15:45,Rau-Grant,kids_pets,152.79,M,Watertown,MN,44.9595,-93.8482,5619,Licensed conveyancer,1959-01-15,43.980584,-94.790797,0,56120,CUST006720,66,60+,Gold,15098.0,7388.27,98.94,160.99,1,2,1272,3,61,POS,ATM,OTP,Yes,Yes,No,No,18,Wednesday,False,0.0,0,Low Risk
2019-01-03 22:43:12,"Haley, Jewess and Bechtelar",shopping_pos,5.98,F,Walnut Ridge,AR,36.0244,-90.9288,7155,"Engineer, control and instrumentation",1977-03-23,35.661995,-91.915502,0,72530,CUST002103,48,41-60,Standard,5806.0,3379.47,4.8,5.55,6,4,810,64,90,MOBILE,Online,Biometric,No,No,No,No,22,Thursday,False,0.01,0,Low Risk
2019-01-07 03:58:56,Deckow-Dare,food_dining,97.02,M,Timberville,VA,38.6476,-78.7717,4367,Waste management officer,1962-04-12,37.84342,-78.341447,0,22963,CUST004334,63,60+,Gold,15170.0,13021.25,60.21,95.93,11,4,11,87,42,POS,POS,PIN,Yes,Yes,No,No,3,Monday,False,0.0,0,Low Risk
2019-01-09 13:51:26,Boyer PLC,shopping_net,20.1,F,Saint Amant,LA,30.2385,-90.8435,10076,"Surveyor, rural practice",1977-12-16,31.081004,-90.780767,0,39645,CUST010046,48,41-60,Standard,5830.0,3420.31,12.73,15.13,10,2,835,42,28,POS,Online,Biometric,Yes,Yes,Yes,No,13,Wednesday,False,0.0,0,Low Risk
2019-01-06 16:29:02,"Turner, Ziemann and Lehner",food_dining,42.72,M,Haw River,NC,36.0424,-79.3242,6006,Paramedic,1984-07-20,36.877635,-79.1884719999999,0,24565,CUST003906,41,41-60,Gold,16539.0,10039.3,32.17,40.89,7,3,635,10,25,POS,Online,OTP,Yes,No,No,No,16,Sunday,True,0.0,0,Low Risk
2019-01-01 13:25:36,Botsford PLC,home,30.29,M,Hovland,MN,47.8342,-90.0476,272,Freight forwarder,2001-07-05,48.328348,-90.812565,0,45777,CUST004809,24,18-25,Gold,14072.0,6377.87,26.42,32.72,6,4,1105,77,85,MOBILE,Mobile,Biometric,Yes,No,No,No,13,Tuesday,False,0.0,0,Low Risk
2019-01-06 00:15:33,Emard Inc,gas_transport,82.32,F,Winter,WI,45.8327,-91.0144,1478,Neurosurgeon,1965-04-27,45.234654,-90.096467,0,54470,CUST007938,60,41-60,Standard,7815.0,4790.14,60.45,84.44,9,1,1167,33,15,ATM,ATM,OTP,Yes,Yes,No,No,0,Sunday,True,0.0,0,Low Risk
2019-01-14 15:18:41,Spencer-Runolfsson,misc_pos,16.23,M,Lake Jackson,TX,29.0393,-95.4401,28739,Futures trader,1999-12-27,29.131395,-95.974817,0,77468,CUST002386,26,26-40,Standard,7913.0,2796.47,11.87,10.81,11,4,799,97,74,POS,POS,PIN,Yes,Yes,No,No,15,Monday,False,0.0,0,Low Risk
2019-01-14 21:44:14,Berge-Hills,kids_pets,12.15,F,Wetmore,MI,46.3535,-86.6345,765,Immunologist,1972-06-12,45.831371,-86.169341,0,49854,CUST004406,53,41-60,Gold,17780.0,13244.59,9.36,9.3,6,3,576,50,10,ATM,Online,OTP,Yes,Yes,No,No,21,Monday,False,0.0,0,Low Risk
2019-01-15 01:29:47,Kuvalis Ltd,gas_transport,43.48,M,San Antonio,TX,29.3641,-98.4924,1595797,Land,1995-10-17,30.26411,-97.727541,0,78701,CUST005669,30,26-40,Gold,15005.0,9546.17,34.21,45.16,8,2,556,57,1,WEB,POS,OTP,Yes,No,No,No,1,Tuesday,False,0.01,0,Low Risk
2019-01-07 09:31:54,Miller-Hauck,grocery_pos,69.78,M,Fayetteville,NC,35.0583,-79.008,238602,"Scientist, research (maths)",1993-05-14,35.06944,-78.322812,0,28328,CUST009263,32,26-40,Standard,5365.0,2748.77,58.26,53.18,7,3,1084,14,96,MOBILE,Online,OTP,Yes,Yes,No,No,9,Monday,False,0.0,0,Low Risk
2019-01-11 22:15:24,"Schoen, Nienow and Bauch",personal_care,63.87,F,Wichita,KS,37.6223,-97.3136,409656,Textile designer,1930-10-21,36.860843,-98.106766,0,73758,CUST009155,95,60+,Standard,6000.0,2874.23,47.6,52.81,8,4,748,48,17,ATM,Online,OTP,Yes,No,No,No,22,Friday,False,0.04,0,Low Risk
2019-01-13 09:06:59,"Olson, Becker and Koch",gas_transport,73.06,F,Plymouth,CT,41.6611,-73.0449,2376,Herpetologist,1973-04-06,41.426779,-73.192752,0,6482,CUST002947,52,41-60,Standard,5833.0,1424.96,43.94,72.49,10,1,1289,26,92,POS,ATM,Biometric,Yes,Yes,No,No,9,Sunday,True,0.0,0,Low Risk
2019-01-04 14:14:09,"Gottlieb, Considine and Schultz",shopping_net,1.82,F,Lomax,IL,40.6761,-91.0391,725,Environmental consultant,1972-11-28,41.546508,-90.607731,0,52804,CUST007563,53,41-60,Standard,4277.0,3656.09,1.09,1.73,2,3,1290,37,33,MOBILE,Mobile,Biometric,Yes,Yes,No,No,14,Friday,False,0.0,0,Low Risk
2019-01-17 23:55:56,Padberg-Sauer,home,78.62,M,Cokeburg,PA,40.1008,-80.0652,632,Dealer,1989-04-08,40.828527,-80.215183,0,16123,CUST009301,36,26-40,Standard,6518.0,1709.91,53.58,64.1,5,1,1353,61,99,WEB,ATM,Biometric,Yes,Yes,No,No,23,Thursday,False,0.0,0,Low Risk
2019-01-12 21:28:24,Lemke-Gutmann,shopping_net,8.12,M,Lawrence,MA,42.6911,-71.1605,76383,Geoscientist,1985-04-04,41.751263,-71.801565,0,6377,CUST003943,40,26-40,Gold,15594.0,6428.55,5.45,5.0,7,4,180,66,39,POS,POS,PIN,Yes,No,No,No,21,Saturday,True,0.0,0,Low Risk
2019-01-18 05:05:05,Jacobi and Sons,shopping_pos,7.95,F,Dexter,KS,37.1641,-96.6917,602,"Buyer, industrial",1958-10-26,37.020164,-96.139014,0,67360,CUST002154,67,60+,Standard,7390.0,5843.51,6.29,7.79,1,4,729,44,36,MOBILE,ATM,Biometric,Yes,No,No,Yes,5,Friday,False,0.0,0,Low Risk
2019-01-10 10:08:44,"Greenfelder, Bartoletti and Davis",misc_net,72.2,F,Moundsville,WV,39.9148,-80.731,16183,Physiotherapist,1977-08-12,40.477035,-80.189781,0,15108,CUST000709,48,41-60,Standard,6991.0,1745.47,46.34,71.6,7,4,97,97,42,ATM,POS,Biometric,No,No,No,No,10,Thursday,False,0.0,0,Low Risk
2019-01-06 21:55:34,"Turcotte, Batz and Buckridge",health_fitness,75.8,M,Orr,MN,48.1439,-92.8561,1680,Horticultural therapist,1976-12-10,47.680867,-93.714625,0,56628,CUST005103,49,41-60,Gold,17080.0,13242.31,56.33,60.75,4,3,936,50,21,MOBILE,Mobile,OTP,No,No,No,No,21,Sunday,True,0.0,0,Low Risk
2019-01-17 21:26:51,Jaskolski-Vandervort,misc_net,1.62,F,Basye,VA,38.8089,-78.7776,863,"Engineer, mining",1972-08-09,39.082039,-79.573435,0,26269,CUST000876,53,41-60,Standard,6286.0,4837.51,1.4,1.3,11,1,1049,21,51,WEB,ATM,PIN,Yes,Yes,No,No,21,Thursday,False,0.0,0,Low Risk
2019-01-12 22:07:59,Erdman-Schaden,personal_care,110.19,F,Altonah,UT,40.3207,-110.436,302,"Sales professional, IT",1990-01-17,40.703679,-110.131193,0,45777,CUST001872,35,26-40,Gold,17345.0,12728.0,92.28,89.75,8,2,1290,23,52,MOBILE,Mobile,Biometric,No,Yes,No,No,22,Saturday,True,0.01,0,Low Risk
2019-01-06 11:51:55,Cummerata-Jones,gas_transport,60.79,F,Arcadia,SC,34.9572,-81.9916,530,Animal technologist,1989-05-14,34.550562,-82.085803,0,29645,CUST008586,36,26-40,Standard,7559.0,2446.61,51.63,52.54,2,4,980,20,85,MOBILE,Online,OTP,Yes,Yes,Yes,No,11,Sunday,True,0.0,0,Low Risk
2019-01-01 21:15:17,Volkman-Predovic,shopping_net,7.69,F,Hinesburg,VT,44.3346,-73.098,4542,Claims inspector/assessor,1998-03-19,43.618887,-72.133464,0,3748,CUST006606,27,26-40,Gold,16474.0,10341.13,7.03,5.66,1,1,1072,20,80,POS,POS,OTP,Yes,Yes,No,No,21,Tuesday,False,0.0,0,Low Risk
2019-01-06 13:52:31,Howe Ltd,misc_pos,44.19,F,Hannawa Falls,NY,44.6087,-74.9732,69,Chief Executive Officer,1991-06-05,45.125313,-74.677696,0,45777,CUST004025,34,26-40,Standard,4302.0,1090.53,35.36,43.53,3,2,702,29,65,POS,Mobile,PIN,Yes,Yes,No,No,13,Sunday,True,0.0,0,Low Risk
2019-01-07 02:57:30,Kling Inc,gas_transport,55.24,F,Eldridge,AL,33.9315,-87.6194,1186,Politician's assistant,1986-11-12,33.72759,-86.898503,0,35117,CUST000866,39,26-40,Standard,5360.0,2787.93,34.6,45.89,8,1,248,52,87,MOBILE,Mobile,PIN,No,Yes,No,No,2,Monday,False,0.0,0,Low Risk
2019-01-14 08:04:12,"Hayes, Marquardt and Dibbert",misc_net,2.51,F,Slayden,TN,36.2835,-87.4581,70,Prison officer,1956-06-22,35.913525,-87.185662,0,37062,CUST005329,69,60+,Gold,17187.0,11183.54,1.52,1.61,5,1,1185,31,12,WEB,POS,PIN,Yes,Yes,No,No,8,Monday,False,0.0,0,Low Risk
2019-01-03 19:34:39,"Mueller, Gerhold and Mueller",health_fitness,4.42,M,Hartford,AL,31.086,-85.7192,5732,Jewellery designer,1945-12-07,32.036483,-85.966599,0,36052,CUST010188,80,60+,Standard,6075.0,4050.91,3.89,2.37,11,0,1106,58,20,ATM,POS,Biometric,Yes,Yes,No,No,19,Thursday,False,0.0,0,Low Risk
2019-01-18 12:35:50,Eichmann-Kilback,home,15.4,M,Norman,AR,34.4596,-93.6743,1383,Magazine features editor,1966-08-08,34.872007,-93.343439,0,72860,CUST003548,59,41-60,Standard,5531.0,4089.06,11.67,16.19,6,3,1134,50,19,ATM,ATM,Biometric,Yes,No,No,No,12,Friday,False,0.0,0,Low Risk
2019-01-07 14:01:43,Cruickshank-Mills,entertainment,43.37,F,Moriches,NY,40.8095,-72.8229,3285,"Research officer, trade union",1988-04-27,39.848897,-71.892362,0,45777,CUST005650,37,26-40,Gold,17854.0,10536.82,40.43,25.75,9,1,913,82,11,POS,ATM,PIN,Yes,Yes,No,No,14,Monday,False,0.02,0,Low Risk
2019-01-15 06:36:33,"Heller, Gutmann and Zieme",grocery_pos,100.1,M,Carroll,NE,42.277,-97.1926,566,Metallurgist,1975-01-26,41.481414,-96.770991,0,68649,CUST009842,50,41-60,Platinum,52952.0,13826.48,87.62,99.51,4,2,459,70,5,ATM,ATM,OTP,Yes,Yes,No,No,6,Tuesday,False,0.0,0,Low Risk
2019-01-15 18:27:02,Altenwerth-Kilback,home,84.43,M,Shelter Island,NY,41.064,-72.3366,1858,Clinical biochemist,1984-03-03,41.237312,-72.207162,0,6357,CUST000817,41,41-60,Standard,7652.0,2504.09,77.28,82.41,7,4,1007,43,35,MOBILE,ATM,Biometric,Yes,Yes,No,No,18,Tuesday,False,0.0,0,Low Risk
2019-01-08 05:38:36,Kerluke PLC,misc_net,63.51,M,Ruckersville,VA,38.2586,-78.4074,9815,"Designer, ceramics/pottery",1975-07-07,37.96119,-78.627697,0,22959,CUST007412,50,41-60,Standard,7367.5,4482.125,42.18,43.12,7,1,877,76,59,ATM,Online,PIN,Yes,Yes,No,No,5,Tuesday,False,0.0,0,Low Risk
2019-01-06 17:10:14,Morissette PLC,shopping_pos,6.41,F,Phoenix,AZ,33.5623,-112.0559,1312922,Contractor,1981-10-24,33.284636,-111.194669,0,85273,CUST008310,44,41-60,Platinum,51040.0,14569.66,4.41,5.14,11,2,446,50,50,MOBILE,Mobile,OTP,Yes,No,No,Yes,17,Sunday,True,0.0,0,Low Risk
2019-01-09 06:32:15,Kutch and Sons,grocery_pos,87.14,M,New Holstein,WI,43.9446,-88.0911,5196,Child psychotherapist,1978-01-22,43.356203,-88.884392,0,53557,CUST010865,47,41-60,Standard,7715.0,5099.71,75.44,71.21,1,4,267,86,47,MOBILE,Mobile,Biometric,Yes,Yes,No,No,6,Wednesday,False,0.0,0,Low Risk
2019-01-03 21:30:30,Monahan-Morar,personal_care,24.9,F,Esbon,KS,39.7562,-98.4462,242,Tourism officer,1987-07-18,40.399415,-98.550705,0,68973,CUST009741,38,26-40,Gold,14250.0,4809.24,19.14,27.82,6,0,710,96,51,MOBILE,ATM,PIN,Yes,No,No,No,21,Thursday,False,0.0,0,Low Risk
2019-01-09 22:19:43,"Hodkiewicz, Prohaska and Paucek",travel,3.7,F,Blooming Grove,TX,32.0758,-96.701,1563,Financial adviser,1978-03-04,32.279713,-97.572419,0,76070,CUST006386,47,41-60,Standard,6812.0,4163.43,3.36,4.07,3,1,1214,50,89,WEB,ATM,PIN,Yes,No,No,No,22,Wednesday,False,0.0,0,Low Risk
2019-01-05 21:53:23,"Swaniawski, Nitzsche and Welch",health_fitness,84.46,F,Grassflat,PA,41.0036,-78.1104,489,Pension scheme manager,1956-09-15,41.087197,-78.888956,0,15851,CUST001236,69,60+,Platinum,49171.0,10902.45,62.4,87.5,1,1,592,27,45,MOBILE,Online,PIN,Yes,Yes,No,No,21,Saturday,True,0.0,0,Low Risk
2019-01-14 23:43:47,Barton LLC,kids_pets,20.63,M,Fayetteville,NC,35.0583,-79.008,238602,"Scientist, research (maths)",1993-05-14,35.549738,-78.076512,1,27542,CUST002025,32,26-40,Standard,5681.0,4482.125,13.16,22.73,6,0,1296,22,58,MOBILE,Mobile,PIN,Yes,Yes,No,No,23,Monday,False,0.01,0,Low Risk
2019-01-13 17:38:18,Hilpert-Conroy,kids_pets,54.05,F,North Wilkesboro,NC,36.2017,-81.1286,21134,Dispensing optician,1984-03-06,36.601131,-81.898763,0,37688,CUST008750,41,41-60,Standard,6238.0,4482.125,50.87,38.55,3,3,94,47,3,WEB,POS,PIN,No,Yes,No,No,17,Sunday,True,0.0,0,Low Risk
2019-01-08 23:06:27,"Kihn, Brakus and Goyette",personal_care,95.62,M,Andrews,IN,40.8618,-85.6067,2304,Retail banker,1955-07-25,40.438321,-85.451216,0,46989,CUST003445,70,60+,Gold,16896.0,9817.65,70.82,109.1,6,0,1066,78,76,ATM,Online,Biometric,Yes,No,No,No,23,Tuesday,False,0.0,0,Low Risk
2019-01-07 16:01:11,Schimmel-Olson,kids_pets,6.03,M,Andrews,IN,40.8618,-85.6067,2304,Retail banker,1955-07-25,40.769261,-85.783459,0,46992,CUST001240,70,60+,Standard,7122.0,4602.36,3.93,3.48,2,2,466,1,45,WEB,Online,OTP,Yes,Yes,No,No,16,Monday,False,0.0,0,Low Risk
2019-01-08 09:07:56,Padberg-Welch,grocery_pos,128.34,M,Parks,AZ,35.2563,-111.95,759,"Geologist, engineering",1957-03-28,35.577987,-111.416802,0,45777,CUST008386,68,60+,Standard,5197.0,4536.0,112.25,109.73,1,1,136,30,82,POS,ATM,PIN,Yes,No,No,No,9,Tuesday,False,0.0,0,Low Risk
2019-01-11 06:07:32,Jaskolski-Vandervort,misc_net,8.95,F,Hooper,NE,41.6414,-96.5232,1745,"Engineer, automotive",1973-12-26,41.669899,-97.21125,0,68643,CUST008468,52,41-60,Gold,17294.0,13513.38,7.74,5.46,5,0,1322,7,73,WEB,ATM,PIN,No,Yes,No,No,6,Friday,False,0.0,0,Low Risk
2019-01-13 18:25:39,"Haley, Batz and Auer",health_fitness,2.11,M,Lakeland,FL,27.9611,-81.9398,237282,"Radiographer, therapeutic",1961-09-28,28.307323,-82.8464719999999,0,34691,CUST009683,64,60+,Gold,16161.0,4563.2,1.42,2.06,8,1,948,67,76,ATM,POS,Biometric,Yes,No,No,No,18,Sunday,True,0.0,0,Low Risk
2019-01-14 19:13:59,Prosacco LLC,personal_care,66.76,F,Rock Springs,WY,41.606,-109.23,27971,Music therapist,1984-08-01,42.217027,-108.670963999999,0,45777,CUST000266,41,41-60,Standard,4079.0,3395.53,51.82,70.52,11,3,1050,80,19,ATM,Online,OTP,Yes,Yes,No,No,19,Monday,False,0.0,0,Low Risk
2019-01-14 10:30:05,Wiza LLC,misc_pos,3.1,M,Cadiz,KY,36.802,-87.8286,13422,Commissioning editor,1961-09-03,37.582865,-88.439299,0,62947,CUST004625,64,60+,Standard,5137.0,1854.48,1.93,2.8,4,0,1035,77,70,POS,ATM,PIN,Yes,Yes,No,No,10,Monday,False,0.0,0,Low Risk
2019-01-18 14:06:25,Auer LLC,personal_care,163.12,F,Westhampton Beach,NY,40.8295,-72.6473,3255,Financial trader,1978-07-08,40.443608,-73.5239589999999,0,45777,CUST006420,47,41-60,Standard,7346.0,3899.57,148.02,82.74,5,0,422,26,32,MOBILE,POS,Biometric,Yes,Yes,No,Yes,14,Friday,False,0.01,0,Low Risk
2019-01-09 10:38:43,"Olson, Becker and Koch",gas_transport,78.9,F,Blairsden-Graeagle,CA,39.8127,-120.6405,1725,Chartered legal executive (England and Wales),1967-05-27,38.910861,-119.91575,0,89460,CUST007259,58,41-60,Standard,6230.0,5315.78,68.68,89.9,7,0,1429,5,57,WEB,ATM,Biometric,Yes,Yes,No,No,10,Wednesday,False,0.0,0,Low Risk
2019-01-16 13:15:56,Padberg-Sauer,home,28.39,M,Hawthorne,CA,33.9143,-118.3493,93193,"Editor, magazine features",1995-04-19,34.080298,-118.087913,0,91776,CUST006127,30,26-40,Standard,4944.0,3624.34,21.32,32.47,1,4,603,63,67,ATM,Online,OTP,Yes,Yes,No,Yes,13,Wednesday,False,0.0,0,Low Risk
2019-01-07 19:54:28,"Roberts, Ryan and Smith",personal_care,30.77,F,Keisterville,PA,39.9636,-79.7853,184,Systems developer,1945-11-04,40.918056,-80.1401,0,16051,CUST004309,80,60+,Standard,7663.0,3587.74,25.18,29.87,4,2,615,81,92,MOBILE,Mobile,Biometric,Yes,Yes,Yes,No,19,Monday,False,0.0,0,Low Risk
2019-01-05 09:58:04,Jaskolski-Vandervort,misc_net,4.54,F,Oolitic,IN,38.8938,-86.5246,1228,Counsellor,1991-03-13,39.59099,-86.17876,0,46143,CUST010108,34,26-40,Standard,4522.0,2718.9,36.06,2.83,11,4,801,9,48,WEB,ATM,PIN,No,No,No,No,9,Saturday,True,0.0,0,Low Risk
2019-01-02 10:39:59,Rodriguez Group,gas_transport,40.85,F,Llano,NM,36.1486,-105.6648,247,Architectural technologist,1961-10-24,36.446565,-106.592783,0,45777,CUST003554,64,60+,Gold,15289.0,3657.54,34.37,33.33,2,4,410,85,39,WEB,POS,PIN,Yes,No,Yes,No,10,Wednesday,False,0.0,0,Low Risk
2019-01-01 18:01:58,Kilback Group,food_dining,5.15,F,Clay Center,OH,41.5686,-83.3632,269,Insurance underwriter,1965-09-15,41.37847,-84.065142,0,43545,CUST010275,60,41-60,Standard,7566.0,5225.67,4.66,3.48,8,3,845,32,68,WEB,Mobile,PIN,Yes,Yes,No,No,18,Tuesday,False,0.0,0,Low Risk
2019-01-10 12:56:05,"Schaefer, Fay and Hilll",entertainment,30.65,M,Aledo,TX,32.7004,-97.6039,13602,Optometrist,1984-07-05,31.732002,-97.414399,0,76689,CUST006470,41,41-60,Standard,6520.0,1698.36,20.54,17.06,3,0,1049,35,100,ATM,ATM,PIN,Yes,Yes,No,No,12,Thursday,False,0.0,0,Low Risk
2019-01-09 00:43:38,Padberg-Welch,grocery_pos,63.75,M,San Antonio,TX,29.5894,-98.5201,1595797,Exhibition designer,1975-12-28,29.849784,-98.20365,0,78133,CUST000905,50,41-60,Standard,7258.0,3736.43,38.89,59.43,8,0,1236,37,13,WEB,ATM,OTP,No,Yes,No,Yes,0,Wednesday,False,0.0,0,Low Risk
2019-01-04 22:57:24,Ziemann-Waters,health_fitness,42.17,F,Logan,IL,37.9943,-88.9417,324,"Scientist, research (physical sciences)",1976-06-15,38.774335,-88.7701089999999,0,62854,CUST005695,49,41-60,Gold,14742.0,9276.8,37.55,50.05,7,0,350,25,90,WEB,Mobile,OTP,Yes,Yes,No,No,22,Friday,False,0.0,0,Low Risk
2019-01-01 18:30:37,Greenholt Ltd,health_fitness,17.66,F,Basye,VA,38.8089,-78.7776,863,"Engineer, mining",1972-08-09,39.373,-79.446353,0,21550,CUST008775,53,41-60,Standard,5835.0,2342.13,14.73,13.86,8,4,1270,48,47,ATM,Online,Biometric,Yes,Yes,No,No,18,Tuesday,False,0.0,0,Low Risk
2019-01-08 02:11:57,Cummings LLC,gas_transport,93.07,F,Indianapolis,IN,39.849,-86.272,910148,Firefighter,1975-11-30,39.235219,-87.238527,0,47858,CUST002234,50,41-60,Standard,7674.0,5026.95,56.54,105.1,1,1,969,40,95,ATM,POS,PIN,Yes,Yes,No,No,2,Tuesday,False,0.01,0,Low Risk
2019-01-14 09:14:08,Collier Inc,grocery_net,74.3,M,Leo,IN,41.2249,-85.0301,5341,Biomedical engineer,1994-11-24,41.505168,-84.778423,0,43518,CUST002514,31,26-40,Standard,5457.0,3998.97,68.98,50.55,4,1,1310,24,55,POS,ATM,Biometric,Yes,Yes,No,No,9,Monday,False,0.0,0,Low Risk
2019-01-07 13:07:04,Bogisich-Weimann,kids_pets,7.18,F,Drakes Branch,VA,36.9688,-78.5615,1970,Energy engineer,1985-09-02,37.387955,-78.564678,0,23960,CUST004432,40,26-40,Gold,17566.0,14842.38,4.93,8.33,4,0,373,23,51,WEB,POS,OTP,Yes,No,No,No,13,Monday,False,0.01,0,Low Risk
2019-01-10 01:40:10,"Monahan, Bogisich and Ledner",misc_pos,9.82,M,Brinson,GA,30.9788,-84.7373,1461,"Engineer, broadcasting (operations)",1935-09-08,31.117839,-83.967153,0,31756,CUST000781,90,60+,Gold,17236.0,5708.22,6.25,8.56,1,1,885,16,98,MOBILE,Online,PIN,No,Yes,No,No,1,Thursday,False,0.0,0,Low Risk
2019-01-08 10:29:22,Pacocha-Bauch,shopping_pos,27.36,M,Tickfaw,LA,30.5668,-90.482,8512,"Accountant, chartered public finance",1951-09-03,31.144891,-89.751443,0,39429,CUST000649,74,60+,Platinum,52709.0,18994.47,23.87,24.3,10,3,602,1,87,WEB,ATM,OTP,Yes,No,No,No,10,Tuesday,False,0.0,0,Low Risk
2019-01-09 23:57:50,Cormier LLC,health_fitness,71.97,M,Kensington,MD,39.0298,-77.0793,19054,Operations geologist,1976-09-08,38.125574,-77.625141,0,22534,CUST003658,49,41-60,Standard,5111.0,2551.44,61.38,55.86,2,3,452,24,62,WEB,ATM,PIN,Yes,Yes,No,No,23,Wednesday,False,0.01,0,Low Risk
2019-01-07 00:03:22,Kiehn Inc,grocery_pos,126.25,F,Steuben,ME,44.4971,-67.9503,1131,Make,1959-05-10,45.234491,-67.566041,0,4668,CUST004646,66,60+,Platinum,7367.5,36327.92,97.04,110.08,9,4,521,88,77,MOBILE,POS,PIN,Yes,No,No,No,0,Monday,False,0.03,0,Low Risk
2019-01-16 15:22:45,Lynch-Wisozk,home,9.3,F,Albany,NY,42.6853,-73.8253,151022,"Designer, textile",1939-06-01,43.641126,-73.544191,0,12874,CUST000672,86,60+,Standard,5941.0,2891.5,8.46,5.92,6,2,907,9,71,POS,Mobile,PIN,Yes,Yes,No,No,15,Wednesday,False,0.0,0,Low Risk
2019-01-04 23:18:06,Ernser-Lynch,food_dining,153.69,M,Crownpoint,NM,35.7206,-108.0271,5662,IT consultant,1989-04-08,36.059099,-108.191705,0,45777,CUST000428,36,26-40,Gold,16182.0,13266.94,134.8,80.52,8,3,896,81,83,ATM,ATM,OTP,Yes,Yes,No,No,23,Friday,False,0.03,0,Low Risk
2019-01-15 20:54:05,Welch Inc,misc_net,1.59,F,Brooklyn,NY,40.6816,-73.9798,2504700,Medical sales representative,1999-09-01,40.185688,-74.726045,0,8610,CUST009051,26,26-40,Standard,4165.0,934.17,1.48,1.22,10,1,91,97,56,ATM,ATM,OTP,Yes,Yes,No,No,20,Tuesday,False,0.0,0,Low Risk
2019-01-06 21:43:58,Ernser-Feest,home,39.26,F,Cressona,PA,40.6284,-76.195,1606,Ecologist,1966-05-10,39.989779,-75.394735,0,19073,CUST008147,59,41-60,Gold,17091.0,12549.8,26.33,22.78,6,3,1205,52,17,POS,ATM,Biometric,Yes,Yes,No,No,21,Sunday,True,0.0,0,Low Risk
2019-01-03 08:01:58,Hermann and Sons,shopping_pos,3.52,F,Atglen,PA,39.9458,-75.9703,3066,Product manager,1928-07-15,39.243462,-76.292686,0,21219,CUST003401,97,60+,Standard,5859.0,2791.3,2.65,3.21,6,1,387,54,12,WEB,ATM,Biometric,No,Yes,No,No,8,Thursday,False,0.0,0,Low Risk
2019-01-15 23:13:51,Larkin Ltd,kids_pets,48.11,F,Hannawa Falls,NY,44.6087,-74.9732,69,Chief Executive Officer,1991-06-05,43.61448,-74.881501,0,13420,CUST005962,34,26-40,Standard,7155.0,5941.43,38.6,47.36,2,3,1074,44,48,WEB,ATM,OTP,Yes,No,No,No,23,Tuesday,False,0.0,0,Low Risk
2019-01-14 20:12:37,Price Inc,shopping_net,1.7,F,Riverview,MI,42.1782,-83.2461,15623,Writer,1993-11-02,41.50727,-82.341305,0,44089,CUST003747,32,26-40,Standard,6545.0,5153.06,1.12,1.34,8,0,348,84,65,ATM,Online,OTP,No,Yes,No,No,20,Monday,False,0.0,0,Low Risk
2019-01-18 04:57:06,Kuhn LLC,misc_net,132.25,M,Manderson,SD,43.3526,-102.5411,1126,Volunteer coordinator,1980-08-18,44.031682,-103.196313,0,57701,CUST001290,45,41-60,Gold,16780.0,4207.8,119.27,90.03,1,0,727,15,26,MOBILE,ATM,Biometric,Yes,No,No,Yes,4,Friday,False,0.01,0,Low Risk
2019-01-06 10:22:39,"Reichert, Rowe and Mraz",shopping_net,257.56,M,Warren,MI,42.5164,-82.9832,134056,"Producer, radio",1956-10-08,42.007121,-83.403358,0,48117,CUST000718,69,60+,Gold,14095.0,7389.25,36.06,153.0,5,2,1089,45,62,WEB,Mobile,OTP,Yes,No,No,No,10,Sunday,True,0.03,0,Low Risk
2019-01-17 01:37:42,Rodriguez Group,gas_transport,44.58,F,Georgetown,MN,47.0999,-96.727,346,"Research officer, trade union",1976-12-14,46.719677,-96.341134,0,56514,CUST006890,49,41-60,Gold,14194.0,6644.75,28.89,43.35,11,1,208,5,51,ATM,ATM,Biometric,Yes,Yes,No,No,1,Thursday,False,0.0,0,Low Risk
2019-01-12 22:44:37,Ruecker-Mayert,kids_pets,9.31,F,Thrall,TX,30.592,-97.2893,1766,Press sub,1976-01-02,31.15229,-97.728027,0,76544,CUST002542,49,41-60,Standard,7632.0,4157.79,36.06,8.44,6,3,111,29,14,ATM,ATM,OTP,Yes,Yes,No,No,22,Saturday,True,0.0,0,Low Risk
2019-01-06 01:09:52,Boyer-Reichert,shopping_net,70.56,F,Llano,NM,36.1486,-105.6648,247,Architectural technologist,1961-10-24,36.220785,-105.05312,0,87734,CUST004253,64,60+,Standard,5879.0,2125.45,46.48,38.97,11,0,805,18,61,MOBILE,POS,PIN,Yes,No,Yes,No,1,Sunday,True,0.0,0,Low Risk
2019-01-14 20:00:38,Upton PLC,entertainment,27.06,F,Laramie,WY,41.4247,-105.4781,35371,"Pilot, airline",1988-09-02,42.301951,-105.674328,0,45777,CUST003136,37,26-40,Standard,6061.0,3433.03,19.72,31.43,10,4,240,7,44,WEB,POS,Biometric,Yes,Yes,No,No,20,Monday,False,0.0,0,Low Risk
2019-01-15 12:11:03,Mosciski Group,travel,2.94,F,Issaquah,WA,47.4974,-122.0107,50489,Osteopath,1984-02-29,48.048633,-121.800832,0,98252,CUST002005,41,41-60,Standard,4192.0,1722.34,2.19,3.33,1,3,80,80,60,ATM,Mobile,OTP,Yes,Yes,No,No,12,Tuesday,False,0.0,0,Low Risk
2019-01-01 12:44:57,"Hagenes, Kohler and Hoppe",food_dining,4.07,M,Elizabeth,NJ,40.6747,-74.2239,124967,Operational researcher,1980-12-21,40.999253,-74.621983,0,7849,CUST005847,45,41-60,Gold,16219.0,10399.35,3.8,4.09,5,3,372,64,18,POS,ATM,OTP,Yes,Yes,No,No,12,Tuesday,False,0.0,0,Low Risk
2019-01-13 17:00:32,Kilback and Sons,entertainment,84.54,M,Grenada,CA,41.6125,-122.5258,589,Systems analyst,1945-12-21,42.496279,-122.168929,0,45777,CUST006459,80,60+,Gold,15179.0,12680.27,52.34,93.57,3,4,1332,87,70,WEB,ATM,Biometric,Yes,Yes,No,No,17,Sunday,True,0.0,0,Low Risk
2019-01-01 00:32:15,Koepp-Witting,grocery_pos,130.4,F,North Prairie,WI,42.9385,-88.395,2328,Applications developer,1942-01-06,42.236269,-88.397336,0,60014,CUST007303,83,60+,Standard,4954.0,3082.55,111.21,121.97,4,0,222,26,6,POS,ATM,PIN,Yes,No,No,No,0,Tuesday,False,0.0,0,Low Risk
2019-01-09 07:36:37,Brown PLC,misc_net,1.29,F,Moro,IL,38.9318,-89.9618,2401,"Buyer, industrial",1972-01-03,38.345926,-89.2801329999999,0,62263,CUST000128,53,41-60,Gold,16035.0,6488.99,0.93,1.31,1,3,204,32,37,POS,Online,PIN,Yes,Yes,No,No,7,Wednesday,False,0.0,0,Low Risk
2019-01-05 13:58:57,Bednar Inc,travel,3.57,M,Seneca,WI,43.2064,-90.9405,153,Quantity surveyor,1962-02-14,42.299966,-89.974893,0,61085,CUST007628,63,60+,Gold,7367.5,4185.39,2.28,3.69,10,4,743,12,40,ATM,POS,PIN,Yes,No,No,No,13,Saturday,True,0.0,0,Low Risk
2019-01-04 19:07:08,Lind-Buckridge,entertainment,5.76,M,Newberg,OR,45.3099,-122.9685,28278,Research scientist (physical sciences),1977-07-17,44.648809,-122.498577,0,97360,CUST008876,48,41-60,Standard,7907.0,5213.37,3.5,4.21,10,3,1372,38,23,WEB,Online,OTP,Yes,Yes,No,No,19,Friday,False,0.0,0,Low Risk
2019-01-14 20:47:53,Reilly LLC,home,44.43,M,Parsonsfield,ME,43.745,-70.9092,1892,Audiological scientist,1956-03-02,44.731212,-70.7974579999999,0,4216,CUST007834,69,60+,Standard,7306.0,3160.61,31.96,34.32,11,3,1277,91,77,ATM,ATM,PIN,Yes,Yes,Yes,No,20,Monday,False,0.0,0,Low Risk
2019-01-17 02:09:21,Erdman-Kertzmann,gas_transport,53.28,M,Conway,NH,43.9742,-71.1503,3807,Surgeon,1999-10-25,43.13336,-72.043127,0,3280,CUST003228,26,26-40,Standard,5396.0,3716.18,45.98,40.48,10,4,474,41,41,ATM,POS,OTP,Yes,No,No,No,2,Thursday,False,0.0,0,Low Risk
2019-01-03 20:11:19,Johns-Hoeger,entertainment,69.83,M,Avera,GA,33.141,-82.515,741,Claims inspector/assessor,1986-04-28,32.867634,-82.7256439999999,0,31035,CUST001965,39,26-40,Platinum,52257.0,32135.79,60.31,66.94,4,1,162,6,59,POS,POS,Biometric,Yes,No,No,No,20,Thursday,False,0.0,0,Low Risk
2019-01-07 21:31:35,Schoen Ltd,kids_pets,101.89,M,Sachse,TX,32.9643,-96.6012,20328,Site engineer,1985-06-20,33.285965,-95.968617,0,75428,CUST008768,40,26-40,Gold,14116.0,12046.5,62.66,108.85,7,4,846,33,23,MOBILE,ATM,Biometric,Yes,Yes,No,No,21,Monday,False,0.0,0,Low Risk
2019-01-08 20:23:21,Ankunding LLC,shopping_net,2.85,M,Norwalk,CA,33.9056,-118.0818,105549,Firefighter,1973-09-22,34.712328,-117.735005,0,93591,CUST004601,52,41-60,Platinum,7367.5,31852.38,2.14,2.84,11,3,358,24,64,ATM,Mobile,PIN,Yes,Yes,No,No,20,Tuesday,False,0.0,0,Low Risk
2019-01-16 16:00:55,Fritsch LLC,travel,442.12,M,Schaefferstown,PA,40.3087,-76.2963,823,Gaffer,1982-07-02,39.403405,-75.417316,0,8323,CUST003791,43,41-60,Standard,7832.0,6216.69,319.76,239.87,5,3,218,52,30,ATM,ATM,Biometric,No,Yes,No,No,16,Wednesday,False,0.05,0,Low Risk
2019-01-07 10:43:32,Emard Inc,gas_transport,45.07,F,Glen Rock,PA,39.7813,-76.7477,7565,Insurance claims handler,1952-03-08,39.065977,-76.745248,0,21113,CUST001859,73,60+,Standard,6889.0,4835.03,34.5,34.86,4,4,974,95,12,ATM,Mobile,Biometric,Yes,No,No,Yes,10,Monday,False,0.0,0,Low Risk
2019-01-03 20:20:33,Connelly PLC,food_dining,56.74,M,Utica,PA,41.4798,-79.9403,1102,Garment/textile technologist,1989-07-08,42.304158,-80.892312,0,45777,CUST006914,36,26-40,Platinum,49286.0,14244.7,52.25,32.4,2,0,264,81,21,ATM,Mobile,OTP,No,Yes,Yes,No,20,Thursday,False,0.0,0,Low Risk
2019-01-08 22:54:58,"Berge, Kautzer and Harris",personal_care,10.25,F,Plainfield,NJ,40.6152,-74.415,71485,Leisure centre manager,1974-07-19,41.331461,-74.531279,0,10998,CUST005397,51,41-60,Standard,4687.0,3760.61,8.4,10.42,1,2,466,30,84,POS,POS,OTP,Yes,No,No,No,22,Tuesday,False,0.0,0,Low Risk
2019-01-05 02:06:08,"Lind, Huel and McClure",gas_transport,25.39,F,Scotland,MD,38.0828,-76.3477,313,Insurance underwriter,1976-03-26,38.766072,-76.840467,0,20623,CUST005345,49,41-60,Standard,7877.0,7000.65,24.01,14.8,4,2,738,12,56,ATM,POS,PIN,Yes,Yes,No,No,2,Saturday,True,0.03,0,Low Risk
2019-01-18 22:05:30,Weimann-Lockman,kids_pets,107.5,F,Hannawa Falls,NY,44.6087,-74.9732,69,Chief Executive Officer,1991-06-05,45.475002,-75.118193,0,45777,CUST008843,34,26-40,Standard,6552.0,4482.125,81.62,57.44,6,1,140,81,72,POS,POS,OTP,Yes,Yes,No,No,22,Friday,False,0.0,0,Low Risk
2019-01-10 15:45:50,"Medhurst, Labadie and Gottlieb",travel,4.13,M,Detroit,MI,42.3749,-83.1087,673342,Trading standards officer,1946-11-01,42.078489,-83.390608,0,48117,CUST007329,79,60+,Gold,15697.0,6555.02,2.77,3.95,10,3,218,61,21,ATM,Online,OTP,No,Yes,No,No,15,Thursday,False,0.0,0,Low Risk
2019-01-17 22:56:43,Labadie LLC,personal_care,170.54,F,Elberta,MI,44.5995,-86.2141,372,"Exhibitions officer, museum/gallery",1995-07-12,44.703713,-87.212805,0,45777,CUST010287,30,26-40,Platinum,52489.0,17888.97,112.3,132.5,11,1,249,46,94,ATM,ATM,Biometric,Yes,Yes,No,No,22,Thursday,False,0.03,0,Low Risk
2019-01-19 02:01:05,Wiza LLC,misc_pos,125.89,F,De Witt,AR,34.2853,-91.3336,5161,Electrical engineer,1993-04-08,33.719508,-91.343491,0,71670,CUST003777,32,26-40,Gold,16064.0,12402.91,119.39,73.33,11,2,10,8,59,ATM,Online,PIN,Yes,Yes,No,No,2,Saturday,True,0.0,0,Low Risk
2019-01-06 00:17:48,"Stroman, Hudson and Erdman",gas_transport,70.76,M,Lonsdale,MN,44.4477,-93.4252,5211,Chief Strategy Officer,1987-01-27,45.209153,-92.909502,0,55038,CUST000022,38,26-40,Standard,5114.0,4482.125,43.73,55.13,11,3,1162,16,74,WEB,Mobile,PIN,Yes,Yes,No,No,0,Sunday,True,0.0,0,Low Risk
2019-01-12 11:59:29,Stiedemann Inc,misc_pos,41.01,M,Saxon,WI,46.4959,-90.4383,795,Television/film/video producer,1986-04-15,46.57009,-89.660529,0,49910,CUST006940,39,26-40,Standard,4885.0,3255.05,26.48,34.6,9,1,756,4,3,MOBILE,ATM,Biometric,Yes,Yes,No,No,11,Saturday,True,0.0,0,Low Risk
2019-01-01 04:42:23,"Schaefer, Maggio and Daugherty",gas_transport,60.2,F,Marathon,TX,30.1886,-103.2214,498,Lexicographer,1990-11-23,29.335557,-103.852785,0,45777,CUST009507,35,26-40,Standard,4640.0,2234.1,52.39,43.15,5,0,1250,84,79,ATM,POS,PIN,Yes,Yes,No,No,4,Tuesday,False,0.01,0,Low Risk
2019-01-07 21:07:35,Beier LLC,entertainment,41.0,F,Lahoma,OK,36.385,-98.0727,1078,"Programme researcher, broadcasting/film/video",1952-07-06,36.612743,-98.269385,0,73741,CUST007372,73,60+,Standard,7319.0,3801.9,26.06,34.09,7,1,1233,84,98,WEB,POS,OTP,Yes,Yes,No,No,21,Monday,False,0.0,0,Low Risk
2019-01-13 19:53:43,Schmidt-Larkin,home,17.25,M,Holloway,OH,40.0113,-80.9701,128,Child psychotherapist,1946-04-03,39.32132,-80.55635,0,26426,CUST008590,79,60+,Standard,4322.0,3513.11,12.21,17.46,10,4,193,3,17,MOBILE,POS,OTP,Yes,Yes,Yes,No,19,Sunday,True,0.0,0,Low Risk
2019-01-14 23:04:37,Daugherty LLC,kids_pets,52.83,M,Tower Hill,IL,39.39,-88.9597,1532,Radio broadcast assistant,1980-01-09,39.628536,-89.464873,0,62517,CUST004164,45,41-60,Gold,17087.0,14100.51,45.14,37.755,3,0,642,45,83,MOBILE,ATM,PIN,Yes,Yes,No,No,23,Monday,False,0.0,0,Low Risk
2019-01-06 12:02:35,"Hintz, Bauch and Smith",health_fitness,44.83,F,Lagrange,WY,41.6423,-104.1974,635,Product/process development scientist,1973-07-13,42.072855,-104.085056,0,82240,CUST010241,52,41-60,Standard,4920.0,1463.19,39.79,27.69,8,1,646,5,76,MOBILE,POS,PIN,Yes,Yes,No,No,12,Sunday,True,0.0,0,Low Risk
2019-01-15 08:50:19,"Eichmann, Bogan and Rodriguez",gas_transport,39.38,F,Coleharbor,ND,47.5196,-101.2332,307,Make,1930-08-13,48.407707,-101.206523,0,58704,CUST007975,95,60+,Standard,6204.0,1632.59,32.87,42.59,7,3,1242,89,78,ATM,ATM,Biometric,Yes,No,No,No,8,Tuesday,False,0.0,0,Low Risk
2019-01-16 23:30:03,White and Sons,home,76.05,F,Gardiner,OR,43.7857,-124.1437,260,"Engineer, maintenance",1956-09-01,43.917493,-124.346679,0,45777,CUST008635,69,60+,Gold,16137.0,8125.31,36.06,43.76,9,0,98,17,5,MOBILE,Online,Biometric,Yes,Yes,No,No,23,Wednesday,False,0.01,0,Low Risk
2019-01-11 18:21:06,Yost-Rogahn,personal_care,4.89,F,Atglen,PA,39.9458,-75.9703,3066,Product manager,1928-07-15,39.513952,-75.7169469999999,0,19709,CUST003845,97,60+,Gold,15261.0,12215.12,3.92,4.7,10,1,1037,87,79,WEB,Mobile,PIN,Yes,Yes,No,No,18,Friday,False,0.0,0,Low Risk
2019-01-18 09:49:57,Emard Inc,gas_transport,73.63,F,West Palm Beach,FL,26.7197,-80.1248,459921,Historic buildings inspector/conservation officer,1960-06-14,25.970979,-79.421916,0,45777,CUST005416,65,60+,Platinum,52272.0,42662.53,58.18,61.14,5,4,224,15,61,MOBILE,Online,Biometric,Yes,Yes,No,No,9,Friday,False,0.01,0,Low Risk
2019-01-14 20:07:25,Kuphal-Toy,food_dining,42.63,F,Stirling,NJ,40.6774,-74.4968,2307,Science writer,1969-09-11,41.454936,-73.829467,0,12524,CUST008123,56,41-60,Gold,14817.0,13219.97,27.8,43.13,4,4,325,38,14,WEB,Online,PIN,Yes,Yes,No,No,20,Monday,False,0.0,0,Low Risk
2019-01-11 22:58:09,Kub PLC,personal_care,7.55,M,Parsonsfield,ME,43.745,-70.9092,1892,Audiological scientist,1956-03-02,43.391592,-70.194572,0,45777,CUST010239,69,60+,Standard,6863.0,1768.83,6.35,6.56,4,1,1151,3,20,MOBILE,Mobile,PIN,Yes,No,No,No,22,Friday,False,0.01,0,Low Risk
2019-01-03 09:56:12,"Jones, Sawayn and Romaguera",misc_net,2.01,M,Big Indian,NY,42.074,-74.453,397,Psychiatrist,1931-09-12,41.287006,-74.136156,0,10926,CUST007355,94,60+,Platinum,51693.0,19538.77,1.64,2.02,7,1,1026,40,98,WEB,Mobile,Biometric,Yes,No,No,No,9,Thursday,False,0.0,0,Low Risk
2019-01-15 10:44:51,Torp-Labadie,gas_transport,41.3,F,Wetmore,MI,46.3535,-86.6345,765,Immunologist,1972-06-12,46.389105,-87.456461,0,49841,CUST004286,53,41-60,Gold,16816.0,5093.54,36.99,35.11,6,1,180,28,95,ATM,Mobile,OTP,Yes,No,No,Yes,10,Tuesday,False,0.0,0,Low Risk
2019-01-14 15:20:07,Parker-Kunde,personal_care,185.44,F,Eagarville,IL,39.1118,-89.7855,91,Materials engineer,1962-11-18,38.236027,-90.232225,0,62244,CUST008782,63,60+,Standard,6381.0,3359.25,123.92,187.47,9,0,1200,54,74,POS,POS,OTP,Yes,Yes,No,No,15,Monday,False,0.0,0,Low Risk
2019-01-08 23:39:27,Padberg-Sauer,home,68.15,M,Washington,DC,38.9757,-77.0282,601723,"Optician, dispensing",1970-07-20,38.430721,-76.440077,0,20657,CUST001220,55,41-60,Standard,6336.0,2627.77,46.07,36.67,10,3,361,17,35,MOBILE,ATM,OTP,Yes,Yes,No,No,23,Tuesday,False,0.0,0,Low Risk
2019-01-06 18:03:54,Waelchi Inc,kids_pets,55.46,F,Wilmington,NC,34.2651,-77.867,186140,English as a second language teacher,1983-02-08,33.974839,-77.905313,0,28449,CUST003322,42,41-60,Standard,7142.0,5938.11,50.16,38.46,7,0,672,77,51,WEB,Mobile,OTP,Yes,Yes,No,Yes,18,Sunday,True,0.0,0,Low Risk
2019-01-12 01:55:49,"Schultz, Simonis and Little",grocery_pos,103.15,F,Paauilo,HI,20.0271,-155.3697,1490,"Scientist, research (maths)",1991-04-13,19.04251,-154.724642,0,45777,CUST002586,34,26-40,Gold,15198.0,13633.17,96.21,80.33,3,1,752,53,25,WEB,ATM,Biometric,Yes,No,No,No,1,Saturday,True,0.0,0,Low Risk
2019-01-04 20:54:18,"Greenholt, O'Hara and Balistreri",shopping_net,8.66,F,Topeka,KS,39.1329,-95.7023,163415,Secondary school teacher,2004-12-30,38.677595,-95.74951,0,66523,CUST006643,21,18-25,Gold,16071.0,12215.83,6.16,9.52,10,2,25,60,51,MOBILE,Online,Biometric,Yes,No,No,No,20,Friday,False,0.0,0,Low Risk
2019-01-07 23:26:46,"Parker, Nolan and Trantow",entertainment,242.16,F,Scotia,SC,32.6786,-81.2455,302,Magazine features editor,1973-05-04,31.954708,-81.761991,0,30427,CUST009970,52,41-60,Standard,6384.0,1652.89,156.06,196.86,6,0,306,62,51,ATM,Online,PIN,No,Yes,No,No,23,Monday,False,0.05,0,Low Risk
2019-01-01 08:32:11,Smitham-Boehm,grocery_net,43.99,M,Montandon,PA,40.9661,-76.8575,645,Orthoptist,1974-05-18,41.811527,-77.346881,0,16901,CUST008132,51,41-60,Gold,14551.0,6023.34,38.63,41.75,5,3,645,42,55,POS,Mobile,PIN,Yes,No,No,No,8,Tuesday,False,0.0,0,Low Risk
2019-01-03 14:01:01,Bednar PLC,kids_pets,6.63,F,Cranks,KY,36.7558,-83.1838,581,"Psychologist, counselling",1967-02-04,36.158953,-83.154752,0,37810,CUST004281,58,41-60,Standard,5436.0,4333.34,5.2,5.63,8,2,269,25,8,ATM,Online,OTP,Yes,No,No,No,14,Thursday,False,0.0,0,Low Risk
2019-01-07 18:30:40,Ruecker-Mayert,kids_pets,8.06,M,Spearsville,LA,32.955,-92.587,1758,"Psychologist, forensic",1957-08-08,32.462509,-92.594017,0,71270,CUST009735,68,60+,Standard,4164.0,842.61,6.33,6.16,5,3,1430,96,79,ATM,ATM,OTP,Yes,Yes,No,No,18,Monday,False,0.0,0,Low Risk
2019-01-05 10:58:55,"Goldner, Kovacek and Abbott",grocery_pos,81.46,F,Basye,VA,38.8089,-78.7776,863,"Engineer, mining",1972-08-09,37.840165,-78.9466719999999,0,22967,CUST009528,53,41-60,Standard,4787.0,3432.54,73.29,79.23,5,4,614,86,16,POS,ATM,Biometric,Yes,Yes,No,Yes,10,Saturday,True,0.0,0,Low Risk
2019-01-06 14:44:33,Mohr Inc,shopping_pos,138.44,M,Murrayville,IL,39.5723,-90.2379,1512,Commercial/residential surveyor,2003-05-07,40.018319,-89.645906,0,62613,CUST002585,22,18-25,Standard,6162.0,3450.65,98.65,70.05,4,2,1386,78,6,WEB,Mobile,PIN,Yes,Yes,No,Yes,14,Sunday,True,0.0,0,Low Risk
2019-01-06 14:05:17,Baumbach Ltd,personal_care,71.04,F,Sherman,TX,33.6372,-96.6184,46563,Systems developer,1970-09-11,33.328995,-97.007529,0,76227,CUST001947,55,41-60,Gold,16443.0,5655.1,57.62,38.75,8,0,1300,96,76,MOBILE,Online,Biometric,Yes,Yes,No,No,14,Sunday,True,0.0,0,Low Risk
2019-01-07 06:39:51,"Gottlieb, Considine and Schultz",shopping_net,25.34,M,Cadiz,KY,36.802,-87.8286,13422,Commissioning editor,1961-09-03,37.679643,-87.102743,0,42301,CUST005008,64,60+,Standard,5125.0,2806.59,23.92,24.41,4,2,171,72,34,MOBILE,ATM,OTP,Yes,Yes,No,No,6,Monday,False,0.0,0,Low Risk
2019-01-13 21:24:17,"McCullough, Hudson and Schuster",food_dining,50.45,M,Bolivar,PA,40.3673,-79.1605,1770,"Administrator, local government",1994-12-08,39.756665,-79.087652,0,15558,CUST006297,31,26-40,Standard,4776.0,1486.35,43.46,43.31,5,0,520,37,16,ATM,Mobile,OTP,Yes,No,No,Yes,21,Sunday,True,0.0,0,Low Risk
2019-01-06 19:16:19,Stiedemann Ltd,food_dining,57.04,F,Oolitic,IN,38.8938,-86.5246,1228,Counsellor,1991-03-13,38.779469,-86.522258,0,47446,CUST000401,34,26-40,Gold,17184.0,8697.45,36.26,52.54,3,1,266,14,65,MOBILE,Mobile,OTP,Yes,Yes,No,No,19,Sunday,True,0.0,0,Low Risk
2019-01-10 18:42:11,"Mueller, Gerhold and Mueller",health_fitness,74.14,M,Summerfield,TX,34.7437,-102.5064,53,Fisheries officer,1992-06-19,34.96571,-103.293545,0,45777,CUST006099,33,26-40,Gold,14501.0,11205.06,70.28,52.14,3,2,605,88,43,POS,ATM,PIN,No,No,No,No,18,Thursday,False,0.0,0,Low Risk
2019-01-14 01:55:11,Rau and Sons,grocery_pos,103.23,M,Cokeburg,PA,40.1008,-80.0652,632,Dealer,1989-04-08,40.97652,-79.937176,0,16061,CUST003030,36,26-40,Standard,4266.0,1299.5,74.28,73.35,8,1,1300,8,32,POS,ATM,Biometric,Yes,Yes,No,No,1,Monday,False,0.0,0,Low Risk
2019-01-17 13:31:50,McKenzie-Huels,food_dining,35.49,F,Milford,OH,39.1657,-84.2329999999999,31394,Hospital doctor,1996-11-12,39.053402,-84.971685,0,47001,CUST007721,29,26-40,Standard,7629.0,5099.51,29.1,36.09,11,4,1227,83,15,WEB,Mobile,OTP,Yes,Yes,No,No,13,Thursday,False,0.0,0,Low Risk
2019-01-15 07:03:07,"Kutch, Hermiston and Farrell",gas_transport,45.37,F,Wheaton,MO,36.7651,-94.0492,760,Production manager,1985-08-31,37.737643,-93.470028,0,65650,CUST000841,40,26-40,Gold,14453.0,5311.05,43.03,31.88,8,0,1397,55,78,POS,POS,OTP,Yes,No,No,No,7,Tuesday,False,0.0,0,Low Risk
2019-01-11 19:25:16,Ernser-Lynch,food_dining,22.27,F,Burrton,KS,38.0261,-97.6666,1689,Gaffer,1997-11-18,37.330151,-98.250178,0,67009,CUST006353,28,26-40,Standard,6764.0,3675.09,13.76,15.15,4,0,1322,59,100,MOBILE,Mobile,OTP,Yes,Yes,No,No,19,Friday,False,0.0,0,Low Risk
2019-01-11 02:28:44,"Moore, Dibbert and Koepp",misc_net,87.71,M,Fenelton,PA,40.8555,-79.7372,2054,Communications engineer,1976-09-29,40.313367,-80.378563,0,15340,CUST001315,49,41-60,Standard,4015.0,3204.23,59.25,104.17,4,4,1161,21,9,ATM,POS,PIN,Yes,Yes,No,No,2,Friday,False,0.0,0,Low Risk
2019-01-11 19:09:06,Torphy-Kertzmann,health_fitness,36.66,F,Saint Paul,MN,44.9913,-92.9487,753116,Fisheries officer,1971-08-06,44.146196,-92.359299,0,55906,CUST008979,54,41-60,Standard,7385.0,4060.11,23.88,36.52,3,2,422,33,59,POS,Online,Biometric,Yes,No,No,No,19,Friday,False,0.0,0,Low Risk
2019-01-10 16:04:30,Will Ltd,food_dining,4.86,M,Sula,MT,45.8433,-113.8748,218,"Therapist, horticultural",1995-08-16,44.896933,-114.745251,0,45777,CUST006389,30,26-40,Gold,15847.0,10822.16,3.28,4.71,1,2,331,1,13,POS,POS,Biometric,Yes,No,No,No,16,Thursday,False,0.0,0,Low Risk
2019-01-01 22:23:55,Lind-Buckridge,entertainment,73.34,M,Carroll,NE,42.277,-97.1926,566,Metallurgist,1975-01-26,42.502963,-97.706886,0,68718,CUST000229,50,41-60,Platinum,52992.0,11479.87,63.88,44.62,11,0,626,39,41,POS,Mobile,PIN,No,Yes,No,No,22,Tuesday,False,0.0,0,Low Risk
2019-01-06 23:54:51,"Swaniawski, Lowe and Robel",shopping_pos,129.57,M,Tekoa,WA,47.2271,-117.0819,895,Clothing/textile technologist,1999-05-31,46.607486,-117.894494,0,99136,CUST001056,26,26-40,Standard,5062.0,3088.54,114.16,98.65,8,2,1112,46,54,ATM,POS,OTP,Yes,Yes,No,No,23,Sunday,True,0.0,0,Low Risk
2019-01-17 22:26:59,Harris Group,food_dining,35.49,F,Sutherland,NE,41.1558,-101.136,1789,Insurance broker,1982-02-11,41.417483,-100.842518,0,45777,CUST005054,43,41-60,Standard,4373.0,3379.56,33.37,18.24,10,1,395,59,42,POS,Mobile,OTP,Yes,No,No,No,22,Thursday,False,0.02,0,Low Risk
2019-01-04 21:07:45,Wuckert-Goldner,home,62.64,F,Catawba,VA,37.3696,-80.1284,1363,Equality and diversity officer,1940-08-23,37.147537,-80.568678,0,24141,CUST004437,85,60+,Standard,4693.0,1028.23,40.77,37.755,8,3,876,69,58,ATM,Online,Biometric,Yes,No,No,Yes,21,Friday,False,0.0,0,Low Risk
2019-01-02 02:54:21,Cummerata-Jones,gas_transport,56.58,M,Montgomery,AL,32.3374,-86.2715,214703,"Chemist, analytical",1994-10-07,32.026834,-85.529738,0,36053,CUST007541,31,26-40,Platinum,50766.0,37938.01,44.1,39.39,4,1,35,83,10,POS,Mobile,OTP,Yes,Yes,No,No,2,Wednesday,False,0.0,0,Low Risk
2019-01-13 05:11:20,Gleason-Macejkovic,shopping_net,18.46,M,Port Ewen,NY,41.8948,-73.9767,2471,Heritage manager,1966-01-21,41.074248,-74.878135,0,7881,CUST010986,59,41-60,Platinum,51677.0,23032.08,12.04,16.27,1,0,777,5,2,ATM,Mobile,OTP,Yes,No,No,No,5,Sunday,True,0.0,0,Low Risk
2019-01-14 07:01:14,"Weimann, Kuhic and Beahan",shopping_pos,124.98,M,Bolivar,PA,40.3673,-79.1605,1770,"Administrator, local government",1994-12-08,41.304883,-79.63516,0,16319,CUST000202,31,26-40,Standard,5325.0,4521.81,95.88,86.47,11,4,271,68,33,ATM,Online,OTP,No,Yes,Yes,Yes,7,Monday,False,0.0,0,Low Risk
2019-01-14 20:21:20,"Lang, Towne and Schuppe",kids_pets,44.19,F,De Soto,KS,38.9462,-94.9714,5760,Chief Executive Officer,1978-10-01,38.897513,-94.053469,0,64070,CUST003485,47,41-60,Standard,4867.0,1057.18,40.45,50.92,9,0,865,33,46,POS,ATM,OTP,Yes,No,No,No,20,Monday,False,0.0,0,Low Risk
2019-01-14 06:24:06,"Rodriguez, Yost and Jenkins",misc_net,6.75,F,Brownville,NY,44.0577,-76.0196,1271,"Producer, radio",1958-08-14,44.388371,-76.929339,0,45777,CUST009532,67,60+,Standard,5755.0,1570.63,6.19,5.63,7,2,902,46,38,MOBILE,Online,Biometric,Yes,Yes,No,No,6,Monday,False,0.0,0,Low Risk
2019-01-14 15:36:08,Kuhic LLC,shopping_net,155.89,F,Clarksville,TN,36.522,-87.3489999999999,151785,Pathologist,1974-03-28,36.133242,-88.260475,0,38236,CUST002475,51,41-60,Gold,16255.0,10629.78,113.15,149.48,5,4,1320,23,39,WEB,ATM,Biometric,Yes,Yes,No,No,15,Monday,False,0.0,0,Low Risk
2019-01-15 11:52:44,"Olson, Becker and Koch",gas_transport,64.84,M,Olmsted,IL,37.1935,-89.0933,639,Mechanical engineer,1982-08-01,37.694015,-89.628422,0,63748,CUST002289,43,41-60,Standard,6818.0,4482.125,43.2,52.49,10,2,1422,67,48,WEB,Mobile,Biometric,Yes,No,No,No,11,Tuesday,False,0.0,0,Low Risk
2019-01-15 12:11:44,Waelchi Inc,kids_pets,44.99,M,Alder,MT,45.1939,-112.0568,286,Chief of Staff,1989-03-09,46.068322,-112.046863,0,59632,CUST004747,36,26-40,Standard,7025.0,3376.03,42.32,24.47,4,4,1141,69,91,WEB,Online,Biometric,Yes,Yes,No,No,12,Tuesday,False,0.0,0,Low Risk
2019-01-07 09:19:34,"Reilly, Heaney and Cole",gas_transport,52.83,F,Indianapolis,IN,39.849,-86.272,910148,Firefighter,1975-11-30,40.786945,-86.1810979999999,0,46961,CUST007264,50,41-60,Gold,16730.0,10937.28,46.14,61.33,8,1,1336,96,74,POS,POS,Biometric,Yes,Yes,No,No,9,Monday,False,0.0,0,Low Risk
2019-01-06 22:32:32,Sporer-Keebler,personal_care,69.43,F,Leonard,TX,33.4044,-96.2238,4090,Sub,1977-03-23,33.18472,-96.604682,0,75069,CUST002761,48,41-60,Standard,6373.0,1545.49,53.45,72.83,5,2,1337,78,60,POS,POS,OTP,Yes,Yes,No,No,22,Sunday,True,0.01,0,Low Risk
2019-01-04 18:12:43,Lynch Ltd,shopping_pos,5.67,M,Elizabeth,NJ,40.6747,-74.2239,124967,Operational researcher,1980-12-21,41.428115,-74.601713,0,12746,CUST010387,45,41-60,Platinum,50057.0,25474.36,4.18,4.94,1,2,867,77,4,POS,Mobile,PIN,Yes,Yes,No,No,18,Friday,False,0.0,0,Low Risk
2019-01-08 14:57:47,Ankunding LLC,shopping_net,7.47,F,Avoca,IA,41.4768,-95.3509,2036,Engineering geologist,1971-08-20,40.668795,-95.259091,0,51636,CUST002402,54,41-60,Gold,17098.0,3672.16,5.61,4.64,4,2,735,44,38,MOBILE,ATM,PIN,No,Yes,Yes,No,14,Tuesday,False,0.0,0,Low Risk
2019-01-16 10:12:09,Cummerata-Jones,gas_transport,74.95,M,Fort Washakie,WY,43.0048,-108.8964,1645,Freight forwarder,1976-02-26,43.009306,-108.398711,0,82501,CUST000965,49,41-60,Standard,4968.0,2232.62,58.61,45.54,8,1,272,76,69,MOBILE,ATM,PIN,Yes,No,No,No,10,Wednesday,False,0.01,0,Low Risk
2019-01-13 14:54:50,"Wiza, Schaden and Stark",misc_pos,111.02,M,Lawrence,MA,42.6911,-71.1605,76383,Geoscientist,1985-04-04,41.893148,-71.374557,0,2863,CUST006629,40,26-40,Standard,4340.0,4482.125,94.6,87.47,7,2,1099,60,22,POS,Online,OTP,Yes,No,No,No,14,Sunday,True,0.0,0,Low Risk
2019-01-18 23:22:23,Macejkovic-Lesch,shopping_pos,40.37,F,Burlington,WA,48.4786,-122.3345,14871,Public house manager,1974-03-10,47.548002,-122.814951,0,98312,CUST002176,51,41-60,Standard,4279.0,1304.14,31.85,21.51,9,1,310,87,6,MOBILE,ATM,Biometric,Yes,Yes,No,No,23,Friday,False,0.01,0,Low Risk
2019-01-15 13:39:33,Lynch-Wisozk,home,37.24,M,Winthrop,ME,44.3229,-69.9576,6025,Advertising account planner,1995-04-22,43.401986,-70.349638,0,4005,CUST009113,30,26-40,Standard,5059.0,4280.99,36.06,31.49,1,4,911,21,47,POS,ATM,Biometric,Yes,Yes,No,No,13,Tuesday,False,0.0,0,Low Risk
2019-01-16 17:17:19,Daugherty LLC,kids_pets,19.72,F,Fullerton,NE,41.366,-98.0054,1749,"Surveyor, mining",1973-05-07,40.901824,-97.413153,0,68460,CUST004688,52,41-60,Standard,4491.0,4004.39,16.11,20.29,2,2,457,61,70,WEB,Mobile,PIN,Yes,Yes,No,No,17,Wednesday,False,0.0,0,Low Risk
2019-01-01 21:31:36,"Hills, Hegmann and Schaefer",health_fitness,39.57,F,Roma,TX,26.4215,-99.0025,18128,IT trainer,1990-11-07,26.731844,-99.945057,0,45777,CUST002929,35,26-40,Platinum,52730.0,10924.41,29.52,28.63,1,1,1338,66,51,POS,Online,Biometric,Yes,Yes,No,No,21,Tuesday,False,0.0,0,Low Risk
2019-01-15 14:51:53,"Labadie, Treutel and Bode",shopping_net,4.17,F,Houston,TX,29.7972,-95.3288,2906700,Animator,1983-08-24,29.393242,-96.223205,0,77488,CUST007600,42,41-60,Standard,4574.0,3096.57,3.92,3.04,4,3,336,48,78,MOBILE,ATM,OTP,Yes,No,No,No,14,Tuesday,False,0.01,0,Low Risk
2019-01-17 02:36:04,"Streich, Hansen and Veum",gas_transport,34.65,M,Corriganville,MD,39.6967,-78.8031,626,Energy engineer,1960-12-13,39.03621,-78.985805,0,26818,CUST010949,65,60+,Standard,7231.0,5641.55,31.98,30.24,11,0,568,80,38,MOBILE,Online,PIN,Yes,Yes,No,No,2,Thursday,False,0.0,0,Low Risk
2019-01-11 13:58:54,"Torp, Muller and Borer",health_fitness,12.58,M,Mooresville,NC,35.584,-80.8685,69793,Control and instrumentation engineer,1953-12-08,34.637182,-80.86986,0,29714,CUST009619,72,60+,Standard,5416.0,1738.24,9.29,7.64,10,3,1024,10,100,MOBILE,Mobile,Biometric,Yes,No,No,No,13,Friday,False,0.01,0,Low Risk
2019-01-15 03:17:52,Bauch-Raynor,grocery_pos,105.75,F,Sutherland,NE,41.1558,-101.136,1789,Insurance broker,1982-02-11,40.239634,-101.87485,0,45777,CUST003201,43,41-60,Standard,4206.0,1103.85,36.06,97.2,8,3,999,60,70,MOBILE,ATM,OTP,Yes,Yes,No,No,3,Tuesday,False,0.0,0,Low Risk
2019-01-09 23:20:18,"Daugherty, Pouros and Beahan",shopping_pos,2.59,F,Lawn,PA,40.2236,-76.538,213,Special educational needs teacher,1972-02-15,40.917539,-76.419564,0,17820,CUST001961,53,41-60,Standard,6239.0,2109.44,1.86,1.93,9,3,396,72,54,POS,ATM,PIN,Yes,Yes,No,No,23,Wednesday,False,0.0,0,Low Risk
2019-01-11 08:37:45,Schmeler Inc,misc_pos,51.53,F,Bethel Springs,TN,35.2289,-88.6439999999999,3876,Senior tax professional/tax inspector,1960-11-19,35.115805,-89.231431,0,38039,CUST002109,65,60+,Standard,5888.0,4482.125,45.23,43.36,3,2,507,70,43,POS,POS,PIN,Yes,Yes,No,No,8,Friday,False,0.0,0,Low Risk
2019-01-15 22:37:02,"McCullough, Hudson and Schuster",food_dining,8.63,F,Clarks Mills,PA,41.3851,-80.1752,606,Energy manager,1997-09-22,42.027916,-79.4403969999999,0,14767,CUST005376,28,26-40,Standard,7138.0,1954.08,7.56,8.91,9,0,388,48,39,ATM,Online,PIN,Yes,Yes,No,No,22,Tuesday,False,0.0,0,Low Risk
2019-01-12 23:19:52,"Metz, Russel and Metz",kids_pets,45.5,M,Red Cliff,CO,39.4584,-106.3851,277,Human resources officer,1985-04-03,40.350794,-106.134202,0,45777,CUST010027,40,26-40,Standard,6810.0,2355.3,35.97,41.5,5,4,111,34,73,POS,POS,Biometric,Yes,Yes,No,No,23,Saturday,True,0.0,0,Low Risk
2019-01-08 06:01:55,"Nienow, Ankunding and Collier",misc_pos,1.81,M,Fairview,NJ,40.817,-74.0,13835,"Programmer, multimedia",1967-05-28,39.935293,-74.658005,0,8068,CUST008745,58,41-60,Standard,5362.0,1728.93,1.56,1.09,4,1,1249,38,4,POS,POS,PIN,Yes,Yes,No,Yes,6,Tuesday,False,0.0,0,Low Risk
2019-01-14 16:25:57,Schmeler-Howe,personal_care,16.16,F,Gardiner,OR,43.7857,-124.1437,260,"Engineer, maintenance",1956-09-01,43.748973,-124.626366,0,45777,CUST010537,69,60+,Standard,5784.0,4772.49,15.29,16.54,3,1,328,7,89,POS,Online,OTP,No,No,No,No,16,Monday,False,0.0,0,Low Risk
2019-01-15 18:02:16,Terry Ltd,home,130.06,M,Kirk,CO,39.6171,-102.4776,207,Network engineer,1955-12-04,39.319611,-102.299812,0,80807,CUST000207,70,60+,Platinum,51776.0,25304.97,94.98,86.67,2,2,1179,32,65,ATM,ATM,PIN,Yes,No,No,No,18,Tuesday,False,0.0,0,Low Risk
2019-01-17 03:23:32,Koepp-Witting,grocery_pos,147.35,M,Sontag,MS,31.6453,-90.1801,1196,"Librarian, academic",1958-06-11,30.664322,-89.836625,0,70431,CUST003932,67,60+,Standard,5939.0,1723.17,113.5,130.16,8,3,11,64,63,MOBILE,ATM,Biometric,Yes,No,No,No,3,Thursday,False,0.0,0,Low Risk
2019-01-10 17:14:59,Ullrich Ltd,kids_pets,57.12,F,Mansfield,OH,40.7559,-82.5123,92985,Press photographer,1968-05-29,41.33994,-82.25083,0,44074,CUST010432,57,41-60,Standard,5919.0,1410.69,36.7,67.9,6,3,299,73,1,MOBILE,Mobile,OTP,Yes,Yes,Yes,No,17,Thursday,False,0.0,0,Low Risk
2019-01-09 13:10:16,Kihn-Schuster,food_dining,13.01,M,Brainard,NE,41.1832,-96.9882,614,Associate Professor,1967-06-20,41.80702,-97.457249,0,68748,CUST003912,58,41-60,Standard,7720.0,4403.78,11.03,8.46,8,0,268,38,17,POS,POS,OTP,Yes,Yes,No,No,13,Wednesday,False,0.0,0,Low Risk
2019-01-02 21:41:47,Watsica LLC,personal_care,16.47,F,Winger,MN,47.5375,-95.9941,516,Applications developer,1966-06-07,47.77641,-95.18304,0,56652,CUST009759,59,41-60,Standard,7572.0,5130.95,15.01,17.25,4,4,493,27,23,ATM,Mobile,PIN,Yes,No,No,No,21,Wednesday,False,0.0,0,Low Risk
2019-01-13 05:00:06,"Schroeder, Hauck and Treutel",entertainment,7.42,M,Ozawkie,KS,39.2136,-95.4404,2661,Theatre director,1948-11-14,39.98813,-95.761341,0,66515,CUST004521,77,60+,Standard,4473.0,3191.04,5.48,5.41,10,2,1141,23,90,MOBILE,POS,OTP,Yes,Yes,No,Yes,5,Sunday,True,0.0,0,Low Risk
2019-01-03 06:09:42,"Rodriguez, Yost and Jenkins",misc_net,4.48,F,Georgetown,MN,47.0999,-96.727,346,"Research officer, trade union",1976-12-14,46.165695,-96.283497,0,56543,CUST002399,49,41-60,Platinum,51435.0,37316.45,2.8,4.31,9,3,88,81,98,MOBILE,Online,OTP,Yes,Yes,No,No,6,Thursday,False,0.0,0,Low Risk
2019-01-07 13:18:14,Crona and Sons,kids_pets,189.29,M,Allentown,NY,42.0737,-78.0594,239,Radio producer,1956-05-02,41.735865,-78.225911,0,16746,CUST002821,69,60+,Standard,5470.0,3854.2,148.47,94.86,6,1,780,5,52,ATM,POS,PIN,Yes,Yes,No,No,13,Monday,False,0.0,0,Low Risk
2019-01-06 00:54:48,Kemmer-Reinger,grocery_net,101.97,F,Colorado Springs,CO,38.8881,-104.6556,525713,Museum/gallery exhibitions officer,1992-05-09,39.180694,-105.423253,0,45777,CUST000727,33,26-40,Standard,6587.0,2411.15,91.53,87.62,5,0,1342,1,23,ATM,POS,PIN,Yes,Yes,No,No,0,Sunday,True,0.0,0,Low Risk
2019-01-06 21:26:09,"Wintheiser, Dietrich and Schimmel",misc_pos,7.12,F,Arcadia,SC,34.9572,-81.9916,530,Animal technologist,1989-05-14,35.138812,-82.310787,0,28782,CUST009230,36,26-40,Standard,6223.0,4943.89,6.46,6.04,7,2,1182,49,48,WEB,ATM,OTP,No,Yes,No,No,21,Sunday,True,0.0,0,Low Risk
2019-01-13 15:38:01,Berge-Hills,kids_pets,125.11,M,De Queen,AR,34.0442,-94.3386,11253,"Scientist, biomedical",1957-04-25,34.138766,-94.684636,0,74728,CUST006268,68,60+,Gold,14664.0,4482.125,102.03,139.72,11,2,460,87,99,POS,Online,PIN,Yes,Yes,Yes,No,15,Sunday,True,0.0,0,Low Risk
2019-01-08 06:51:50,Pouros-Conroy,shopping_pos,44.77,M,Turner,MT,48.8328,-108.3961,192,Further education lecturer,1964-01-04,48.667762,-108.573025,0,45777,CUST006410,61,60+,Gold,15569.0,11578.62,37.1,46.59,10,3,884,82,78,ATM,Online,Biometric,Yes,Yes,No,No,6,Tuesday,False,0.0,0,Low Risk
2019-01-06 12:52:43,"Kilback, Nitzsche and Leffler",travel,1.88,M,Mallie,KY,37.2692,-82.9161,798,Facilities manager,1926-06-26,37.466236,-83.0947949999999,0,41317,CUST004220,99,60+,Standard,7753.0,6645.0,1.35,1.33,7,0,1178,88,40,WEB,ATM,Biometric,Yes,No,No,No,12,Sunday,True,0.0,0,Low Risk
2019-01-11 22:22:26,Shields-Wunsch,health_fitness,7.19,M,Grant,AL,34.4959,-86.259,5901,Curator,1972-07-25,35.248507,-85.277318,0,37379,CUST008289,53,41-60,Standard,7358.0,2502.41,6.4,6.47,1,2,635,62,51,MOBILE,Online,Biometric,Yes,No,No,No,22,Friday,False,0.0,0,Low Risk
2019-01-14 15:00:33,"Champlin, Rolfson and Connelly",travel,535.16,M,Big Creek,KY,37.1046,-83.5706,467,"Psychologist, forensic",1984-06-04,36.989537,-82.820363,0,40862,CUST010727,41,41-60,Platinum,52519.0,19070.64,427.66,597.56,1,3,1193,98,67,WEB,Online,PIN,Yes,No,No,No,15,Monday,False,0.08,0,Low Risk
2019-01-09 10:11:49,"Stokes, Christiansen and Sipes",grocery_net,78.67,F,Fields Landing,CA,40.7268,-124.2174,276,"Scientist, audiological",1929-05-06,40.924973,-125.118036,0,45777,CUST010616,96,60+,Standard,5992.0,2229.43,56.49,48.45,4,0,370,95,87,MOBILE,Online,PIN,Yes,No,No,No,10,Wednesday,False,0.0,0,Low Risk
2019-01-04 07:15:34,"Stroman, Hudson and Erdman",gas_transport,92.6,F,West Columbia,SC,33.9568,-81.1405,52126,Chemical engineer,1929-08-23,33.421406,-80.502101,0,29142,CUST001984,96,60+,Gold,16899.0,14431.52,63.4,110.93,1,0,1145,72,51,MOBILE,ATM,PIN,Yes,Yes,No,No,7,Friday,False,0.0,0,Low Risk
2019-01-06 12:37:02,Dare-Marvin,entertainment,68.17,M,Luzerne,MI,44.6001,-84.2931,864,General practice doctor,1942-05-04,44.031277,-84.830527,0,48625,CUST003296,83,60+,Standard,7390.0,4149.31,64.57,79.85,3,0,777,98,56,WEB,ATM,Biometric,Yes,Yes,No,No,12,Sunday,True,0.0,0,Low Risk
2019-01-14 08:28:09,"Kutch, Hermiston and Farrell",gas_transport,54.46,F,New Goshen,IN,39.5803,-87.4616,205,"Engineer, mining",1960-01-06,39.925189,-87.017076,0,47989,CUST008866,65,60+,Gold,17245.0,6270.25,39.02,28.18,10,0,823,56,8,ATM,Online,OTP,Yes,Yes,No,No,8,Monday,False,0.0,0,Low Risk
2019-01-04 07:39:42,Block Group,misc_pos,9.61,M,Detroit,MI,42.426,-83.15,673342,Retail manager,1967-06-19,42.461036,-83.437803,0,48335,CUST003447,58,41-60,Standard,6352.0,5000.66,6.21,6.07,6,3,1097,62,77,WEB,POS,OTP,Yes,Yes,No,Yes,7,Friday,False,0.0,0,Low Risk
2019-01-13 16:56:52,"Schumm, McLaughlin and Carter",food_dining,48.18,M,Falmouth,MI,44.2529,-85.017,1126,Furniture designer,1955-07-06,43.603025,-84.847797,0,48858,CUST006017,70,60+,Platinum,52608.0,31985.49,36.65,53.28,10,4,150,80,29,POS,Online,PIN,Yes,Yes,No,No,16,Sunday,True,0.0,0,Low Risk
2019-01-14 13:02:20,Zboncak LLC,food_dining,47.97,F,Sunflower,MS,33.5567,-90.5451,1686,"Education officer, community",1986-11-06,33.449256,-89.666589,0,38967,CUST005567,39,26-40,Gold,14023.0,9114.33,31.7,39.58,11,3,700,37,9,WEB,POS,PIN,Yes,No,No,No,13,Monday,False,0.0,0,Low Risk
2019-01-06 06:47:52,"Tillman, Dickinson and Labadie",gas_transport,42.37,F,Burrton,KS,38.0261,-97.6666,1689,Gaffer,1997-11-18,37.693305,-97.162508,0,67230,CUST006485,28,26-40,Standard,6663.0,2665.32,31.46,31.99,7,4,618,97,59,WEB,ATM,Biometric,Yes,Yes,No,No,6,Sunday,True,0.0,0,Low Risk
2019-01-01 19:29:38,Larson-Moen,entertainment,9.17,F,Jones,AL,32.5104,-86.8138,1089,Materials engineer,1971-11-02,32.505372,-87.660513,0,36742,CUST007101,54,41-60,Gold,14770.0,10441.88,8.18,7.65,4,3,608,64,39,MOBILE,POS,PIN,Yes,Yes,No,No,19,Tuesday,False,0.0,0,Low Risk
2019-01-04 18:08:03,Daugherty LLC,kids_pets,216.61,M,Lakeland,FL,27.9611,-81.9398,237282,"Radiographer, therapeutic",1961-09-28,27.695397,-82.433764,0,33570,CUST005217,64,60+,Standard,5741.0,3995.61,165.28,189.75,3,0,567,59,35,ATM,POS,OTP,Yes,Yes,No,No,18,Friday,False,0.01,0,Low Risk
2019-01-07 21:43:27,"Weber, Thiel and Hammes",kids_pets,71.62,F,Tupper Lake,NY,44.232,-74.4905,6120,Chartered loss adjuster,1976-10-09,43.88683,-73.990105,0,12857,CUST010097,49,41-60,Standard,4161.0,1629.65,46.31,76.74,10,2,1214,39,74,POS,Mobile,Biometric,Yes,Yes,No,No,21,Monday,False,0.0,0,Low Risk
2019-01-01 06:44:08,Miller-Hauck,grocery_pos,65.52,M,Laredo,TX,27.5155,-99.4986,248858,Video editor,1971-01-28,27.785758,-99.587766,0,78045,CUST008959,54,41-60,Standard,5933.0,3717.22,60.07,67.23,3,2,1307,54,89,POS,ATM,Biometric,Yes,Yes,No,No,6,Tuesday,False,0.0,0,Low Risk
2019-01-06 13:57:47,Erdman-Durgan,health_fitness,29.37,F,Tomales,CA,38.2427,-122.9145,337,Occupational psychologist,1954-07-05,38.250964,-123.084335,0,94923,CUST005444,71,60+,Standard,4117.0,3701.41,18.65,21.64,9,3,451,91,87,MOBILE,POS,Biometric,Yes,No,No,No,13,Sunday,True,0.0,0,Low Risk
2019-01-10 06:03:49,Smitham-Boehm,grocery_net,56.07,M,Summerfield,TX,34.7437,-102.5064,53,Fisheries officer,1992-06-19,35.149276,-101.554443,0,45777,CUST007990,33,26-40,Platinum,50020.0,36915.43,46.05,47.73,5,0,977,1,81,MOBILE,Online,Biometric,Yes,Yes,No,No,6,Thursday,False,0.0,0,Low Risk
2019-01-16 08:31:45,"Casper, Hand and Zulauf",grocery_pos,102.73,F,Galatia,IL,37.8274,-88.6235,1943,"Restaurant manager, fast food",1971-10-19,38.524614,-89.35242,0,62250,CUST001553,54,41-60,Standard,6339.0,1897.66,83.27,81.29,8,4,1059,49,55,WEB,POS,OTP,Yes,Yes,No,Yes,8,Wednesday,False,0.0,0,Low Risk
2019-01-01 12:38:21,O'Hara-Wilderman,food_dining,105.47,M,New Holstein,WI,43.9446,-88.0911,5196,Child psychotherapist,1978-01-22,44.21523,-88.792643,0,54940,CUST002620,47,41-60,Gold,17130.0,7854.78,79.1,56.89,2,4,865,30,4,ATM,POS,OTP,Yes,Yes,No,No,12,Tuesday,False,0.0,0,Low Risk
2019-01-10 14:36:29,Ernser-Lynch,food_dining,7.92,F,East Canaan,CT,42.0158,-73.2913,647,Comptroller,1987-09-26,42.846119,-73.372749,0,12090,CUST000492,38,26-40,Gold,16330.0,3305.49,4.99,8.66,5,3,1219,14,25,WEB,POS,PIN,Yes,Yes,Yes,No,14,Thursday,False,0.0,0,Low Risk
2019-01-10 07:38:17,"Kihn, Abernathy and Douglas",shopping_net,8.65,F,Campbell,NE,40.2967,-98.737,493,"Surveyor, minerals",1940-09-13,39.50263,-99.610372,0,45777,CUST000700,85,60+,Platinum,50627.0,42410.48,7.08,7.34,11,3,112,10,79,WEB,ATM,Biometric,Yes,Yes,No,No,7,Thursday,False,0.0,0,Low Risk
2019-01-11 00:06:07,Torp-Lemke,misc_pos,5.13,M,West Long Branch,NJ,40.2878,-74.0162,8097,Mechanical engineer,1964-02-18,40.343138,-74.382657,0,8831,CUST003061,61,60+,Standard,6985.0,5586.22,3.84,5.87,3,1,1369,58,97,MOBILE,Online,Biometric,Yes,Yes,Yes,No,0,Friday,False,0.0,0,Low Risk
2019-01-09 20:43:27,Brown Inc,kids_pets,88.0,F,Grandview,TX,32.2779,-97.2351,5875,"Radiographer, therapeutic",1992-07-24,33.241059,-97.16223,0,76207,CUST009756,33,26-40,Standard,4617.0,3605.86,75.46,37.755,8,3,186,72,100,POS,ATM,PIN,Yes,No,No,No,20,Wednesday,False,0.0,0,Low Risk
2019-01-10 16:22:57,"Kuhic, Bins and Pfeffer",shopping_net,7.33,F,Topeka,KS,39.1329,-95.7023,163415,Secondary school teacher,2004-12-30,39.124244,-95.12142,0,66086,CUST001512,21,18-25,Platinum,50866.0,35472.94,6.05,3.86,4,1,777,89,66,ATM,POS,PIN,No,Yes,No,No,16,Thursday,False,0.0,0,Low Risk
2019-01-18 09:03:36,Barton Inc,grocery_pos,78.4,F,Thrall,TX,30.592,-97.2893,1766,Press sub,1976-01-02,30.275981,-96.815177,0,78946,CUST006920,49,41-60,Standard,7471.0,4390.3,62.1,56.87,7,1,771,20,89,WEB,ATM,PIN,No,Yes,No,No,9,Friday,False,0.0,0,Low Risk
2019-01-14 12:04:08,Ernser-Feest,home,175.24,F,Warren,OH,41.2639,-80.8164,75903,Magazine features editor,1957-04-05,41.94123,-80.660258,0,44030,CUST006401,68,60+,Standard,7420.0,4998.29,159.11,192.84,2,2,551,56,68,ATM,POS,Biometric,Yes,Yes,No,No,12,Monday,False,0.0,0,Low Risk
2019-01-14 21:07:49,Reichel Inc,entertainment,1.22,M,Oconto Falls,WI,44.8755,-88.1555,5548,Mining engineer,1975-09-11,45.345971,-88.820188,0,54465,CUST008055,50,41-60,Platinum,49749.0,35399.8,0.87,0.78,3,2,1121,77,36,POS,ATM,OTP,Yes,No,No,No,21,Monday,False,0.0,0,Low Risk
2019-01-08 06:12:14,Koepp-Witting,grocery_pos,88.17,F,Centerview,MO,38.7897,-93.8702,2368,Electronics engineer,1989-07-17,39.488707,-93.009808,0,65261,CUST010623,36,26-40,Standard,7337.0,3627.76,55.84,102.3,9,3,925,50,95,POS,Mobile,PIN,No,No,No,Yes,6,Tuesday,False,0.0,0,Low Risk
2019-01-02 08:56:26,Kris-Weimann,misc_net,526.44,F,Browning,MO,40.029,-93.1607,602,Cytogeneticist,1954-07-14,40.497207,-92.708527,0,63551,CUST002246,71,60+,Standard,7259.0,4688.22,376.1,507.18,5,3,1120,25,6,WEB,Online,OTP,Yes,Yes,No,No,8,Wednesday,False,0.16,0,Low Risk
2019-01-02 12:13:18,Ziemann-Waters,health_fitness,105.46,F,Hurricane,WV,38.4257,-81.9943,21902,Sub,1980-09-18,39.05511,-82.204167,0,45741,CUST004934,45,41-60,Standard,7035.0,1981.71,66.07,66.76,4,2,1363,48,51,ATM,Mobile,Biometric,Yes,Yes,No,No,12,Wednesday,False,0.0,0,Low Risk
2019-01-14 05:21:04,Schamberger-O'Keefe,grocery_pos,100.68,F,Blooming Grove,TX,32.0758,-96.701,1563,Financial adviser,1978-03-04,31.152569,-97.273027,0,76579,CUST000934,47,41-60,Platinum,50541.0,28834.16,62.06,107.58,11,0,980,48,30,POS,Online,OTP,Yes,Yes,No,No,5,Monday,False,0.0,0,Low Risk
2019-01-12 06:29:26,Ledner-Pfannerstill,gas_transport,98.87,M,Hawthorne,CA,33.9143,-118.3493,93193,"Editor, magazine features",1995-04-19,33.851936,-117.97401,0,90621,CUST005902,30,26-40,Standard,7245.0,3742.78,73.44,91.76,8,2,722,20,79,POS,Online,PIN,Yes,Yes,No,No,6,Saturday,True,0.0,0,Low Risk
2019-01-18 22:32:49,"Runolfsdottir, Mueller and Hand",entertainment,43.22,F,De Witt,AR,34.2853,-91.3336,5161,Electrical engineer,1993-04-08,33.360389,-91.722592,0,71658,CUST008564,32,26-40,Standard,6299.0,3626.95,30.72,36.0,3,1,422,100,69,POS,POS,OTP,Yes,Yes,No,No,22,Friday,False,0.01,0,Low Risk
2019-01-13 21:41:00,Schiller Ltd,personal_care,40.99,F,Ruidoso,NM,33.3305,-105.6933,8874,Licensed conveyancer,2000-08-16,33.722995,-105.404974,0,45777,CUST000873,25,18-25,Platinum,52651.0,43849.32,28.56,38.66,11,1,1080,77,28,POS,POS,Biometric,Yes,Yes,No,No,21,Sunday,True,0.0,0,Low Risk
2019-01-04 18:18:32,Heller PLC,health_fitness,138.18,F,North Prairie,WI,42.9385,-88.395,2328,Applications developer,1942-01-06,43.454093,-87.983369,0,53021,CUST003152,83,60+,Platinum,52236.0,15229.35,36.06,159.15,9,0,681,10,84,ATM,Online,OTP,Yes,Yes,No,No,18,Friday,False,0.01,0,Low Risk
2019-01-11 12:15:13,Torphy-Goyette,shopping_pos,1.73,M,New Holstein,WI,43.9446,-88.0911,5196,Child psychotherapist,1978-01-22,43.630598,-87.486039,0,45777,CUST003326,47,41-60,Gold,17954.0,11801.2,1.22,2.01,4,3,136,86,7,MOBILE,POS,OTP,Yes,Yes,No,No,12,Friday,False,0.0,0,Low Risk
2019-01-01 20:04:55,Sawayn PLC,shopping_pos,1.37,F,O Brien,TX,33.3749,-99.8473,178,Warden/ranger,1983-06-14,33.471532,-99.278462,0,76380,CUST004093,42,41-60,Platinum,52185.0,42490.78,1.03,1.15,9,4,192,74,77,POS,POS,PIN,Yes,Yes,No,No,20,Tuesday,False,0.0,0,Low Risk
2019-01-08 11:47:32,Lockman Ltd,grocery_pos,104.21,M,Big Creek,KY,37.1046,-83.5706,467,"Psychologist, forensic",1984-06-04,37.993871,-83.686768,0,40346,CUST008600,41,41-60,Standard,5271.0,4481.6,62.87,53.15,7,0,606,45,51,ATM,Online,Biometric,Yes,Yes,No,Yes,11,Tuesday,False,0.0,0,Low Risk
2019-01-09 08:06:40,Denesik and Sons,shopping_pos,775.96,F,Belle Fourche,SD,44.6723,-103.8396,8007,Hospital pharmacist,1940-09-17,45.133891,-102.920872,0,57758,CUST007234,85,60+,Gold,15495.0,3617.91,569.23,474.1,3,2,1166,31,20,ATM,POS,Biometric,Yes,No,No,Yes,8,Wednesday,False,0.24,0,Low Risk
2019-01-16 21:43:05,Zboncak LLC,food_dining,9.97,F,Noonan,ND,48.8856,-103.0098,248,Industrial/product designer,1968-05-13,48.79495,-102.640743,0,58752,CUST003835,57,41-60,Gold,15385.0,10256.7,36.06,8.64,9,1,1364,47,66,WEB,ATM,OTP,Yes,No,No,No,21,Wednesday,False,0.01,0,Low Risk
2019-01-07 17:42:37,Fadel-Hilpert,health_fitness,28.26,F,Keisterville,PA,39.9636,-79.7853,184,Systems developer,1945-11-04,40.174272,-79.90905,0,15063,CUST000710,80,60+,Gold,17181.0,6636.62,21.28,22.48,4,2,786,8,8,WEB,Online,PIN,Yes,Yes,No,No,17,Monday,False,0.0,0,Low Risk
2019-01-10 13:56:08,Dietrich-Fadel,health_fitness,2.72,F,Westerville,NE,41.4193,-99.3844,73,Product designer,1935-02-10,40.7012,-99.364878,0,68836,CUST005136,90,60+,Standard,7049.0,6216.48,1.89,2.72,4,1,63,91,89,ATM,Online,PIN,Yes,Yes,No,No,13,Thursday,False,0.0,0,Low Risk
2019-01-03 09:47:58,"Weimann, Kuhic and Beahan",shopping_pos,6.34,F,Hopkins,SC,33.9349,-80.8449,13717,Chiropodist,1949-11-16,34.281728,-80.453858,0,29032,CUST007673,76,60+,Gold,17771.0,14352.64,5.55,5.42,11,4,242,21,38,MOBILE,Online,OTP,Yes,Yes,No,No,9,Thursday,False,0.0,0,Low Risk
2019-01-12 05:43:23,Nienow PLC,entertainment,34.78,F,Louisville,KY,38.2507,-85.7476,736284,Engineering geologist,1952-04-02,37.875591,-85.582861,0,40013,CUST000555,73,60+,Standard,7679.0,1708.65,31.41,22.31,3,4,488,58,79,POS,Online,Biometric,Yes,Yes,No,No,5,Saturday,True,0.01,0,Low Risk
2019-01-06 14:53:16,"Schiller, Blanda and Johnson",home,56.48,M,Afton,MI,45.3637,-84.4695,937,Technical brewer,1958-04-06,45.634393,-84.073978,0,45777,CUST005057,67,60+,Standard,7367.5,1158.04,43.42,47.13,1,1,59,74,51,POS,Mobile,PIN,Yes,No,No,No,14,Sunday,True,0.0,0,Low Risk
2019-01-13 05:19:03,O'Keefe-Hudson,grocery_pos,132.84,M,Purmela,TX,31.4841,-97.9903,258,Web designer,1943-12-15,31.598561,-98.194055,0,76531,CUST007690,82,60+,Gold,17438.0,13014.06,107.93,37.755,10,1,352,93,100,MOBILE,POS,Biometric,Yes,No,No,No,5,Sunday,True,0.01,0,Low Risk
2019-01-05 22:32:28,Pouros-Haag,shopping_pos,730.78,M,Wales,AK,64.7556,-165.6723,145,"Administrator, education",1939-11-09,65.233866,-166.550779,1,45777,CUST003454,86,60+,Platinum,49206.0,17352.75,533.56,560.31,4,3,765,96,54,POS,ATM,OTP,Yes,Yes,No,No,22,Saturday,True,0.48,1,Medium Risk
2019-01-10 11:12:08,"Herman, Treutel and Dickens",misc_net,8.64,M,Warren,MI,42.5164,-82.9832,134056,"Doctor, hospital",1980-05-18,42.502105,-82.99087,0,48088,CUST002903,45,41-60,Standard,7026.0,1714.17,5.62,6.02,8,3,1369,3,47,WEB,POS,OTP,Yes,Yes,Yes,No,11,Thursday,False,0.0,0,Low Risk
2019-01-08 17:32:16,Labadie LLC,personal_care,3.41,M,Mallie,KY,37.2692,-82.9161,798,Facilities manager,1926-06-26,36.699288,-83.427887,0,40863,CUST004362,99,60+,Standard,7367.5,4140.53,3.12,3.04,11,4,1188,74,35,ATM,POS,Biometric,Yes,Yes,No,No,17,Tuesday,False,0.0,0,Low Risk
2019-01-13 14:47:31,Dooley-Thompson,misc_net,337.06,F,Marathon,TX,30.1886,-103.2214,498,Lexicographer,1990-11-23,29.276117,-103.799818,0,45777,CUST001765,35,26-40,Standard,7455.0,2748.71,241.2,211.18,2,4,434,1,74,MOBILE,Online,OTP,Yes,Yes,No,No,14,Sunday,True,0.03,0,Low Risk
2019-01-04 16:00:57,Dare-Gibson,health_fitness,10.47,F,Wetmore,MI,46.3535,-86.6345,765,Immunologist,1972-06-12,46.916808,-85.717614,0,45777,CUST009186,53,41-60,Platinum,51143.0,34928.35,7.41,11.68,3,0,192,16,80,ATM,Online,PIN,Yes,No,No,No,16,Friday,False,0.0,0,Low Risk
2019-01-03 18:14:37,Bode-Schuster,kids_pets,94.62,F,Elberta,MI,44.5995,-86.2141,372,"Exhibitions officer, museum/gallery",1995-07-12,44.371685,-86.823492,0,45777,CUST002766,30,26-40,Platinum,51150.0,15602.18,61.51,99.27,11,1,1200,100,16,WEB,Mobile,PIN,Yes,Yes,No,No,18,Thursday,False,0.0,0,Low Risk
2019-01-03 04:58:39,Cartwright-Harris,grocery_pos,61.25,M,Shrewsbury,MA,42.2848,-71.7205,35299,English as a second language teacher,1975-04-30,42.812418,-70.796038,0,1952,CUST007053,50,41-60,Gold,15249.0,3295.13,47.69,57.94,5,2,97,38,82,MOBILE,POS,PIN,Yes,Yes,Yes,No,4,Thursday,False,0.0,0,Low Risk
2019-01-09 02:28:51,Deckow-Dare,food_dining,37.73,F,Grand Ridge,FL,30.7148,-85.021,3699,Art gallery manager,1948-09-07,30.775106,-84.193154,0,39828,CUST010814,77,60+,Platinum,49619.0,13859.01,30.02,39.26,5,1,1112,44,10,ATM,POS,Biometric,Yes,Yes,No,No,2,Wednesday,False,0.0,0,Low Risk
2019-01-17 18:07:23,"Bahringer, Schoen and Corkery",shopping_pos,3.92,F,Rocky Mount,MO,38.2911,-92.7059,1847,Tax inspector,1988-10-26,38.039746,-92.792126,0,65020,CUST005691,37,26-40,Standard,5135.0,1966.0,2.71,4.34,11,1,1289,91,85,MOBILE,Online,OTP,Yes,No,No,No,18,Thursday,False,0.0,0,Low Risk
2019-01-02 20:44:41,Thompson-Gleason,health_fitness,1.25,F,Greenwood,IN,39.596,-86.1309,78968,Financial adviser,1968-02-10,39.995568,-86.958756,0,47933,CUST004278,57,41-60,Gold,16330.0,7566.58,1.12,1.3,10,3,327,14,63,POS,POS,PIN,Yes,Yes,No,Yes,20,Wednesday,False,0.0,0,Low Risk
2019-01-06 13:32:11,Welch Inc,misc_net,2.46,F,Shields,ND,46.1838,-101.2589,77,Film/video editor,1989-12-17,46.404039,-100.767407,0,58570,CUST002646,36,26-40,Standard,5623.0,4869.63,1.91,2.28,1,1,1199,22,95,MOBILE,Mobile,PIN,Yes,Yes,No,No,13,Sunday,True,0.0,0,Low Risk
2019-01-11 07:46:13,"Terry, Johns and Bins",misc_pos,6.2,F,Bethel Springs,TN,35.2289,-88.6439999999999,3876,Senior tax professional/tax inspector,1960-11-19,35.003197,-88.66666,0,38367,CUST005722,65,60+,Gold,17393.0,11004.47,4.09,6.94,3,1,493,5,78,MOBILE,ATM,OTP,Yes,Yes,No,No,7,Friday,False,0.0,0,Low Risk
2019-01-15 16:54:11,"Kutch, Steuber and Gerhold",food_dining,118.06,F,Goodrich,MI,42.9147,-83.4845,6951,Learning disability nurse,1985-06-18,42.667524,-83.803566,0,48353,CUST007022,40,26-40,Standard,5762.0,4513.1,107.2,129.62,5,3,998,98,12,MOBILE,Online,OTP,Yes,Yes,No,No,16,Tuesday,False,0.0,0,Low Risk
2019-01-07 02:15:46,Macejkovic-Lesch,shopping_pos,7.37,M,North Judson,IN,41.2244,-86.6966,5791,"Doctor, general practice",1959-10-07,42.109135,-87.688031,0,60043,CUST004954,66,60+,Standard,4597.0,1055.18,5.38,4.89,9,1,986,58,51,MOBILE,POS,OTP,Yes,Yes,No,No,2,Monday,False,0.01,0,Low Risk
2019-01-06 08:14:53,"Rowe, Batz and Goodwin",grocery_pos,89.89,M,Oklahoma City,OK,35.6174,-97.5583,640470,Advertising copywriter,1966-06-24,34.673164,-98.313682,0,73503,CUST005060,59,41-60,Gold,17326.0,11650.99,68.01,54.65,7,2,502,65,7,ATM,POS,PIN,Yes,No,No,No,8,Sunday,True,0.0,0,Low Risk
2019-01-08 22:56:25,Rau-Robel,kids_pets,102.28,M,Bronx,NY,40.8798,-73.9067,1382480,"Therapist, drama",1990-11-09,41.346635,-73.078076,0,6401,CUST008465,35,26-40,Gold,15867.0,8662.13,93.93,116.2,2,2,307,99,22,ATM,ATM,PIN,Yes,No,No,No,22,Tuesday,False,0.01,0,Low Risk
2019-01-01 12:52:28,Gottlieb-Hansen,personal_care,3.65,F,Red River,NM,36.6659,-105.4694,606,"Surveyor, land/geomatics",1988-09-06,36.849101,-104.807088,0,45777,CUST004108,37,26-40,Standard,6779.0,2205.77,2.57,4.36,4,2,1004,94,97,POS,ATM,PIN,No,Yes,No,Yes,12,Tuesday,False,0.0,0,Low Risk
2019-01-06 13:55:43,Effertz LLC,entertainment,10.45,F,Smith River,CA,41.9404,-124.1587,1930,Web designer,1983-06-13,42.924265,-123.265198,0,97417,CUST004464,42,41-60,Platinum,49441.0,44331.31,9.51,7.83,2,4,673,52,58,POS,ATM,OTP,Yes,Yes,No,Yes,13,Sunday,True,0.0,0,Low Risk
2019-01-06 23:05:52,Bode-Schuster,kids_pets,10.01,M,Tallmansville,WV,38.8564,-80.158,571,Accounting technician,1967-09-16,38.139374,-79.830965,0,24484,CUST003104,58,41-60,Platinum,50051.0,17661.4,7.92,7.88,4,3,1250,64,84,ATM,Mobile,OTP,No,Yes,No,Yes,23,Sunday,True,0.0,0,Low Risk
2019-01-06 01:41:01,Dicki Ltd,grocery_net,80.07,F,Walnut Ridge,AR,36.0244,-90.9288,7155,"Engineer, control and instrumentation",1977-03-23,35.840459,-90.635397,0,72405,CUST002920,48,41-60,Standard,6435.0,1692.17,59.42,62.01,11,2,270,76,67,WEB,ATM,OTP,Yes,No,No,No,1,Sunday,True,0.0,0,Low Risk
2019-01-11 00:57:57,"Schultz, Simonis and Little",grocery_pos,106.11,M,Purmela,TX,31.4841,-97.9903,258,Web designer,1943-12-15,30.908112,-98.434913,0,78672,CUST009523,82,60+,Gold,15953.0,13248.57,98.53,107.96,4,1,1383,66,34,WEB,POS,Biometric,No,Yes,No,No,0,Friday,False,0.0,0,Low Risk
2019-01-14 20:59:09,"Kling, Howe and Schneider",home,131.2,M,Edinburg,VA,38.8432,-78.6003,6018,"Designer, multimedia",1947-08-21,39.491195,-78.357491,0,25434,CUST000981,78,60+,Gold,15504.0,13040.46,79.04,138.33,3,2,744,25,38,WEB,ATM,Biometric,Yes,No,No,Yes,20,Monday,False,0.0,0,Low Risk
2019-01-11 21:20:52,"Weber, Thiel and Hammes",kids_pets,29.42,F,Rule,TX,33.0771,-99.959,932,"Physicist, medical",1954-12-10,34.032225,-98.982998,0,76360,CUST007035,71,60+,Standard,5807.0,3629.14,24.39,30.63,8,4,1110,57,86,WEB,ATM,OTP,Yes,Yes,No,No,21,Friday,False,0.0,0,Low Risk
2019-01-01 20:56:26,O'Hara-Wilderman,food_dining,95.51,M,Clarinda,IA,40.7491,-95.038,7297,IT trainer,1990-07-13,40.810575,-96.015225,0,68413,CUST002466,35,26-40,Gold,17112.0,9902.77,64.28,76.91,9,4,480,75,57,POS,ATM,OTP,No,No,No,No,20,Tuesday,False,0.0,0,Low Risk
2019-01-08 01:27:59,Stracke-Lemke,grocery_pos,60.58,F,Phoenix,AZ,33.8155,-112.1202,1312922,Counselling psychologist,1999-11-30,34.310002,-112.36291,0,45777,CUST002239,26,26-40,Standard,4232.0,2837.05,36.06,40.11,6,1,1274,6,27,MOBILE,ATM,Biometric,Yes,Yes,No,No,1,Tuesday,False,0.0,0,Low Risk
2019-01-13 01:33:01,Kling-Ernser,entertainment,12.55,M,Sea Island,GA,31.1989,-81.3322,298,"Engineer, structural",1963-04-22,30.581351,-82.171412,0,45777,CUST009444,62,60+,Standard,5120.0,1839.25,11.71,8.41,7,1,1384,51,21,MOBILE,ATM,Biometric,Yes,Yes,No,No,1,Sunday,True,0.0,0,Low Risk
2019-01-02 12:29:44,Bode-Schuster,kids_pets,101.96,F,Grand Ridge,FL,30.7148,-85.021,3699,Art gallery manager,1948-09-07,31.651669,-84.7255859999999,0,39846,CUST007275,77,60+,Standard,6645.0,2485.38,64.85,60.16,3,4,1274,32,72,MOBILE,POS,OTP,Yes,Yes,No,No,12,Wednesday,False,0.0,0,Low Risk
2019-01-13 08:06:25,Schmitt Inc,gas_transport,66.12,M,Bristow,IN,38.1981,-86.6821,965,Horticultural therapist,1982-02-10,38.154704,-86.372976,0,47137,CUST003917,43,41-60,Standard,6285.0,3698.45,49.9,60.96,9,0,1246,68,76,ATM,ATM,Biometric,Yes,Yes,No,No,8,Sunday,True,0.0,0,Low Risk
2019-01-13 18:25:48,O'Connell-Ullrich,home,78.09,F,Oolitic,IN,38.8938,-86.5246,1228,Counsellor,1991-03-13,39.232226,-87.07184,0,47841,CUST010307,34,26-40,Gold,7367.5,14206.43,36.06,70.98,1,1,1182,9,32,MOBILE,ATM,OTP,Yes,Yes,No,No,18,Sunday,True,0.0,0,Low Risk
2019-01-14 11:42:48,"Lockman, West and Runte",grocery_pos,106.04,M,Belfast,NY,42.32,-78.0943,1766,Mechanical engineer,1962-06-04,43.272183,-77.269376,0,14519,CUST004735,63,60+,Gold,16562.0,11528.79,82.56,110.95,3,4,294,51,67,ATM,ATM,PIN,Yes,Yes,No,No,11,Monday,False,0.0,0,Low Risk
2019-01-08 16:15:01,"Hyatt, Russel and Gleichner",health_fitness,12.03,F,Hudson,KS,38.1485,-98.6408,215,Probation officer,1968-11-22,38.624397,-99.007642,0,67565,CUST003081,57,41-60,Standard,7754.0,3297.74,10.75,13.89,3,4,307,1,29,WEB,Mobile,PIN,Yes,No,No,No,16,Tuesday,False,0.0,0,Low Risk
2019-01-07 17:12:11,Wilkinson LLC,personal_care,73.27,M,Williams,IN,38.7735,-86.6285,1735,Financial adviser,1990-06-13,39.146724,-85.8643479999999,0,47232,CUST009323,35,26-40,Standard,5246.0,2556.23,67.09,68.03,11,0,1154,74,67,POS,Mobile,Biometric,Yes,No,No,Yes,17,Monday,False,0.0,0,Low Risk
2019-01-15 17:08:59,Zulauf LLC,personal_care,14.78,F,Sherman,TX,33.6372,-96.6184,46563,Systems developer,1970-09-11,32.704433,-97.304424,0,76104,CUST007925,55,41-60,Standard,6155.0,4712.05,11.83,16.67,2,3,1153,55,100,WEB,ATM,PIN,Yes,Yes,No,No,17,Tuesday,False,0.0,0,Low Risk
2019-01-16 22:47:06,Reilly LLC,home,4.69,M,Mooresville,NC,35.584,-80.8685,69793,Control and instrumentation engineer,1953-12-08,35.334337,-80.4865449999999,0,28124,CUST000010,72,60+,Standard,5783.0,4726.09,3.68,4.54,9,3,395,13,84,ATM,Online,PIN,Yes,Yes,No,No,22,Wednesday,False,0.0,0,Low Risk
2019-01-13 02:34:00,Runolfsson and Sons,grocery_net,77.05,M,New Holstein,WI,43.9446,-88.0911,5196,Child psychotherapist,1978-01-22,43.541212,-87.972884,0,53075,CUST002085,47,41-60,Standard,7300.0,3222.81,50.2,62.37,8,2,736,30,63,WEB,POS,OTP,Yes,No,No,No,2,Sunday,True,0.0,0,Low Risk
2019-01-08 16:12:47,"Stanton, Jakubowski and Baumbach",shopping_net,3.52,F,Hinesburg,VT,44.3346,-73.098,4542,Claims inspector/assessor,1998-03-19,43.655483,-74.020873,0,12853,CUST010438,27,26-40,Standard,5830.0,5165.1,2.65,1.8,10,2,238,24,5,ATM,Online,Biometric,Yes,Yes,No,No,16,Tuesday,False,0.0,0,Low Risk
2019-01-10 21:54:26,Larson-Moen,entertainment,25.54,M,Fayetteville,NC,35.0583,-79.008,238602,"Scientist, research (maths)",1993-05-14,36.003246,-79.391274,0,27253,CUST009109,32,26-40,Gold,15591.0,5087.29,22.49,24.03,11,2,855,86,89,ATM,Online,OTP,Yes,Yes,No,No,21,Thursday,False,0.0,0,Low Risk
2019-01-08 03:35:47,Rowe-Vandervort,grocery_net,56.16,M,Bessemer,AL,33.3224,-86.9657,71463,Radio broadcast assistant,1989-02-08,34.224571,-87.674001,0,35543,CUST000714,36,26-40,Standard,4980.0,2349.85,37.3,58.73,1,3,583,18,5,POS,Online,PIN,Yes,No,No,No,3,Tuesday,False,0.0,0,Low Risk
2019-01-12 07:35:18,McDermott-Weimann,grocery_pos,303.58,M,Oak Hill,NY,42.4069,-74.1528,277,Glass blower/designer,1971-12-12,43.245743,-73.835641,1,12822,CUST008081,54,41-60,Standard,5570.0,2243.68,247.13,286.86,3,3,1210,15,53,ATM,POS,OTP,Yes,Yes,No,No,7,Saturday,True,0.32,1,Medium Risk
2019-01-04 12:34:03,Upton PLC,entertainment,36.95,F,East Andover,ME,44.6084,-70.6993,190,Animal nutritionist,1970-04-17,43.808253,-70.728106,0,4091,CUST010954,55,41-60,Standard,4667.0,3620.3,23.61,41.65,7,0,304,92,67,POS,POS,PIN,No,Yes,No,No,12,Friday,False,0.0,0,Low Risk
2019-01-15 00:44:27,Mraz-Herzog,gas_transport,64.92,M,Fairview,NJ,40.817,-74.0,13835,"Programmer, multimedia",1967-05-28,41.5293,-74.125858,0,12586,CUST006761,58,41-60,Standard,7043.0,4401.66,57.89,76.74,7,4,1025,82,21,WEB,ATM,OTP,Yes,Yes,Yes,No,0,Tuesday,False,0.01,0,Low Risk
2019-01-10 05:52:04,"Tillman, Dickinson and Labadie",gas_transport,84.03,M,Port Costa,CA,38.046,-122.1866,198,Armed forces training and education officer,1959-03-31,37.898488,-122.404917,0,94920,CUST005762,66,60+,Gold,14148.0,6101.61,56.67,59.34,4,4,993,71,87,POS,Online,Biometric,Yes,Yes,Yes,No,5,Thursday,False,0.0,0,Low Risk
2019-01-15 03:01:38,Volkman Ltd,misc_net,7.34,F,Montrose,NY,41.2496,-73.9446,3487,Race relations officer,1960-01-13,40.66943,-74.529175,0,7939,CUST006661,65,60+,Standard,6945.0,5736.85,6.97,5.81,11,4,863,15,76,MOBILE,ATM,OTP,Yes,Yes,Yes,No,3,Tuesday,False,0.0,0,Low Risk
2019-01-08 09:48:23,Gutmann Ltd,grocery_net,70.94,F,Knoxville,TN,35.9335,-84.1481,391389,"Designer, industrial/product",1994-04-22,36.609554,-83.397003,0,24248,CUST007162,31,26-40,Standard,6867.0,5379.35,66.67,54.88,5,4,390,24,89,WEB,Online,PIN,Yes,Yes,No,No,9,Tuesday,False,0.0,0,Low Risk
2019-01-07 18:36:09,Lynch-Wisozk,home,42.34,M,Cass,WV,38.388,-79.9906,365,Special effects artist,1970-03-14,38.240675,-80.971068,0,26678,CUST001356,55,41-60,Standard,6975.0,1578.67,30.24,42.45,11,4,592,95,29,MOBILE,POS,Biometric,Yes,Yes,No,No,18,Monday,False,0.0,0,Low Risk
2019-01-06 09:01:00,Kilback LLC,grocery_pos,88.85,F,Gadsden,AL,34.048,-85.9246,67082,Physiological scientist,1963-02-09,34.254297,-86.065491,0,35962,CUST008591,62,60+,Standard,5833.0,5077.27,81.39,51.42,9,0,887,27,58,POS,ATM,OTP,Yes,Yes,No,No,9,Sunday,True,0.0,0,Low Risk
2019-01-14 11:16:22,Bashirian Group,shopping_net,6.13,F,Stirling,NJ,40.6774,-74.4968,2307,Science writer,1969-09-11,40.889853,-75.324543,0,18353,CUST003246,56,41-60,Standard,6034.0,4678.47,4.93,5.32,11,2,279,67,11,POS,POS,PIN,Yes,No,No,Yes,11,Monday,False,0.02,0,Low Risk
2019-01-07 13:14:29,Reilly LLC,home,16.67,F,Wilton,ND,47.1709,-100.7944,1190,"Designer, ceramics/pottery",1948-06-30,47.08449,-101.086378,0,45777,CUST004250,77,60+,Standard,5587.0,1635.31,11.69,37.755,11,3,4,93,9,ATM,POS,PIN,Yes,Yes,No,No,13,Monday,False,0.0,0,Low Risk
2019-01-05 03:52:20,"Lind, Huel and McClure",gas_transport,67.15,F,Camden,NY,43.3392,-75.7543,6460,Building control surveyor,1959-09-27,43.996768,-76.572681,0,45777,CUST006139,66,60+,Platinum,51378.0,24585.54,62.88,64.44,11,0,121,95,16,POS,Online,Biometric,Yes,Yes,No,No,3,Saturday,True,0.01,0,Low Risk
2019-01-01 15:12:45,Beier-Hyatt,shopping_pos,7.11,M,Clarinda,IA,40.7491,-95.038,7297,IT trainer,1990-07-13,40.800574,-96.012164,0,68413,CUST003695,35,26-40,Standard,5249.0,2033.61,5.21,7.56,8,1,368,12,21,MOBILE,ATM,OTP,Yes,No,No,No,15,Tuesday,False,0.0,0,Low Risk
2019-01-07 18:51:24,"Ruecker, Beer and Collier",shopping_net,9.95,F,Phoenix,AZ,33.8155,-112.1202,1312922,Counselling psychologist,1999-11-30,34.705056,-112.789487,0,86305,CUST006736,26,26-40,Platinum,49855.0,18983.53,7.75,10.73,3,4,750,16,73,MOBILE,Mobile,PIN,Yes,Yes,No,No,18,Monday,False,0.01,0,Low Risk
2019-01-13 11:42:59,Brekke and Sons,gas_transport,81.99,M,New Holstein,WI,43.9446,-88.0911,5196,Child psychotherapist,1978-01-22,43.081166,-88.426305,0,53058,CUST005226,47,41-60,Platinum,51548.0,13841.66,65.34,74.94,5,4,944,88,88,WEB,POS,Biometric,Yes,No,No,No,11,Sunday,True,0.0,0,Low Risk
2019-01-02 16:06:47,"Hagenes, Hermann and Stroman",travel,35.62,M,Chester Heights,PA,39.8839,-75.4669,348,Management consultant,1945-05-05,39.021893,-75.949803,0,21657,CUST000097,80,60+,Platinum,52516.0,21027.97,25.78,35.63,6,3,1135,17,43,MOBILE,Online,OTP,Yes,Yes,No,No,16,Wednesday,False,0.0,0,Low Risk
2019-01-13 03:08:54,"Casper, Hand and Zulauf",grocery_pos,152.69,F,Garrattsville,NY,42.6315,-75.1866,165,Naval architect,1945-09-20,42.182744,-76.154285,0,13811,CUST006488,80,60+,Standard,4827.0,3487.29,124.69,37.755,10,2,1169,76,33,POS,Online,Biometric,Yes,Yes,No,No,3,Sunday,True,0.0,0,Low Risk
2019-01-15 01:11:08,Thiel PLC,misc_pos,27.76,M,Christine,ND,46.5522,-96.7909,291,Television floor manager,1991-05-01,46.847966,-96.628876,0,56547,CUST010805,34,26-40,Gold,16082.0,4482.125,21.01,24.87,5,1,92,70,45,POS,Mobile,OTP,Yes,No,No,No,1,Tuesday,False,0.0,0,Low Risk
2019-01-10 00:45:04,"Zieme, Bode and Dooley",gas_transport,67.32,F,Wheaton,MO,36.7651,-94.0492,760,Production manager,1985-08-31,37.165522,-93.688175,0,65712,CUST002241,40,26-40,Standard,4575.0,3628.36,62.21,52.59,9,2,1333,14,86,ATM,Online,PIN,Yes,Yes,No,No,0,Thursday,False,0.01,0,Low Risk
2019-01-04 16:30:12,Jaskolski-Vandervort,misc_net,3.41,F,Alpharetta,GA,34.077,-84.3033,165556,Prison officer,1997-12-27,33.875689,-85.019905,0,30157,CUST008964,28,26-40,Standard,6977.0,4449.65,2.16,1.75,9,4,92,10,68,ATM,Online,PIN,Yes,Yes,No,No,16,Friday,False,0.0,0,Low Risk
2019-01-16 04:03:53,Strosin-Cruickshank,grocery_pos,42.66,M,Woodville,AL,34.6689,-86.2296,3395,"Editor, commissioning",1979-01-21,34.8544,-85.521442,0,30752,CUST003089,46,41-60,Standard,6183.0,2151.27,28.71,34.05,8,0,236,79,87,ATM,POS,Biometric,Yes,Yes,No,No,4,Wednesday,False,0.0,0,Low Risk
2019-01-06 17:29:34,"Schoen, Nienow and Bauch",personal_care,72.46,M,Collegeville,MN,45.5783,-94.4199,1536,Farm manager,1981-02-18,46.216677,-94.804026,0,56440,CUST004825,44,41-60,Standard,6592.0,4096.04,63.67,54.67,2,4,1317,7,90,WEB,POS,Biometric,Yes,No,No,No,17,Sunday,True,0.0,0,Low Risk
2019-01-11 12:27:14,"Hyatt, Russel and Gleichner",health_fitness,68.13,F,Des Moines,IA,41.5855,-93.6719,222785,Wellsite geologist,1956-01-24,41.941714,-94.633287,0,50058,CUST001391,69,60+,Gold,15072.0,7441.13,55.05,54.6,8,2,1095,70,72,WEB,POS,OTP,Yes,No,No,No,12,Friday,False,0.0,0,Low Risk
2019-01-03 17:20:43,McKenzie-Huels,food_dining,86.47,F,Cromona,KY,37.1788,-82.695,502,Chief Financial Officer,1960-02-01,37.054831,-83.483552,0,40827,CUST002175,65,60+,Standard,7323.0,2568.32,76.14,61.23,10,4,1346,2,4,MOBILE,ATM,OTP,Yes,Yes,No,No,17,Thursday,False,0.0,0,Low Risk
2019-01-07 18:16:20,Harris Group,food_dining,5.58,M,Southfield,MI,42.4969,-83.2911,75830,"Engineer, automotive",1974-12-28,43.363157,-83.421244,0,48744,CUST005175,51,41-60,Platinum,50927.0,10947.63,4.66,5.26,10,1,1009,23,57,MOBILE,POS,Biometric,Yes,No,No,No,18,Monday,False,0.0,0,Low Risk
2019-01-01 21:34:41,Erdman-Durgan,health_fitness,113.84,M,Tekoa,WA,47.2271,-117.0819,895,Clothing/textile technologist,1999-05-31,46.261711,-117.08525,0,99402,CUST008311,26,26-40,Standard,4581.0,1904.19,89.09,58.12,2,2,312,87,18,POS,Online,Biometric,Yes,Yes,No,No,21,Tuesday,False,0.0,0,Low Risk
2019-01-12 07:30:47,Cummerata-Jones,gas_transport,29.32,F,North Prairie,WI,42.9385,-88.395,2328,Applications developer,1942-01-06,42.471211,-88.879772,0,61011,CUST010753,83,60+,Standard,7367.5,3581.57,24.0,29.67,5,1,781,70,64,POS,ATM,PIN,Yes,Yes,No,No,7,Saturday,True,0.0,0,Low Risk
2019-01-11 18:01:16,"Schneider, Hayes and Nikolaus",food_dining,73.74,F,Clarksville,TN,36.522,-87.3489999999999,151785,Pathologist,1974-03-28,36.309452,-88.003265,0,37175,CUST000825,51,41-60,Standard,5892.0,2630.77,59.05,61.8,8,0,517,42,95,WEB,Online,Biometric,Yes,Yes,No,No,18,Friday,False,0.0,0,Low Risk
2019-01-17 00:22:17,Rempel Inc,shopping_net,199.13,M,Corriganville,MD,39.6967,-78.8031,626,Energy engineer,1960-12-13,40.362519,-78.1970939999999,0,16638,CUST001725,65,60+,Gold,15613.0,13594.04,178.55,37.755,3,0,895,58,25,POS,ATM,OTP,No,No,No,No,0,Thursday,False,0.01,0,Low Risk
2019-01-01 02:59:07,"Reichert, Shanahan and Hayes",shopping_net,2.74,M,Afton,MI,45.3637,-84.4695,937,Technical brewer,1958-04-06,44.750465,-84.026088,0,48621,CUST008120,67,60+,Gold,15321.0,13232.81,2.22,1.42,5,1,1257,22,46,WEB,POS,OTP,Yes,Yes,No,No,2,Tuesday,False,0.0,0,Low Risk
2019-01-13 20:52:50,Jakubowski Inc,home,13.24,F,Utica,MO,39.7417,-93.6289,271,Land/geomatics surveyor,1972-04-18,39.111093,-94.191476,0,64016,CUST009247,53,41-60,Standard,7367.5,3381.14,8.83,13.9,5,3,970,11,94,WEB,Mobile,Biometric,No,Yes,No,Yes,20,Sunday,True,0.0,0,Low Risk
2019-01-05 16:28:32,Fritsch LLC,travel,3.35,F,Stayton,OR,44.8021,-122.7624,9587,"Engineer, biomedical",1968-03-24,45.020872,-123.32175,0,97371,CUST009649,57,41-60,Standard,4242.0,2897.5,36.06,1.79,7,4,95,41,97,POS,POS,PIN,Yes,Yes,No,Yes,16,Saturday,True,0.0,0,Low Risk
2019-01-10 00:25:38,Cole PLC,grocery_pos,147.7,F,Esbon,KS,39.7562,-98.4462,242,Tourism officer,1987-07-18,39.167757,-98.4141,0,67452,CUST003807,38,26-40,Gold,17817.0,14132.66,115.9,37.755,5,4,1275,94,88,ATM,Online,Biometric,Yes,Yes,No,No,0,Thursday,False,0.0,0,Low Risk
2019-01-18 18:28:44,Botsford and Sons,home,10.89,F,Tomahawk,WI,45.4963,-89.7273,9594,Seismic interpreter,1997-11-23,46.086364,-90.216532,0,54547,CUST001592,28,26-40,Standard,7777.0,4482.125,36.06,8.03,8,3,1242,24,72,MOBILE,POS,OTP,No,Yes,No,No,18,Friday,False,0.0,0,Low Risk
2019-01-13 13:20:11,Veum-Koelpin,travel,1.64,F,Umatilla,FL,28.9254,-81.6801,11432,Private music teacher,1986-03-31,29.924768,-82.395124,0,32622,CUST009306,39,26-40,Gold,17433.0,11352.94,1.26,1.37,2,3,290,8,63,ATM,Mobile,Biometric,Yes,Yes,No,No,13,Sunday,True,0.0,0,Low Risk
2019-01-11 16:01:17,Gerhold LLC,home,11.83,F,Washington Court House,OH,39.537,-83.455,22305,Television floor manager,1939-03-09,38.722475,-83.124444,0,45663,CUST007996,86,60+,Standard,6943.0,4966.49,10.65,12.51,3,3,677,7,24,ATM,POS,PIN,Yes,Yes,No,No,16,Friday,False,0.0,0,Low Risk
2019-01-11 16:08:00,Morissette PLC,shopping_pos,5.7,F,Bradley,SC,34.0326,-82.2027,1523,Research scientist (physical sciences),1984-06-03,34.020669,-81.404692,0,29054,CUST002006,41,41-60,Gold,14438.0,5950.03,5.13,3.25,6,2,538,49,2,ATM,Mobile,PIN,Yes,No,No,No,16,Friday,False,0.0,0,Low Risk
2019-01-05 16:25:11,Heller PLC,health_fitness,62.41,F,Dell City,TX,31.924,-105.2099,579,Hydrogeologist,1945-11-26,32.256079,-105.798976,0,45777,CUST009001,80,60+,Standard,5487.0,4374.33,40.82,36.79,5,1,144,27,25,POS,ATM,OTP,Yes,Yes,No,No,16,Saturday,True,0.0,0,Low Risk
2019-01-02 10:07:48,"Towne, Walker and Borer",grocery_net,32.35,M,Huntsville,AL,34.7789,-86.5438,190178,Television production assistant,1973-04-01,33.943634,-86.560731,0,35049,CUST008388,52,41-60,Gold,17449.0,9757.31,20.77,33.69,11,4,569,68,57,POS,Online,Biometric,Yes,Yes,No,No,10,Wednesday,False,0.0,0,Low Risk
2019-01-06 05:23:48,Barton Inc,grocery_pos,209.38,F,Munith,MI,42.3703,-84.2485,2523,Geophysicist/field seismologist,1988-03-21,42.319722,-83.698727,0,48105,CUST008535,37,26-40,Standard,4057.0,3174.01,184.23,165.85,7,1,1187,99,39,ATM,Mobile,OTP,Yes,No,No,No,5,Sunday,True,0.02,0,Low Risk
2019-01-17 02:40:15,Harber Inc,gas_transport,68.12,M,Elizabeth,NJ,40.6747,-74.2239,124967,Operational researcher,1980-12-21,40.824951,-73.461177,0,11797,CUST005903,45,41-60,Standard,5658.0,3434.53,49.21,47.91,6,3,1433,69,85,POS,Mobile,Biometric,Yes,Yes,No,Yes,2,Thursday,False,0.0,0,Low Risk
2019-01-04 17:20:00,"Swaniawski, Nitzsche and Welch",health_fitness,58.41,F,Redford,MO,37.3272,-91.0243,241,Investment analyst,1974-10-27,37.201183,-91.379688,0,65466,CUST003530,51,41-60,Standard,5795.0,2000.57,35.98,58.13,2,3,192,90,49,ATM,ATM,Biometric,Yes,No,No,No,17,Friday,False,0.0,0,Low Risk
2019-01-17 09:58:51,"Armstrong, Walter and Gottlieb",food_dining,88.86,M,Edinburg,VA,38.8432,-78.6003,6018,"Designer, multimedia",1947-08-21,39.560073,-78.60723,0,21555,CUST001603,78,60+,Standard,7305.0,4331.63,58.25,54.61,3,2,1037,73,51,MOBILE,POS,Biometric,Yes,Yes,No,No,9,Thursday,False,0.0,0,Low Risk
2019-01-05 01:12:12,Ortiz Group,grocery_net,76.15,F,Queenstown,MD,39.0026,-76.1424,3862,Maintenance engineer,1962-12-06,39.728728,-76.6381069999999,0,17349,CUST008594,63,60+,Gold,16847.0,4451.54,50.78,40.41,1,0,230,94,92,WEB,ATM,Biometric,Yes,Yes,No,No,1,Saturday,True,0.0,0,Low Risk
2019-01-08 23:29:56,Powlowski-Weimann,food_dining,35.17,M,Espanola,NM,35.9866,-106.0654,18408,Historic buildings inspector/conservation officer,1972-07-18,36.514032,-105.581212,0,87529,CUST009033,53,41-60,Standard,4280.0,3545.08,30.07,24.56,3,1,796,1,97,MOBILE,Mobile,Biometric,Yes,No,No,Yes,23,Tuesday,False,0.0,0,Low Risk
2019-01-11 10:07:56,Kuvalis Ltd,gas_transport,86.86,M,Brinson,GA,30.9788,-84.7373,1461,"Engineer, broadcasting (operations)",1935-09-08,30.063741,-85.348652,0,45777,CUST000148,90,60+,Standard,4600.0,969.11,59.65,45.83,11,2,986,12,82,WEB,Online,Biometric,No,Yes,No,No,10,Friday,False,0.0,0,Low Risk
2019-01-08 12:37:07,"Terry, Johns and Bins",misc_pos,55.56,F,Centerview,MO,38.7897,-93.8702,2368,Electronics engineer,1989-07-17,39.166664,-93.864909,0,64067,CUST004507,36,26-40,Standard,4436.0,3039.57,39.38,45.43,3,4,81,8,84,ATM,Mobile,PIN,Yes,Yes,No,No,12,Tuesday,False,0.0,0,Low Risk
2019-01-09 23:03:34,"Reinger, Weissnat and Strosin",food_dining,110.19,F,De Soto,KS,38.9462,-94.9714,5760,Chief Executive Officer,1978-10-01,38.923295,-94.827429,0,66220,CUST010640,47,41-60,Platinum,52961.0,43667.75,89.44,105.08,3,1,1388,62,96,ATM,Mobile,PIN,Yes,Yes,No,No,23,Wednesday,False,0.01,0,Low Risk
2019-01-01 20:13:51,Veum-Koelpin,travel,9.04,M,Fayetteville,NC,35.0583,-79.008,238602,"Scientist, research (maths)",1993-05-14,34.831658,-79.462439,0,28351,CUST002517,32,26-40,Gold,17935.0,15804.26,6.06,4.99,3,3,282,62,25,POS,Mobile,Biometric,Yes,Yes,No,No,20,Tuesday,False,0.0,0,Low Risk
2019-01-01 15:25:28,Kilback LLC,food_dining,22.83,F,North Prairie,WI,42.9385,-88.395,2328,Applications developer,1942-01-06,42.313973,-88.883879,0,61065,CUST007120,83,60+,Platinum,52937.0,43932.67,17.1,17.58,10,3,1067,28,92,ATM,Mobile,PIN,Yes,No,No,No,15,Tuesday,False,0.0,0,Low Risk
2019-01-03 06:20:38,Roob LLC,grocery_net,23.22,M,Key West,FL,24.6557,-81.3824,32891,Town planner,1987-02-13,24.748789,-80.857665,0,45777,CUST000006,38,26-40,Standard,4523.0,2858.94,14.2,23.19,7,1,844,42,28,MOBILE,ATM,OTP,No,Yes,Yes,Yes,6,Thursday,False,0.0,0,Low Risk
2019-01-01 13:38:14,"Hettinger, McCullough and Fay",home,20.86,M,Huntsville,AL,34.7789,-86.5438,190178,Television production assistant,1973-04-01,35.446121,-86.300781,0,37360,CUST004318,52,41-60,Standard,5427.0,1967.11,16.2,20.73,3,4,911,17,89,MOBILE,Mobile,Biometric,Yes,Yes,No,No,13,Tuesday,False,0.0,0,Low Risk
2019-01-02 18:48:56,Ankunding-Carroll,travel,7.19,F,Lakeport,CA,39.047,-122.9328,11256,Podiatrist,1972-10-18,39.763166,-121.942221,0,95926,CUST008160,53,41-60,Standard,5503.0,4463.85,4.32,5.94,4,1,463,94,45,ATM,Mobile,PIN,Yes,Yes,No,Yes,18,Wednesday,False,0.01,0,Low Risk
2019-01-15 23:19:19,"Wintheiser, Dietrich and Schimmel",misc_pos,1.59,F,Jordanville,NY,42.8948,-74.8209,824,Travel agency manager,1985-09-01,43.499711,-74.5232209999999,0,12139,CUST001416,40,26-40,Gold,14330.0,4573.11,1.38,1.48,5,0,629,81,79,ATM,ATM,OTP,Yes,No,No,No,23,Tuesday,False,0.0,0,Low Risk
2019-01-06 05:56:03,Kilback and Sons,entertainment,8.37,M,Fairview,NJ,40.817,-74.0,13835,"Programmer, multimedia",1967-05-28,41.203145,-74.616979,0,7461,CUST010412,58,41-60,Gold,14964.0,3715.13,6.64,4.91,4,4,485,46,97,ATM,Mobile,Biometric,Yes,Yes,No,No,5,Sunday,True,0.0,0,Low Risk
2019-01-08 20:33:51,Reichert-Weissnat,travel,7.99,F,Humboldt,AZ,34.5189,-112.2523,1179,"Civil engineer, contracting",1955-01-20,33.52806,-111.732944,0,85256,CUST003565,70,60+,Standard,5453.0,2606.67,4.81,8.17,4,3,888,97,4,MOBILE,Online,PIN,Yes,Yes,No,No,20,Tuesday,False,0.0,0,Low Risk
2019-01-14 18:40:04,Botsford PLC,home,83.82,M,Watertown,MN,44.9595,-93.8482,5619,Licensed conveyancer,1959-01-15,45.426789,-93.121404,0,55005,CUST004837,66,60+,Gold,16914.0,7717.09,56.87,50.53,8,4,1411,71,51,ATM,Mobile,OTP,Yes,Yes,No,No,18,Monday,False,0.0,0,Low Risk
2019-01-15 02:36:41,Schumm PLC,shopping_net,8.53,M,Tallmansville,WV,38.8564,-80.158,571,Accounting technician,1967-09-16,39.810487,-80.738591,0,26039,CUST008261,58,41-60,Standard,6113.0,3210.58,36.06,4.37,2,2,270,12,70,MOBILE,ATM,PIN,Yes,Yes,No,Yes,2,Tuesday,False,0.0,0,Low Risk
2019-01-02 03:38:03,Erdman-Kertzmann,gas_transport,7.03,M,Collettsville,NC,35.9946,-81.7266,885,Soil scientist,1988-09-15,35.909292,-82.09101,1,28777,CUST005327,37,26-40,Gold,17089.0,5291.25,5.65,3.54,4,0,1323,93,43,POS,Mobile,OTP,Yes,Yes,No,No,3,Wednesday,False,0.13,0,Low Risk
2019-01-14 20:17:00,Streich Ltd,home,41.96,M,Glade Spring,VA,36.7779,-81.7676,5657,Clinical psychologist,1987-04-29,35.965817,-81.8777959999999,0,28657,CUST005328,38,26-40,Standard,4425.0,2804.08,26.09,37.61,8,2,1067,24,55,ATM,Mobile,OTP,Yes,Yes,No,No,20,Monday,False,0.0,0,Low Risk
2019-01-17 13:39:43,Gleason and Sons,kids_pets,87.61,F,Moundsville,WV,39.9148,-80.731,16183,Physiotherapist,1977-08-12,38.998012,-80.79292,0,26342,CUST010633,48,41-60,Standard,4347.0,1681.84,77.46,69.76,3,3,350,68,85,ATM,POS,Biometric,No,Yes,No,No,13,Thursday,False,0.0,0,Low Risk
2019-01-17 15:23:33,Fritsch and Sons,health_fitness,4.82,F,Dunlevy,PA,40.1151,-79.8627,427,Mining engineer,1951-02-05,40.944713,-78.925471,0,15767,CUST005430,74,60+,Standard,6091.0,4233.06,3.49,3.5,2,0,608,25,10,POS,ATM,Biometric,Yes,Yes,No,No,15,Thursday,False,0.0,0,Low Risk
2019-01-17 02:55:39,Kiehn-Emmerich,grocery_pos,324.1,M,Mc Veytown,PA,40.5046,-77.7186,4653,Nutritional therapist,1997-07-01,41.324103,-78.178886,1,15832,CUST001483,28,26-40,Standard,4847.0,4267.06,260.38,235.79,5,0,148,47,66,POS,Mobile,OTP,Yes,Yes,No,No,2,Thursday,False,0.48,1,Medium Risk
2019-01-10 17:05:16,Harris Group,food_dining,63.69,M,Bronx,NY,40.8798,-73.9067,1382480,"Therapist, drama",1990-11-09,41.156074,-73.123136,0,6615,CUST009002,35,26-40,Platinum,50446.0,33683.52,48.75,49.83,11,1,576,11,15,ATM,POS,Biometric,Yes,Yes,No,No,17,Thursday,False,0.0,0,Low Risk
2019-01-14 19:47:57,Waelchi-Wolf,kids_pets,1.07,M,Arlington,VA,38.8954,-77.1633,207410,Mudlogger,1984-07-03,38.372719,-76.229366,0,21634,CUST005681,41,41-60,Standard,5543.0,1199.48,0.78,0.96,9,0,1062,5,21,WEB,ATM,OTP,Yes,Yes,No,No,19,Monday,False,0.01,0,Low Risk
2019-01-13 14:46:53,"Baumbach, Strosin and Nicolas",shopping_pos,5.81,F,Lakeport,CA,39.047,-122.9328,11256,Podiatrist,1972-10-18,39.123325,-122.018219,0,95912,CUST000795,53,41-60,Standard,6950.0,2553.06,4.03,4.01,1,2,746,91,51,MOBILE,Mobile,Biometric,Yes,Yes,No,No,14,Sunday,True,0.0,0,Low Risk
2019-01-06 21:28:15,Cartwright PLC,kids_pets,47.08,F,Adams,WI,43.8967,-89.8219,3508,Sport and exercise psychologist,1946-08-11,43.772557,-89.3919459999999,0,53949,CUST006444,79,60+,Standard,7210.0,6027.29,38.5,35.13,8,3,899,21,61,POS,Online,Biometric,Yes,No,No,No,21,Sunday,True,0.0,0,Low Risk
2019-01-07 19:27:30,Hamill-D'Amore,health_fitness,12.28,F,De Soto,KS,38.9462,-94.9714,5760,Chief Executive Officer,1978-10-01,39.284716,-95.889307,0,66418,CUST005513,47,41-60,Gold,16017.0,13400.34,9.03,10.4,2,0,570,73,48,POS,Online,Biometric,Yes,Yes,No,No,19,Monday,False,0.0,0,Low Risk
2019-01-12 14:39:12,Brown Inc,kids_pets,56.71,M,Valentine,NE,42.8062,-100.6215,4005,Network engineer,1945-03-15,43.291233,-100.111819,0,57584,CUST006559,80,60+,Standard,7735.0,6384.72,36.06,43.37,4,3,615,71,25,ATM,ATM,Biometric,Yes,No,No,No,14,Saturday,True,0.0,0,Low Risk
2019-01-18 05:03:41,Rodriguez Group,gas_transport,56.11,M,Humble,TX,30.0041,-95.2825,194500,Tax adviser,1990-12-18,29.071818,-94.417766,0,45777,CUST005804,35,26-40,Gold,17719.0,9523.17,50.33,28.9,11,4,223,53,53,WEB,POS,Biometric,Yes,No,No,No,5,Friday,False,0.0,0,Low Risk
2019-01-02 20:30:57,Fritsch and Sons,health_fitness,35.48,F,Hedrick,IA,41.1826,-92.3097,1583,Geochemist,1999-06-28,40.441132,-92.166185,0,63555,CUST004365,26,26-40,Standard,7941.0,4816.4,31.03,37.69,3,3,204,2,69,POS,Online,Biometric,Yes,Yes,No,No,20,Wednesday,False,0.0,0,Low Risk
2019-01-07 23:49:59,"Kihn, Brakus and Goyette",personal_care,124.72,F,Arcadia,SC,34.9572,-81.9916,530,Animal technologist,1989-05-14,34.963294,-81.846538,0,29307,CUST008688,36,26-40,Standard,6630.0,4814.2,85.16,65.96,4,4,809,34,95,WEB,Mobile,OTP,Yes,No,No,No,23,Monday,False,0.0,0,Low Risk
2019-01-01 22:50:01,Dooley Inc,shopping_pos,2.26,F,Lawn,PA,40.2236,-76.538,213,Special educational needs teacher,1972-02-15,40.544168,-76.894428,0,17061,CUST004338,53,41-60,Standard,6396.0,3544.0,1.42,1.35,1,3,1317,45,27,WEB,Mobile,OTP,Yes,Yes,No,Yes,22,Tuesday,False,0.0,0,Low Risk
2019-01-11 23:18:56,Kihn-Fritsch,food_dining,52.7,M,Clune,PA,40.5503,-79.3237,168,Race relations officer,1978-10-04,40.135154,-79.735265,0,15479,CUST002834,47,41-60,Standard,6007.0,2098.13,47.03,60.6,5,4,1375,40,2,MOBILE,POS,PIN,Yes,Yes,No,No,23,Friday,False,0.0,0,Low Risk
2019-01-04 22:35:04,Kuphal-Toy,food_dining,8.83,M,Boonton,NJ,40.9115,-74.414,15269,"Psychologist, sport and exercise",1993-07-05,41.794112,-75.137445,0,18415,CUST006909,32,26-40,Gold,15804.0,5858.52,6.93,8.11,11,0,275,99,48,POS,ATM,PIN,Yes,No,No,No,22,Friday,False,0.02,0,Low Risk
2019-01-13 13:37:17,"Runolfsdottir, Mueller and Hand",entertainment,143.63,M,Utica,KS,38.6411,-100.138,269,Product/process development scientist,1962-11-11,38.055093,-101.049079,0,67851,CUST004594,63,60+,Gold,14720.0,10370.37,131.31,136.98,8,0,466,80,62,ATM,POS,Biometric,Yes,Yes,No,No,13,Sunday,True,0.0,0,Low Risk
2019-01-18 19:12:37,Volkman-Predovic,shopping_net,9.91,F,Mobile,AL,30.7145,-88.0918,270712,"Surveyor, land/geomatics",1972-01-05,30.861251,-88.603592,0,39452,CUST006903,53,41-60,Gold,15165.0,8772.22,7.8,11.65,1,2,1241,9,7,WEB,Online,PIN,No,Yes,No,No,19,Friday,False,0.02,0,Low Risk
2019-01-10 04:58:48,Jaskolski-Vandervort,misc_net,4.22,F,Spirit Lake,ID,47.9657,-116.868,4161,Production manager,1957-06-12,47.520738,-117.397307,0,99223,CUST005897,68,60+,Gold,14972.0,8840.15,3.43,2.64,7,4,125,26,51,WEB,POS,Biometric,Yes,No,No,Yes,4,Thursday,False,0.01,0,Low Risk
2019-01-04 13:55:33,Leannon-Ward,food_dining,8.95,F,Vanderbilt,PA,40.0246,-79.6955,2303,Physiotherapist,1987-08-16,40.586998,-79.568656,0,15690,CUST000594,38,26-40,Gold,16230.0,10563.8,6.61,7.76,1,3,71,18,7,WEB,ATM,OTP,Yes,Yes,No,No,13,Friday,False,0.01,0,Low Risk
2019-01-15 13:15:45,Roob-Okuneva,health_fitness,36.55,F,Tupper Lake,NY,44.232,-74.4905,6120,Chartered loss adjuster,1976-10-09,43.477408,-73.67276,0,12824,CUST003321,49,41-60,Standard,6962.0,5230.06,25.83,31.13,11,3,1063,88,33,POS,Mobile,OTP,Yes,Yes,No,No,13,Tuesday,False,0.01,0,Low Risk
2019-01-07 11:37:00,"Kutch, Hermiston and Farrell",gas_transport,58.87,F,San Jose,CA,37.3304,-121.7913,973849,Geoscientist,1997-01-18,37.905446,-122.692587,0,94970,CUST003810,28,26-40,Gold,14832.0,8587.1,55.77,66.66,1,1,38,50,13,POS,Mobile,PIN,Yes,No,No,No,11,Monday,False,0.0,0,Low Risk
2019-01-07 18:23:19,Botsford and Sons,home,33.92,M,Ragland,AL,33.7367,-86.1619,4159,Educational psychologist,1998-02-03,34.402704,-86.327455,0,35976,CUST000931,27,26-40,Standard,4331.0,1023.13,29.4,23.79,6,0,425,74,17,ATM,Mobile,Biometric,Yes,Yes,No,No,18,Monday,False,0.0,0,Low Risk
2019-01-05 18:36:18,Labadie LLC,personal_care,5.76,M,Marion,CT,41.7918,-72.7188,370,Health service manager,1962-02-13,41.36117,-73.206788,0,6468,CUST005638,63,60+,Platinum,51419.0,14349.54,5.21,5.15,2,0,557,10,27,POS,Online,Biometric,Yes,Yes,No,No,18,Saturday,True,0.01,0,Low Risk
2019-01-05 13:20:26,Schuppe LLC,entertainment,60.09,F,Brunson,SC,32.9413,-81.1807,1725,Social researcher,1974-12-05,32.303113,-82.099661,0,30420,CUST003502,51,41-60,Standard,5048.0,3992.9,47.2,58.7,11,0,1388,51,21,MOBILE,Online,Biometric,Yes,No,No,No,13,Saturday,True,0.0,0,Low Risk
2019-01-16 20:14:57,Larson-Moen,entertainment,51.78,F,Bonfield,IL,41.1573,-88.0619,1617,Medical secretary,1990-04-25,42.100286,-87.123559,0,45777,CUST004877,35,26-40,Standard,4566.0,3334.3,34.3,41.52,2,3,877,41,18,ATM,Mobile,PIN,Yes,Yes,No,No,20,Wednesday,False,0.0,0,Low Risk
2019-01-01 10:16:36,Stracke-Lemke,grocery_pos,206.13,F,Jermyn,PA,41.5744,-75.5881,6508,Training and development officer,1981-06-22,41.459005,-75.5552,0,18434,CUST008345,44,41-60,Gold,16410.0,12622.02,130.65,201.81,4,3,788,96,84,MOBILE,Online,PIN,Yes,Yes,No,No,10,Tuesday,False,0.0,0,Low Risk
2019-01-07 19:03:08,Morissette LLC,entertainment,5.09,F,Cottekill,NY,41.8467,-74.1038,722,Comptroller,1990-10-19,40.88689,-73.282021,0,11754,CUST007954,35,26-40,Standard,7815.0,5998.32,4.61,4.02,10,4,592,43,8,ATM,POS,PIN,Yes,No,No,No,19,Monday,False,0.01,0,Low Risk
2019-01-14 12:36:04,"Bahringer, Bergnaum and Quitzon",home,25.58,F,Kilgore,TX,32.3836,-94.8653,24536,Multimedia programmer,1983-10-14,33.237162,-95.857265,0,75428,CUST001076,42,41-60,Gold,14588.0,12972.1,18.53,37.755,5,4,1246,36,66,MOBILE,ATM,OTP,Yes,No,Yes,No,12,Monday,False,0.0,0,Low Risk
2019-01-07 06:35:15,"Lehner, Reichert and Mills",misc_pos,42.66,M,Hewitt,WI,44.6437,-90.1031,828,Arts development officer,1991-08-19,44.563727,-89.56794,0,54482,CUST009135,34,26-40,Standard,7225.0,4132.13,34.3,29.67,4,2,1420,64,88,WEB,POS,OTP,Yes,Yes,No,No,6,Monday,False,0.0,0,Low Risk
2019-01-18 16:18:43,Schroeder Group,health_fitness,75.35,M,Fenelton,PA,40.8555,-79.7372,2054,Communications engineer,1976-09-29,40.086794,-80.679687,0,26003,CUST008476,49,41-60,Gold,15770.0,9633.97,57.51,48.84,10,4,1170,50,6,POS,ATM,Biometric,Yes,Yes,No,No,16,Friday,False,0.0,0,Low Risk
2019-01-13 08:21:19,Rodriguez Group,gas_transport,71.96,F,Blairstown,MO,38.5319,-93.9221,467,Agricultural consultant,1950-05-27,37.749267,-94.879873,0,66769,CUST007538,75,60+,Gold,14305.0,3490.54,57.14,70.85,8,4,476,54,26,POS,Online,Biometric,Yes,No,No,No,8,Sunday,True,0.0,0,Low Risk
2019-01-12 22:55:40,"Lesch, D'Amore and Brown",food_dining,70.99,M,Alder,MT,45.1939,-112.0568,286,Chief of Staff,1989-03-09,46.126153,-112.917686,0,59711,CUST009613,36,26-40,Platinum,50881.0,22748.62,43.46,59.84,7,2,918,85,25,POS,POS,PIN,Yes,Yes,No,No,22,Saturday,True,0.0,0,Low Risk
2019-01-03 08:04:29,"Robel, Cummerata and Prosacco",gas_transport,60.41,F,Altair,TX,29.6047,-96.5249,106,"Editor, film/video",1983-07-24,30.286831,-96.272422,0,77880,CUST004502,42,41-60,Gold,15347.0,9126.8,49.13,35.84,7,0,319,84,27,MOBILE,POS,OTP,Yes,Yes,No,No,8,Thursday,False,0.0,0,Low Risk
2019-01-15 02:28:24,Herman Inc,misc_pos,7.92,M,Princeton,IA,41.6858,-90.3706,1426,Agricultural consultant,1957-03-06,41.534977,-90.992615,0,52778,CUST003959,68,60+,Standard,4882.0,1164.78,5.13,7.28,6,4,1188,94,86,ATM,Online,Biometric,Yes,Yes,No,No,2,Tuesday,False,0.0,0,Low Risk
2019-01-13 17:38:01,Zboncak Ltd,food_dining,8.82,F,Conway,WA,48.34,-122.3456,85,"Research officer, political party",1984-09-01,48.297234,-121.545042,0,98223,CUST008520,41,41-60,Gold,14353.0,7927.92,5.6,8.38,1,2,970,26,13,MOBILE,POS,Biometric,Yes,Yes,No,No,17,Sunday,True,0.0,0,Low Risk
2019-01-06 11:47:28,"Tillman, Fritsch and Schmitt",misc_net,10.17,F,Joliet,IL,41.5378,-88.0572,128354,"Teacher, secondary school",1992-01-20,42.26268,-87.841184,0,60044,CUST008965,33,26-40,Gold,16901.0,13050.99,8.7,6.88,7,2,471,56,53,MOBILE,Mobile,PIN,Yes,No,No,No,11,Sunday,True,0.0,0,Low Risk
2019-01-10 21:32:08,Pacocha-Bauch,shopping_pos,2.68,M,Glendale,CA,34.1556,-118.2322,172817,Advertising account planner,1982-07-30,33.372747,-118.11566,0,45777,CUST000393,43,41-60,Standard,6349.0,3725.75,2.0,3.12,4,0,659,68,56,ATM,POS,OTP,Yes,No,Yes,No,21,Thursday,False,0.0,0,Low Risk
2019-01-08 08:43:41,Stracke-Lemke,grocery_pos,121.62,M,Mallie,KY,37.2692,-82.9161,798,Facilities manager,1926-06-26,36.391081,-83.350901,0,37881,CUST009609,99,60+,Standard,6406.0,3474.3,84.3,129.86,9,3,26,10,94,MOBILE,Online,PIN,Yes,No,No,No,8,Tuesday,False,0.0,0,Low Risk
2019-01-05 09:56:42,Marks Inc,gas_transport,93.77,M,El Paso,TX,31.8092,-106.4247,749635,Market researcher,1973-01-21,31.99865,-106.105685,0,45777,CUST003304,52,41-60,Standard,4569.0,1038.52,77.67,61.26,4,2,1325,47,92,MOBILE,Mobile,OTP,Yes,Yes,No,No,9,Saturday,True,0.0,0,Low Risk
2019-01-10 20:16:58,Bruen-Yost,misc_pos,25.53,M,Riverton,WY,43.0351,-108.2024,19408,"Lecturer, higher education",1993-09-11,43.066901,-107.301908,0,82638,CUST009450,32,26-40,Standard,7270.0,4936.88,15.45,14.61,11,4,394,50,87,POS,POS,OTP,Yes,No,No,No,20,Thursday,False,0.0,0,Low Risk
2019-01-04 03:05:33,"Adams, Kovacek and Kuhlman",grocery_net,23.45,M,Saint Petersburg,FL,27.7898,-82.7243,341043,"Engineer, land",1989-02-28,28.087394,-82.191869,0,33565,CUST002683,36,26-40,Standard,4205.0,2120.53,15.42,14.14,9,0,1204,46,8,MOBILE,ATM,Biometric,Yes,No,No,No,3,Friday,False,0.01,0,Low Risk
2019-01-08 18:41:39,"Denesik, Powlowski and Pouros",home,24.96,F,Daniels,WV,37.7256,-81.1087,3994,"Biochemist, clinical",1936-11-05,37.894391,-80.528032,0,24957,CUST004387,89,60+,Gold,16956.0,11985.52,22.78,21.43,1,2,464,84,27,MOBILE,ATM,PIN,Yes,Yes,No,No,18,Tuesday,False,0.0,0,Low Risk
2019-01-01 16:02:19,Weimann-Lockman,kids_pets,177.11,F,Fort Myers,FL,26.4722,-81.8122,224256,Paramedic,1985-08-29,26.980519,-80.817885,0,45777,CUST003380,40,26-40,Standard,7322.0,2551.78,160.2,160.26,9,3,1395,96,61,MOBILE,ATM,Biometric,Yes,Yes,No,Yes,16,Tuesday,False,0.01,0,Low Risk
2019-01-03 22:00:07,Hammes-Beatty,kids_pets,54.1,M,Sea Island,GA,31.1989,-81.3322,298,"Engineer, structural",1963-04-22,30.513136,-81.171402,0,45777,CUST003478,62,60+,Platinum,50398.0,15213.97,33.85,28.54,1,3,1288,22,39,WEB,POS,Biometric,Yes,No,No,No,22,Thursday,False,0.0,0,Low Risk
2019-01-01 19:21:05,Tillman LLC,travel,9.64,M,North Judson,IN,41.2244,-86.6966,5791,"Doctor, general practice",1959-10-07,41.096636,-87.516071,0,60958,CUST008927,66,60+,Standard,6654.0,5144.16,8.39,6.22,6,0,664,44,55,POS,POS,Biometric,Yes,Yes,No,No,19,Tuesday,False,0.01,0,Low Risk
2019-01-16 05:59:11,Conroy Ltd,shopping_pos,131.09,M,Amorita,OK,36.9412,-98.2458,83,Barrister's clerk,1958-07-28,37.717153,-97.779752,0,67025,CUST000951,67,60+,Standard,6568.0,5079.44,80.86,76.94,3,0,580,95,90,POS,Online,PIN,Yes,Yes,No,No,5,Wednesday,False,0.0,0,Low Risk
2019-01-03 04:10:25,"Greenholt, Jacobi and Gleason",gas_transport,48.95,F,Rocky Mount,MO,38.2911,-92.7059,1847,Tax inspector,1988-10-26,38.760487,-92.107248,0,65063,CUST002785,37,26-40,Standard,7222.0,4592.03,45.02,38.03,7,3,1047,54,86,WEB,Mobile,Biometric,Yes,Yes,Yes,No,4,Thursday,False,0.0,0,Low Risk
2019-01-13 22:38:35,Weimann-Lockman,kids_pets,124.4,F,Manville,WY,42.73,-104.7024,241,Educational psychologist,1980-12-16,42.299781,-105.687888999999,0,45777,CUST002728,45,41-60,Standard,6158.0,4942.58,88.62,78.09,3,2,28,35,63,POS,POS,Biometric,Yes,No,No,Yes,22,Sunday,True,0.01,0,Low Risk
2019-01-16 02:28:08,Friesen Inc,shopping_pos,971.31,M,Harrington Park,NJ,40.9918,-73.98,4664,"Radiographer, diagnostic",1965-06-30,41.593842,-73.109698,0,6795,CUST005383,60,41-60,Gold,17926.0,11920.26,839.11,891.87,1,1,784,21,88,ATM,ATM,OTP,No,No,Yes,No,2,Wednesday,False,0.11,0,Low Risk
2019-01-07 20:56:59,Erdman-Durgan,health_fitness,64.55,F,Blairsden-Graeagle,CA,39.8127,-120.6405,1725,Chartered legal executive (England and Wales),1967-05-27,39.219369,-121.437129,0,95901,CUST001718,58,41-60,Gold,16490.0,13657.45,57.68,64.81,3,2,372,35,33,MOBILE,Online,Biometric,Yes,Yes,No,No,20,Monday,False,0.0,0,Low Risk
2019-01-15 08:29:10,Spencer PLC,entertainment,7.49,M,Mount Hope,AL,34.4793,-87.4769,1312,"Librarian, academic",1955-02-01,34.848659,-87.927311,0,35616,CUST004516,70,60+,Standard,5187.0,1654.12,6.31,8.3,1,0,1364,99,31,MOBILE,POS,PIN,Yes,No,No,No,8,Tuesday,False,0.0,0,Low Risk
2019-01-09 06:26:54,Jacobi and Sons,shopping_pos,2.09,M,Port Ewen,NY,41.8948,-73.9767,2471,Heritage manager,1966-01-21,42.218601,-74.420397,0,12430,CUST004302,59,41-60,Gold,16671.0,3797.82,1.67,2.34,8,1,648,22,78,MOBILE,POS,Biometric,Yes,No,No,No,6,Wednesday,False,0.0,0,Low Risk
2019-01-15 12:21:57,Padberg-Sauer,home,88.63,F,Pecos,TX,31.4467,-103.5791,12747,"Merchandiser, retail",1987-05-05,31.329641,-102.754813,0,45777,CUST001206,38,26-40,Standard,7440.0,4529.89,65.13,96.17,3,1,552,45,51,MOBILE,ATM,OTP,Yes,Yes,No,No,12,Tuesday,False,0.0,0,Low Risk
2019-01-03 21:02:10,Nolan-Williamson,kids_pets,25.02,F,Burrton,KS,38.0261,-97.6666,1689,Gaffer,1997-11-18,38.905789,-97.0443,0,67441,CUST009880,28,26-40,Gold,15869.0,9953.48,19.91,16.11,4,2,974,86,97,WEB,Online,OTP,Yes,No,Yes,No,21,Thursday,False,0.0,0,Low Risk
2019-01-10 07:15:03,Durgan-Auer,misc_net,387.28,F,Winger,MN,47.5375,-95.9941,516,Applications developer,1966-06-07,46.800174,-95.151338,0,56464,CUST010043,59,41-60,Standard,7329.0,5835.27,331.69,228.61,5,1,274,90,36,WEB,POS,Biometric,Yes,Yes,No,No,7,Thursday,False,0.07,0,Low Risk
2019-01-02 03:27:18,Kiehn Inc,grocery_pos,62.01,F,Eureka,IL,40.7152,-89.2706,6713,Archivist,1945-08-19,41.624593,-89.431436,0,61349,CUST001744,80,60+,Gold,15767.0,4782.92,49.34,71.23,6,2,845,37,83,ATM,ATM,PIN,Yes,Yes,No,No,3,Wednesday,False,0.0,0,Low Risk
2019-01-01 11:23:15,Prohaska-Murray,gas_transport,77.21,F,Scotland,MD,38.0828,-76.3477,313,Insurance underwriter,1976-03-26,38.262298,-75.435748,0,21863,CUST003161,49,41-60,Standard,7001.0,4482.125,70.14,46.12,7,1,792,19,68,MOBILE,Mobile,PIN,Yes,Yes,No,No,11,Tuesday,False,0.0,0,Low Risk
2019-01-14 22:07:02,Botsford and Sons,home,68.4,F,Bradley,SC,34.0326,-82.2027,1523,Research scientist (physical sciences),1984-06-03,34.200531,-82.6830069999999,0,29655,CUST005389,41,41-60,Standard,6037.0,5359.57,53.94,75.9,5,4,125,80,62,MOBILE,Mobile,PIN,Yes,Yes,No,Yes,22,Monday,False,0.0,0,Low Risk
2019-01-07 14:11:45,Rau-Grant,kids_pets,49.71,M,Rumely,MI,46.3481,-87.0436,137,Film/video editor,1990-08-13,46.16368,-86.586804,0,45777,CUST008133,35,26-40,Platinum,52790.0,21083.5,45.41,56.11,4,3,521,38,70,WEB,POS,Biometric,Yes,No,No,No,14,Monday,False,0.0,0,Low Risk
2019-01-07 00:47:02,"Jenkins, Hauck and Friesen",gas_transport,112.14,M,Minnesota Lake,MN,43.8295,-93.8282,1087,Music tutor,1963-07-14,44.679731,-94.258695,0,55312,CUST006906,62,60+,Gold,15938.0,12092.03,76.78,101.3,10,0,242,45,22,WEB,ATM,OTP,No,No,No,No,0,Monday,False,0.0,0,Low Risk
2019-01-14 10:37:53,Stiedemann Inc,misc_pos,6.87,F,Indianapolis,IN,39.849,-86.272,910148,Firefighter,1975-11-30,39.559864,-86.522443,0,46157,CUST000563,50,41-60,Standard,4365.0,2184.29,5.83,5.75,9,0,422,97,1,WEB,Mobile,Biometric,Yes,Yes,No,No,10,Monday,False,0.02,0,Low Risk
2019-01-16 15:45:10,"Witting, Beer and Ernser",home,73.01,M,Smackover,AR,33.3398,-92.7442,2501,Financial adviser,1986-06-11,33.338291,-93.287155,0,71770,CUST004569,39,26-40,Standard,7374.0,3098.76,47.96,73.3,10,2,686,40,64,WEB,POS,OTP,Yes,Yes,No,No,15,Wednesday,False,0.0,0,Low Risk
2019-01-15 18:28:57,Veum-Koelpin,travel,603.23,M,Helm,CA,36.4992,-120.0936,123,Early years teacher,1973-02-07,36.714265,-119.958241,0,93723,CUST010080,52,41-60,Standard,4159.0,3327.06,508.86,599.39,1,3,1097,35,99,WEB,Mobile,Biometric,Yes,Yes,No,No,18,Tuesday,False,0.03,0,Low Risk
2019-01-15 00:38:40,Erdman-Kertzmann,gas_transport,102.33,M,Scarborough,ME,43.5835,-70.3457,18760,Make,1933-04-02,42.619029,-70.248637,0,45777,CUST000143,92,60+,Gold,16388.0,14016.94,79.53,58.39,1,0,108,58,67,MOBILE,Online,Biometric,Yes,Yes,No,No,0,Tuesday,False,0.0,0,Low Risk
2019-01-11 23:49:16,Leannon-Nikolaus,travel,7.3,M,Amorita,OK,36.9412,-98.2458,83,Barrister's clerk,1958-07-28,37.573216,-98.560863,0,67065,CUST002094,67,60+,Gold,14773.0,8332.48,6.29,7.28,4,2,708,63,2,POS,POS,OTP,Yes,Yes,No,No,23,Friday,False,0.0,0,Low Risk
2019-01-05 16:28:28,"Koss, McLaughlin and Mayer",food_dining,1.36,F,Lawn,PA,40.2236,-76.538,213,Special educational needs teacher,1972-02-15,39.721648,-75.539759,0,19801,CUST006118,53,41-60,Standard,7216.0,5052.02,1.0,1.02,6,0,1022,44,95,MOBILE,ATM,OTP,Yes,No,No,Yes,16,Saturday,True,0.01,0,Low Risk
2019-01-10 15:46:46,Leffler-Goldner,personal_care,9.24,M,Utica,KS,38.6411,-100.138,269,Product/process development scientist,1962-11-11,38.66146,-100.603895,0,67850,CUST001886,63,60+,Gold,16485.0,8522.62,8.19,9.41,10,0,385,62,54,MOBILE,POS,PIN,Yes,Yes,No,Yes,15,Thursday,False,0.0,0,Low Risk
2019-01-18 08:42:06,"Stanton, Jakubowski and Baumbach",shopping_net,92.38,M,Saxon,WI,46.4959,-90.4383,795,Television/film/video producer,1986-04-15,46.171957,-89.593031,0,54512,CUST008394,39,26-40,Standard,7367.5,4482.125,87.31,93.7,8,0,111,18,50,WEB,ATM,OTP,Yes,Yes,No,No,8,Friday,False,0.0,0,Low Risk
2019-01-08 07:48:40,Auer-Mosciski,grocery_pos,58.67,M,Sachse,TX,32.9643,-96.6012,20328,Site engineer,1985-06-20,33.583709,-96.117892,0,75438,CUST000591,40,26-40,Standard,7598.0,1948.78,36.07,41.15,8,4,650,55,27,POS,Online,PIN,Yes,Yes,No,Yes,7,Tuesday,False,0.0,0,Low Risk
2019-01-08 01:42:50,Bartoletti-Wunsch,gas_transport,63.75,F,West Palm Beach,FL,26.7197,-80.1248,459921,Historic buildings inspector/conservation officer,1960-06-14,26.826621,-79.271808,0,45777,CUST003028,65,60+,Gold,14238.0,10580.7,50.14,51.25,10,2,940,62,10,WEB,Mobile,OTP,Yes,No,No,No,1,Tuesday,False,0.01,0,Low Risk
2019-01-07 22:25:24,"Romaguera, Wehner and Tromp",kids_pets,137.45,F,Houston,TX,29.7736,-95.4034,2906700,"Copywriter, advertising",1984-12-16,29.06006,-96.11894,0,45777,CUST007635,41,41-60,Standard,6509.0,3410.03,126.99,71.06,11,2,335,23,84,MOBILE,ATM,PIN,Yes,No,No,No,22,Monday,False,0.01,0,Low Risk
2019-01-06 07:14:07,"Lind, Huel and McClure",gas_transport,81.2,F,Battle Creek,IA,42.3327,-95.6045,1075,"Teacher, early years/pre",1997-01-02,41.839876,-95.034743,0,51455,CUST003134,28,26-40,Gold,14710.0,8891.7,67.33,76.65,2,1,296,7,55,WEB,POS,PIN,No,Yes,No,No,7,Sunday,True,0.0,0,Low Risk
2019-01-15 18:35:35,Morissette LLC,entertainment,215.62,M,Des Moines,IA,41.603,-93.633,222785,Interior and spatial designer,1981-08-10,41.495244,-93.904853,0,50038,CUST006828,44,41-60,Standard,7275.0,6180.74,153.09,201.08,1,4,688,53,30,ATM,ATM,PIN,No,Yes,No,No,18,Tuesday,False,0.01,0,Low Risk
2019-01-07 12:29:51,Kemmer-Buckridge,misc_pos,3.34,M,Elizabeth,NJ,40.6747,-74.2239,124967,Operational researcher,1980-12-21,39.836138,-73.884208,0,45777,CUST007434,45,41-60,Gold,17949.0,4482.125,2.35,2.4,4,1,1377,14,49,MOBILE,ATM,OTP,Yes,No,No,Yes,12,Monday,False,0.0,0,Low Risk
2019-01-17 18:07:09,"Hills, Hegmann and Schaefer",health_fitness,15.3,F,Burbank,WA,46.1966,-118.9017,3684,Musician,1981-11-29,46.768544,-118.535658,0,45777,CUST004134,44,41-60,Standard,6510.0,4672.02,12.62,12.23,6,2,1112,19,69,ATM,Online,PIN,Yes,Yes,No,No,18,Thursday,False,0.01,0,Low Risk
2019-01-16 18:14:44,"Swaniawski, Nitzsche and Welch",health_fitness,73.34,M,Moab,UT,38.5677,-109.5271,9772,Location manager,1989-11-24,38.064246,-108.861222,0,45777,CUST006095,36,26-40,Standard,6167.0,2838.0,52.95,70.24,4,2,706,68,23,ATM,ATM,PIN,Yes,Yes,No,No,18,Wednesday,False,0.01,0,Low Risk
2019-01-06 18:40:36,Mayert Group,shopping_pos,167.35,F,Meridian,TX,31.929,-97.6443,2526,Phytotherapist,1970-11-12,32.032684,-96.911509,0,76666,CUST007529,55,41-60,Standard,7618.0,6598.92,158.91,130.73,9,1,563,67,85,ATM,POS,OTP,Yes,No,No,No,18,Sunday,True,0.0,0,Low Risk
2019-01-06 02:50:34,Bashirian Group,shopping_net,6.27,F,Carlotta,CA,40.507,-123.9743,1139,"Therapist, occupational",1951-01-15,41.113798,-123.457749,0,45777,CUST010090,74,60+,Gold,14783.0,4290.74,5.91,5.76,1,0,1259,66,63,WEB,Mobile,PIN,Yes,Yes,No,No,2,Sunday,True,0.0,0,Low Risk
2019-01-08 00:44:12,Morissette LLC,entertainment,23.05,F,Warren,OH,41.2639,-80.8164,75903,Magazine features editor,1957-04-05,41.194048,-81.727846,0,44233,CUST000978,68,60+,Standard,6269.0,2983.17,18.95,22.44,4,2,330,25,56,POS,ATM,PIN,Yes,No,Yes,Yes,0,Tuesday,False,0.0,0,Low Risk
2019-01-10 03:39:22,"Mosciski, Gislason and Mertz",grocery_pos,311.47,F,Fulton,SD,43.7588,-97.8712,355,Financial adviser,1955-06-26,43.641251,-97.794037,1,57311,CUST005051,70,60+,Platinum,51325.0,31294.35,249.88,369.58,2,4,1036,50,25,MOBILE,POS,PIN,Yes,Yes,No,No,3,Thursday,False,0.35,1,Medium Risk
2019-01-15 19:37:32,"Roberts, Daniel and Macejkovic",kids_pets,54.55,F,Haynes,AR,34.8838,-90.7666,222,"Programmer, applications",1963-05-19,33.932699,-91.314117,0,71674,CUST005097,62,60+,Standard,4894.0,3094.22,38.73,32.46,8,2,1424,1,85,POS,Mobile,OTP,Yes,Yes,No,No,19,Tuesday,False,0.0,0,Low Risk
2019-01-18 23:30:16,Waters-Cruickshank,health_fitness,92.71,F,Conway,WA,48.34,-122.3456,85,"Research officer, political party",1984-09-01,48.43865,-122.076037,0,98274,CUST004475,41,41-60,Gold,14979.0,4482.125,71.51,75.38,10,3,1325,52,1,MOBILE,Online,PIN,No,No,No,No,23,Friday,False,0.0,0,Low Risk
2019-01-18 23:11:03,"Kerluke, Considine and Macejkovic",misc_net,8.26,F,Moro,IL,38.9318,-89.9618,2401,"Buyer, industrial",1972-01-03,39.239709,-89.088002,0,62553,CUST010436,53,41-60,Standard,7367.5,4592.37,5.93,37.755,2,3,30,74,78,WEB,Mobile,OTP,Yes,Yes,No,No,23,Friday,False,0.0,0,Low Risk
2019-01-17 17:08:20,Kutch-Ferry,home,39.36,M,Parks,AZ,35.2563,-111.95,759,"Geologist, engineering",1957-03-28,34.573567,-112.827521,0,45777,CUST003510,68,60+,Standard,7475.0,3598.08,35.29,24.27,3,2,1282,61,55,ATM,Online,Biometric,Yes,Yes,No,No,17,Thursday,False,0.0,0,Low Risk
2019-01-17 14:29:16,"Fadel, Mertz and Rippin",entertainment,103.1,M,Sacramento,CA,38.5662,-121.3286,757530,Magazine features editor,1979-04-30,38.568933,-121.555732,0,95605,CUST001973,46,41-60,Standard,5020.0,3128.87,79.28,73.91,6,0,434,23,3,POS,POS,Biometric,Yes,Yes,No,Yes,14,Thursday,False,0.0,0,Low Risk
2019-01-10 00:39:17,Corwin-Collins,gas_transport,60.03,M,Quanah,TX,34.2956,-99.7494,3202,"Librarian, public",1998-03-18,33.296569,-99.85446,0,79544,CUST006732,27,26-40,Platinum,50959.0,26309.21,43.61,51.44,2,1,106,25,41,POS,ATM,OTP,Yes,Yes,No,No,0,Thursday,False,0.01,0,Low Risk
2019-01-15 13:30:18,Zulauf LLC,personal_care,23.92,M,Pikesville,MD,39.3764,-76.729,33917,Company secretary,1977-06-12,38.422865,-75.852039,0,21869,CUST004565,48,41-60,Standard,7367.5,4167.14,18.51,22.24,8,1,233,84,50,ATM,Mobile,Biometric,Yes,Yes,No,No,13,Tuesday,False,0.0,0,Low Risk
2019-01-03 19:52:53,"Parker, Nolan and Trantow",entertainment,72.27,M,Cazenovia,WI,43.4987,-90.2796,1360,Occupational hygienist,1984-11-06,42.928355,-89.556535,0,53593,CUST010401,41,41-60,Standard,5639.0,2414.1,49.44,58.29,6,0,1062,50,12,POS,POS,OTP,No,Yes,Yes,No,19,Thursday,False,0.0,0,Low Risk
2019-01-10 06:57:16,"Heller, Gutmann and Zieme",grocery_pos,88.36,M,Helm,CA,36.4992,-120.0936,123,Early years teacher,1973-02-07,36.170108,-119.51295,0,93212,CUST004884,52,41-60,Gold,14479.0,10982.65,36.06,60.75,1,0,661,50,36,MOBILE,POS,PIN,No,No,No,No,6,Thursday,False,0.0,0,Low Risk
2019-01-02 22:13:28,Morissette-Schaefer,personal_care,42.58,F,Grover,NC,35.1836,-81.4552,5621,Toxicologist,1973-11-14,34.319648,-80.730174,0,29078,CUST006298,52,41-60,Standard,5716.0,3438.37,40.33,37.755,1,2,750,78,49,MOBILE,Mobile,PIN,Yes,No,No,No,22,Wednesday,False,0.0,0,Low Risk
2019-01-01 23:28:59,Cartwright PLC,kids_pets,34.03,F,New Memphis,IL,38.4857,-89.6816,254,Magazine journalist,1952-05-07,38.633415,-89.644217,0,62293,CUST007853,73,60+,Gold,17683.0,7110.49,29.49,23.83,9,0,1088,73,24,ATM,Mobile,PIN,Yes,Yes,No,No,23,Tuesday,False,0.0,0,Low Risk
2019-01-14 08:20:40,"Lind, Huel and McClure",gas_transport,60.56,F,Stanchfield,MN,45.6675,-93.2433,2607,"Lecturer, further education",1995-12-04,45.161107,-94.071152,0,55358,CUST002801,30,26-40,Gold,17273.0,7097.94,40.54,69.23,7,4,1273,5,83,POS,Online,PIN,Yes,Yes,No,No,8,Monday,False,0.0,0,Low Risk
2019-01-14 18:31:08,Terry Ltd,home,1.34,F,Kilgore,TX,32.3836,-94.8653,24536,Multimedia programmer,1983-10-14,32.404118,-94.358865,0,75672,CUST005857,42,41-60,Standard,6407.0,3688.1,1.11,1.33,3,3,1214,95,11,MOBILE,Mobile,OTP,Yes,Yes,No,No,18,Monday,False,0.0,0,Low Risk
2019-01-16 12:40:42,"Moore, Williamson and Emmerich",home,22.38,M,Bowdoin,ME,44.0575,-69.9656,3224,"Engineer, electronics",1997-08-22,43.428332,-69.659689,0,45777,CUST010441,28,26-40,Standard,5846.0,4865.0,13.69,11.26,9,1,795,22,9,MOBILE,POS,Biometric,Yes,No,No,No,12,Wednesday,False,0.0,0,Low Risk
2019-01-07 19:42:17,Ratke and Sons,health_fitness,6.29,F,Ratcliff,TX,31.3833,-95.0619,43,"Engineer, production",1949-10-04,30.459367,-94.16216,0,77616,CUST003623,76,60+,Gold,14727.0,5237.89,4.13,5.36,11,1,31,61,32,POS,Mobile,Biometric,Yes,Yes,No,Yes,19,Monday,False,0.0,0,Low Risk
2019-01-02 10:16:16,Kiehn Inc,grocery_pos,184.64,F,Sherman,TX,33.6372,-96.6184,46563,Systems developer,1970-09-11,34.360618,-96.042402,0,74542,CUST007871,55,41-60,Standard,4342.0,2796.96,134.11,168.78,11,0,601,20,28,POS,ATM,Biometric,No,Yes,No,No,10,Wednesday,False,0.0,0,Low Risk
2019-01-16 22:44:11,Hirthe-Beier,health_fitness,75.73,M,Fenelton,PA,40.8555,-79.7372,2054,Communications engineer,1976-09-29,41.806224,-79.8279439999999,0,16432,CUST003410,49,41-60,Standard,4053.0,3501.84,62.38,37.755,1,4,64,58,55,POS,Online,Biometric,Yes,Yes,No,No,22,Wednesday,False,0.01,0,Low Risk
2019-01-02 17:39:26,Gulgowski LLC,home,82.85,M,Manderson,SD,43.3526,-102.5411,1126,Volunteer coordinator,1980-08-18,44.352506,-102.963636,0,45777,CUST000151,45,41-60,Gold,15763.0,12409.54,61.49,96.09,7,3,687,28,53,ATM,POS,PIN,Yes,Yes,No,No,17,Wednesday,False,0.0,0,Low Risk
2019-01-15 15:31:17,"Larkin, Stracke and Greenfelder",entertainment,64.49,F,Tomales,CA,38.2427,-122.9145,337,Occupational psychologist,1954-07-05,38.946431,-122.937136,0,95453,CUST006941,71,60+,Gold,14425.0,6931.15,44.28,59.33,5,1,1254,16,51,POS,Mobile,OTP,Yes,Yes,No,No,15,Tuesday,False,0.0,0,Low Risk
2019-01-07 12:44:42,"Windler, Goodwin and Kovacek",home,62.83,M,Romulus,MI,42.2203,-83.3583,31515,Police officer,1971-11-05,41.390549,-84.105522,0,43545,CUST006448,54,41-60,Standard,5540.0,4482.125,55.05,40.04,9,4,181,4,44,ATM,Online,PIN,Yes,Yes,No,No,12,Monday,False,0.0,0,Low Risk
2019-01-08 03:16:24,Dooley-Thompson,misc_net,8.32,M,Mount Hope,AL,34.4793,-87.4769,1312,"Librarian, academic",1955-02-01,35.257134,-88.094392,0,38475,CUST004261,70,60+,Gold,17532.0,9346.68,5.37,6.36,1,2,239,53,49,POS,POS,Biometric,Yes,No,No,No,3,Tuesday,False,0.0,0,Low Risk
2019-01-14 13:11:18,Friesen Inc,shopping_pos,215.45,F,Saint Paul,MN,44.9913,-92.9487,753116,Fisheries officer,1971-08-06,44.944053,-92.447103,0,54015,CUST007382,54,41-60,Gold,15359.0,12990.36,172.74,185.26,5,1,332,34,98,POS,ATM,PIN,Yes,No,No,Yes,13,Monday,False,0.0,0,Low Risk
2019-01-16 02:58:22,"Tillman, Dickinson and Labadie",gas_transport,54.02,F,Campbell,NE,40.2967,-98.737,493,"Surveyor, minerals",1940-09-13,39.841184,-99.47303,0,67664,CUST005191,85,60+,Gold,14261.0,4831.48,38.08,37.29,7,1,1278,7,93,POS,Mobile,Biometric,Yes,Yes,No,No,2,Wednesday,False,0.02,0,Low Risk
2019-01-03 09:59:11,Harber Inc,gas_transport,74.41,M,Kenner,LA,29.9912,-90.2479,68211,"Engineer, petroleum",1941-04-23,30.260128,-89.908294,0,70445,CUST001842,84,60+,Standard,6249.0,3360.78,66.07,85.51,11,3,1136,99,20,POS,Mobile,Biometric,Yes,Yes,No,No,9,Thursday,False,0.0,0,Low Risk
2019-01-01 03:45:30,"Romaguera, Cruickshank and Greenholt",shopping_net,511.09,M,Grenada,CA,41.6125,-122.5258,589,Systems analyst,1945-12-21,42.412743,-121.617857,0,97625,CUST010658,80,60+,Gold,16877.0,9455.3,469.08,394.41,3,1,120,56,81,ATM,POS,OTP,Yes,Yes,No,No,3,Tuesday,False,0.11,0,Low Risk
2019-01-04 22:13:00,"Metz, Russel and Metz",kids_pets,38.87,M,Harper,TX,30.2816,-99.241,2395,"Pharmacist, community",1993-11-17,29.436607,-98.727962,0,78245,CUST003016,32,26-40,Standard,7367.5,3634.25,30.38,28.87,8,0,898,94,80,ATM,Mobile,Biometric,Yes,Yes,No,No,22,Friday,False,0.0,0,Low Risk
2019-01-18 12:41:06,"Armstrong, Walter and Gottlieb",food_dining,26.83,M,Cochranton,PA,41.5205,-80.0573,5507,Retail merchandiser,1973-07-28,41.602459,-80.829844,0,44085,CUST010722,52,41-60,Standard,6628.0,2410.77,19.66,17.12,9,4,215,50,51,POS,Online,PIN,Yes,Yes,No,No,12,Friday,False,0.0,0,Low Risk
2019-01-08 06:54:02,"Lind, Huel and McClure",gas_transport,75.63,F,Alpharetta,GA,34.077,-84.3033,165556,Prison officer,1997-12-27,34.903975,-83.541483,0,30576,CUST005272,28,26-40,Standard,7169.0,2389.55,66.32,46.7,9,0,23,90,17,POS,POS,Biometric,Yes,Yes,No,No,6,Tuesday,False,0.01,0,Low Risk
2019-01-05 04:40:10,Kutch and Sons,grocery_pos,43.57,M,Grant,AL,34.4959,-86.259,5901,Curator,1972-07-25,34.787849,-86.5315,0,35811,CUST005562,53,41-60,Standard,5831.0,2384.83,38.36,46.82,3,1,654,21,93,POS,Online,PIN,Yes,No,No,No,4,Saturday,True,0.0,0,Low Risk
2019-01-07 23:40:41,Block Group,misc_pos,3.53,F,Topeka,KS,39.1329,-95.7023,163415,Secondary school teacher,2004-12-30,38.261107,-95.619458,0,66839,CUST009467,21,18-25,Gold,14126.0,6719.55,2.79,2.37,6,3,758,50,75,ATM,POS,Biometric,Yes,No,No,No,23,Monday,False,0.0,0,Low Risk
2019-01-07 21:33:01,Kovacek Ltd,travel,1.94,M,Cedar,MI,44.8605,-85.8138,3096,"Social research officer, government",1975-10-11,45.14551,-86.768866,0,45777,CUST005637,50,41-60,Gold,16923.0,5814.79,1.66,1.31,10,3,274,97,51,ATM,Mobile,OTP,Yes,Yes,No,No,21,Monday,False,0.0,0,Low Risk
2019-01-01 16:01:56,"Schroeder, Hauck and Treutel",entertainment,67.13,M,Moulton,IA,40.6866,-92.6833,1132,Probation officer,1961-02-14,41.570551,-93.220426,0,50228,CUST001918,64,60+,Gold,16643.0,8435.8,49.48,72.77,7,3,869,92,42,POS,Online,PIN,Yes,Yes,No,Yes,16,Tuesday,False,0.0,0,Low Risk
2019-01-18 15:58:36,"Bernhard, Grant and Langworth",shopping_pos,6.85,M,Naples,FL,26.1184,-81.7361,276002,"Programme researcher, broadcasting/film/video",1979-01-02,26.52739,-81.992078,0,33908,CUST010128,46,41-60,Gold,15330.0,8247.11,5.92,3.43,10,1,305,52,76,MOBILE,ATM,OTP,Yes,Yes,No,No,15,Friday,False,0.0,0,Low Risk
2019-01-15 01:49:27,Bernhard Inc,gas_transport,66.12,M,Winthrop,ME,44.3229,-69.9576,6025,Advertising account planner,1995-04-22,44.409844,-70.760016,0,4217,CUST006602,30,26-40,Standard,6166.0,4435.8,51.62,37.46,8,3,866,8,53,ATM,Online,OTP,Yes,Yes,No,No,1,Tuesday,False,0.0,0,Low Risk
2019-01-17 15:18:20,Jast Ltd,shopping_net,9.17,F,Avoca,IA,41.4768,-95.3509,2036,Engineering geologist,1971-08-20,41.273285,-94.483438,0,50849,CUST003412,54,41-60,Standard,5421.0,4551.57,8.47,9.42,10,4,938,61,28,MOBILE,ATM,OTP,Yes,Yes,No,No,15,Thursday,False,0.0,0,Low Risk
2019-01-15 23:19:57,Goodwin-Nitzsche,grocery_pos,335.96,F,New Goshen,IN,39.5803,-87.4616,205,"Engineer, mining",1960-01-06,39.501464,-88.092152,1,61912,CUST007252,65,60+,Standard,7791.0,4182.92,281.68,330.04,4,0,1416,97,83,POS,Online,PIN,Yes,No,No,No,23,Tuesday,False,0.57,1,Medium Risk
2019-01-16 23:16:20,Thompson-Gleason,health_fitness,17.91,M,Elizabethtown,KY,37.6848,-85.8784,48194,Surgeon,1990-05-03,37.877761,-86.53811,0,40170,CUST010947,35,26-40,Standard,5491.0,4785.71,16.34,37.755,5,2,1333,91,84,POS,POS,OTP,Yes,Yes,No,No,23,Wednesday,False,0.0,0,Low Risk
2019-01-08 15:30:10,Grimes LLC,entertainment,71.79,M,Parsonsfield,ME,43.745,-70.9092,1892,Audiological scientist,1956-03-02,43.335341,-70.0917719999999,0,45777,CUST008346,69,60+,Standard,7975.0,3666.87,44.6,69.37,4,1,1021,77,72,MOBILE,ATM,Biometric,Yes,Yes,No,No,15,Tuesday,False,0.01,0,Low Risk
2019-01-17 19:24:20,Waelchi Inc,kids_pets,21.83,M,Cedar,MI,44.8605,-85.8138,3096,"Social research officer, government",1975-10-11,44.281976,-86.675941,0,45777,CUST010053,50,41-60,Standard,7567.0,4367.36,15.67,25.06,2,4,1116,67,8,WEB,POS,PIN,Yes,No,No,No,19,Thursday,False,0.03,0,Low Risk
2019-01-06 00:14:02,Harber Inc,gas_transport,64.32,F,Gardiner,OR,43.7857,-124.1437,260,"Engineer, maintenance",1956-09-01,44.219575,-125.032754,0,45777,CUST007394,69,60+,Standard,7367.5,3533.65,47.87,62.98,11,3,807,91,3,MOBILE,Online,PIN,No,Yes,No,No,0,Sunday,True,0.0,0,Low Risk
2019-01-09 22:20:50,"Schaefer, Fay and Hilll",entertainment,160.7,M,Rock Tavern,NY,41.4575,-74.1659,2258,Building surveyor,1937-03-17,41.898772,-75.10844,0,12760,CUST000360,88,60+,Standard,5512.0,3470.96,98.77,143.78,7,2,620,29,26,MOBILE,POS,PIN,Yes,No,No,No,22,Wednesday,False,0.02,0,Low Risk
2019-01-15 03:15:58,Luettgen PLC,gas_transport,71.31,F,Dubre,KY,36.8421,-85.5396,341,Insurance risk surveyor,1932-11-19,36.912928,-84.715212,0,42518,CUST001830,93,60+,Standard,6631.0,1542.76,45.18,74.59,8,2,1230,50,22,ATM,POS,PIN,Yes,No,No,No,3,Tuesday,False,0.0,0,Low Risk
2019-01-04 14:28:46,Thompson-Gleason,health_fitness,57.89,F,Steuben,ME,44.4971,-67.9503,1131,Make,1959-05-10,44.39989,-68.594951,0,4614,CUST002164,66,60+,Platinum,52918.0,22431.61,36.31,42.99,10,2,1247,14,51,POS,Mobile,PIN,Yes,Yes,No,No,14,Friday,False,0.02,0,Low Risk
2019-01-11 23:04:13,"Heller, Gutmann and Zieme",grocery_pos,52.73,M,Lake Jackson,TX,29.0393,-95.4401,28739,Futures trader,1999-12-27,28.086797,-95.919915,0,45777,CUST005888,26,26-40,Gold,16162.0,4160.0,31.74,46.63,7,0,124,71,87,ATM,POS,OTP,Yes,Yes,No,No,23,Friday,False,0.0,0,Low Risk
2019-01-07 13:32:31,Breitenberg LLC,travel,6.93,F,Milford,OH,39.1657,-84.2329999999999,31394,Hospital doctor,1996-11-12,39.592201,-84.261753,0,45342,CUST010198,29,26-40,Standard,6287.0,4229.16,5.71,5.19,5,2,515,77,28,POS,ATM,OTP,Yes,No,No,No,13,Monday,False,0.0,0,Low Risk
2019-01-15 15:36:26,Ziemann-Waters,health_fitness,75.77,M,Bryant,WI,45.203,-88.9983,1080,Information systems manager,1979-01-08,45.071508,-89.36487,0,54408,CUST008723,46,41-60,Gold,15630.0,6778.77,47.4,39.72,3,2,633,82,92,ATM,POS,PIN,Yes,Yes,Yes,No,15,Tuesday,False,0.0,0,Low Risk
2019-01-18 04:43:45,Sawayn PLC,shopping_pos,4.61,F,Comfort,WV,38.1372,-81.5962,630,Fine artist,1959-07-30,37.682886,-82.457295,0,41571,CUST010197,66,60+,Platinum,7367.5,31539.61,3.85,3.26,1,3,1293,44,16,WEB,Online,OTP,No,Yes,No,No,4,Friday,False,0.0,0,Low Risk
2019-01-01 07:54:20,Kunde-Sanford,misc_net,3.18,M,Cardwell,MO,36.0434,-90.2907,1120,Television floor manager,1957-04-17,36.753937,-91.101249,0,45777,CUST004855,68,60+,Standard,4177.0,1053.03,2.23,2.9,8,4,533,12,99,ATM,POS,OTP,Yes,No,No,No,7,Tuesday,False,0.0,0,Low Risk
2019-01-14 07:53:37,Ledner-Pfannerstill,gas_transport,51.3,M,Muskegon,MI,43.2326,-86.2492,128715,Historic buildings inspector/conservation officer,1995-05-25,43.254058,-87.180764,0,45777,CUST007455,30,26-40,Platinum,50953.0,26184.13,35.92,36.24,7,1,1433,97,53,WEB,Mobile,OTP,Yes,No,No,No,7,Monday,False,0.01,0,Low Risk
2019-01-06 03:18:51,Stracke-Lemke,grocery_pos,75.36,M,Wichita,KS,37.6395,-97.1714,409656,Heritage manager,1985-12-27,38.36208,-97.062733,0,66861,CUST006278,40,26-40,Standard,5484.0,4425.56,58.41,44.2,10,4,106,67,93,POS,ATM,OTP,Yes,No,Yes,Yes,3,Sunday,True,0.0,0,Low Risk
2019-01-10 04:48:49,McDermott-Weimann,grocery_pos,60.23,M,Oconto Falls,WI,44.8755,-88.1555,5548,Mining engineer,1975-09-11,44.954105,-88.320653,0,54174,CUST008421,50,41-60,Gold,16246.0,8622.99,55.15,37.755,8,1,695,96,86,MOBILE,POS,Biometric,No,Yes,No,No,4,Thursday,False,0.0,0,Low Risk
2019-01-04 08:58:55,O'Keefe-Hudson,grocery_pos,90.24,F,Coleman,TX,31.8287,-99.427,5908,Radio producer,1962-04-05,32.116645,-99.665803,0,79519,CUST002857,63,60+,Gold,14267.0,10067.1,75.38,61.77,1,3,734,32,51,WEB,Mobile,Biometric,Yes,No,No,No,8,Friday,False,0.0,0,Low Risk
2019-01-14 10:13:12,"Ferry, Reichel and DuBuque",grocery_net,53.37,M,Greenville,OH,40.0987,-84.6342,22930,Media planner,1971-11-26,40.222111,-85.264816,0,47383,CUST003271,54,41-60,Standard,6628.0,5861.63,36.06,28.53,1,2,1165,39,87,ATM,Mobile,Biometric,Yes,Yes,No,No,10,Monday,False,0.0,0,Low Risk
2019-01-14 15:37:25,"Roberts, Ryan and Smith",personal_care,28.6,M,Mesa,ID,44.6255,-116.4493,129,Cartographer,1965-12-15,44.913346,-117.182939,0,97834,CUST002900,60,41-60,Gold,17521.0,12682.92,19.59,22.79,5,3,1309,51,62,WEB,Online,OTP,Yes,Yes,No,No,15,Monday,False,0.0,0,Low Risk
2019-01-06 19:11:28,Kling-Ernser,entertainment,31.87,M,Key West,FL,24.6557,-81.3824,32891,Town planner,1987-02-13,24.511353,-82.204961,0,45777,CUST002693,38,26-40,Standard,4608.0,1212.31,22.31,32.62,8,2,364,22,73,MOBILE,Mobile,OTP,Yes,Yes,No,No,19,Sunday,True,0.0,0,Low Risk
2019-01-17 18:25:21,Crona and Sons,kids_pets,3.79,F,Sheffield,MA,42.1001,-73.3611,2121,Radio producer,1973-10-14,42.447654,-73.7555079999999,0,12156,CUST004358,52,41-60,Gold,17265.0,7094.82,3.07,3.48,9,2,362,41,93,MOBILE,Mobile,Biometric,Yes,Yes,No,No,18,Thursday,False,0.0,0,Low Risk
2019-01-04 04:31:42,"Lehner, Mosciski and King",misc_net,4.17,M,Pembroke,NC,34.6902,-79.1834,14783,Hospital doctor,1955-11-07,33.901324,-79.08685,0,29526,CUST007618,70,60+,Platinum,52646.0,17298.07,2.52,2.11,6,4,321,25,39,MOBILE,POS,OTP,Yes,Yes,No,No,4,Friday,False,0.0,0,Low Risk
2019-01-11 18:04:04,"Hahn, Bahringer and McLaughlin",personal_care,81.18,M,Murfreesboro,TN,35.8596,-86.421,158701,"Journalist, newspaper",1978-03-06,36.518345,-87.3764,0,37040,CUST004317,47,41-60,Standard,4740.0,3551.79,69.63,87.08,3,2,865,13,73,POS,ATM,Biometric,Yes,Yes,No,No,18,Friday,False,0.0,0,Low Risk
2019-01-18 21:32:54,Champlin-Casper,home,32.86,F,Daly City,CA,37.6787,-122.478,107941,"Buyer, industrial",1991-10-04,36.820109,-122.315843,0,45777,CUST002478,34,26-40,Platinum,50863.0,36680.68,23.12,31.13,11,3,827,65,68,ATM,POS,OTP,Yes,Yes,No,No,21,Friday,False,0.0,0,Low Risk
2019-01-10 21:27:28,"Reichert, Huels and Hoppe",shopping_net,28.39,F,Holcomb,KS,37.9931,-100.9893,2691,Arboriculturist,1993-08-16,38.211761,-101.455664,0,45777,CUST006776,32,26-40,Standard,6590.0,2565.54,17.13,25.03,8,3,1327,3,9,MOBILE,Online,Biometric,Yes,No,No,Yes,21,Thursday,False,0.0,0,Low Risk
2019-01-18 13:39:31,Goldner-Lemke,entertainment,101.11,F,Kirtland Afb,NM,35.0203,-106.5503,310,"Surveyor, land/geomatics",1978-09-30,35.6269,-106.514805,0,87044,CUST005395,47,41-60,Gold,17986.0,7418.77,69.6,68.64,7,2,206,84,6,MOBILE,POS,Biometric,Yes,Yes,No,No,13,Friday,False,0.0,0,Low Risk
2019-01-05 23:54:34,Jast and Sons,food_dining,29.48,F,Holstein,NE,40.4542,-98.6538,331,Telecommunications researcher,1950-08-19,40.888125,-98.98842,0,68866,CUST010594,75,60+,Standard,7337.0,5386.81,23.51,15.43,9,4,738,93,51,POS,POS,Biometric,Yes,Yes,No,No,23,Saturday,True,0.0,0,Low Risk
2019-01-14 23:20:28,"Lehner, Reichert and Mills",misc_pos,318.43,M,Espanola,NM,35.9866,-106.0654,18408,Historic buildings inspector/conservation officer,1972-07-18,35.688814,-107.036137,0,45777,CUST007534,53,41-60,Standard,4304.0,1400.6,279.61,257.27,8,2,1299,8,66,POS,Mobile,OTP,Yes,No,No,No,23,Monday,False,0.16,0,Low Risk
2019-01-15 17:33:17,Denesik and Sons,shopping_pos,9.14,F,Meridian,ID,43.6498,-116.4306,84106,Intelligence analyst,1971-02-11,43.164725,-116.701539,0,45777,CUST003759,54,41-60,Standard,5900.0,1355.13,6.84,10.91,5,3,819,14,65,ATM,Online,PIN,Yes,Yes,No,No,17,Tuesday,False,0.0,0,Low Risk
2019-01-15 12:22:59,Skiles LLC,home,28.27,F,Colorado Springs,CO,38.8881,-104.6556,525713,Museum/gallery exhibitions officer,1992-05-09,37.910117,-104.678183,0,81004,CUST006692,33,26-40,Standard,5424.0,2302.57,19.45,19.39,5,0,597,30,45,WEB,ATM,Biometric,Yes,Yes,No,No,12,Tuesday,False,0.0,0,Low Risk
2019-01-12 05:51:15,Gutmann Ltd,grocery_net,48.77,F,Wetmore,MI,46.3535,-86.6345,765,Immunologist,1972-06-12,46.404234,-86.290267,0,49884,CUST010705,53,41-60,Standard,5453.0,3211.28,32.17,57.08,10,0,395,100,11,ATM,POS,OTP,Yes,Yes,No,No,5,Saturday,True,0.0,0,Low Risk
2019-01-11 20:17:03,"Baumbach, Strosin and Nicolas",shopping_pos,224.07,F,Grover,NC,35.1836,-81.4552,5621,Toxicologist,1973-11-14,35.035233,-80.670543,0,28104,CUST000498,52,41-60,Gold,16586.0,11167.44,191.64,267.98,3,2,512,60,27,ATM,POS,PIN,Yes,Yes,No,No,20,Friday,False,0.03,0,Low Risk
2019-01-12 18:00:33,"Zemlak, Tillman and Cremin",personal_care,23.8,M,West Palm Beach,FL,26.7832,-80.0638,459921,"Administrator, arts",1969-09-08,27.526254,-80.356048,0,34946,CUST008818,56,41-60,Gold,14962.0,6444.26,15.66,27.57,5,0,291,60,98,ATM,POS,OTP,No,Yes,No,No,18,Saturday,True,0.0,0,Low Risk
2019-01-02 05:29:46,"Towne, Greenholt and Koepp",shopping_net,1.34,F,West Columbia,SC,33.9568,-81.1405,52126,Chemical engineer,1929-08-23,34.035818,-81.675798,0,29138,CUST008369,96,60+,Standard,7367.5,5591.14,1.24,0.89,5,0,320,88,11,ATM,Mobile,OTP,Yes,Yes,No,No,5,Wednesday,False,0.0,0,Low Risk
2019-01-14 02:52:38,"Reilly, Heaney and Cole",gas_transport,77.19,F,Bagley,WI,42.9207,-91.0685,878,Risk analyst,1974-11-20,42.71719,-92.027625,0,50664,CUST009537,51,41-60,Gold,15233.0,12903.29,68.2,65.24,3,4,804,41,94,WEB,Mobile,PIN,Yes,Yes,No,No,2,Monday,False,0.0,0,Low Risk
2019-01-17 18:43:54,Zulauf LLC,personal_care,31.7,F,Wetmore,MI,46.3535,-86.6345,765,Immunologist,1972-06-12,46.428975,-87.394058,0,49855,CUST003450,53,41-60,Standard,5851.0,3376.98,28.28,28.34,3,4,530,91,48,ATM,Online,Biometric,Yes,Yes,No,No,18,Thursday,False,0.0,0,Low Risk
2019-01-01 15:49:28,Volkman PLC,food_dining,19.06,M,Newark Valley,NY,42.2281,-76.1625,4354,Further education lecturer,1994-02-16,41.479491,-75.629587,0,18519,CUST006933,31,26-40,Standard,6966.0,4781.01,12.12,15.57,5,0,469,18,62,ATM,Mobile,Biometric,No,Yes,No,No,15,Tuesday,False,0.0,0,Low Risk
2019-01-16 08:12:34,Harris Group,food_dining,52.01,F,Veedersburg,IN,40.1186,-87.2602,4049,"Development worker, community",1959-10-19,40.637726,-87.4485699999999,0,47942,CUST000604,66,60+,Gold,15756.0,10073.0,36.43,62.06,11,4,939,51,10,POS,POS,OTP,Yes,Yes,No,No,8,Wednesday,False,0.0,0,Low Risk
2019-01-13 07:18:55,Volkman Ltd,misc_net,4.81,M,Ashfield,MA,42.5232,-72.811,1506,"Production assistant, radio",1960-04-03,43.400369,-73.558376,0,12827,CUST002864,65,60+,Standard,5628.0,3901.04,4.42,4.58,9,0,794,73,23,WEB,Mobile,OTP,Yes,No,No,No,7,Sunday,True,0.0,0,Low Risk
2019-01-12 09:07:04,Friesen-D'Amore,gas_transport,53.8,F,Avoca,IA,41.4768,-95.3509,2036,Engineering geologist,1971-08-20,41.294685,-94.479626,0,50849,CUST001086,54,41-60,Standard,4564.0,2122.99,39.46,51.28,5,2,1315,85,89,POS,ATM,Biometric,Yes,No,No,No,9,Saturday,True,0.0,0,Low Risk
2019-01-18 22:49:32,"Romaguera, Wehner and Tromp",kids_pets,40.29,F,Baton Rouge,LA,30.4066,-91.1468,378909,"Designer, furniture",1977-02-22,29.753927,-91.041438,0,70380,CUST004388,48,41-60,Gold,15886.0,13912.98,30.57,33.39,9,3,629,76,68,WEB,Online,PIN,Yes,No,No,No,22,Friday,False,0.0,0,Low Risk
2019-01-06 22:07:28,"Hettinger, McCullough and Fay",home,90.51,M,Saxon,WI,46.4959,-90.4383,795,Television/film/video producer,1986-04-15,45.56763,-89.485534,0,54501,CUST003247,39,26-40,Gold,14005.0,10434.7,84.09,90.93,3,2,579,81,64,ATM,Mobile,Biometric,Yes,Yes,Yes,No,22,Sunday,True,0.0,0,Low Risk
2019-01-16 04:11:43,Halvorson Group,misc_pos,38.73,M,Bolivar,PA,40.3673,-79.1605,1770,"Administrator, local government",1994-12-08,40.772222,-79.836206,0,16056,CUST006862,31,26-40,Standard,7982.0,4543.76,25.66,42.41,9,3,1017,82,76,ATM,Online,OTP,Yes,No,Yes,No,4,Wednesday,False,0.01,0,Low Risk
2019-01-15 14:46:30,Rippin-VonRueden,health_fitness,147.51,M,Keller,TX,32.9276,-97.2489,95035,Probation officer,1987-06-13,33.327433,-96.899448,0,76227,CUST009895,38,26-40,Standard,4462.0,1603.63,114.38,176.53,6,4,82,40,37,ATM,POS,PIN,Yes,No,No,No,14,Tuesday,False,0.0,0,Low Risk
2019-01-13 04:38:26,Gutmann Ltd,grocery_net,63.31,M,Aledo,TX,32.7004,-97.6039,13602,Optometrist,1984-07-05,32.153999,-96.910038,0,76651,CUST008019,41,41-60,Standard,5224.0,3001.92,51.48,47.63,1,2,645,67,51,MOBILE,Online,Biometric,Yes,No,No,No,4,Sunday,True,0.0,0,Low Risk
2019-01-06 15:09:57,Hirthe-Beier,health_fitness,17.05,F,Plymouth,CT,41.6611,-73.0449,2376,Herpetologist,1973-04-06,41.121136,-73.263535,0,6824,CUST010512,52,41-60,Standard,7646.0,6824.93,11.04,12.2,1,0,48,94,1,WEB,ATM,OTP,Yes,No,No,No,15,Sunday,True,0.0,0,Low Risk
2019-01-01 22:04:54,"Hettinger, McCullough and Fay",home,105.65,F,Daly City,CA,37.6787,-122.478,107941,"Buyer, industrial",1991-10-04,38.514981,-122.023423,0,95694,CUST005870,34,26-40,Gold,17441.0,8209.98,66.17,125.67,6,3,414,2,81,MOBILE,POS,Biometric,Yes,No,No,Yes,22,Tuesday,False,0.01,0,Low Risk
2019-01-01 17:08:40,"Schroeder, Wolff and Hermiston",travel,1.23,M,Southfield,MI,42.4969,-83.2911,75830,"Engineer, automotive",1974-12-28,41.855958,-82.644269,0,45777,CUST001929,51,41-60,Standard,7191.0,5674.15,0.91,1.44,9,4,1275,69,37,WEB,ATM,OTP,Yes,Yes,No,No,17,Tuesday,False,0.0,0,Low Risk
2019-01-07 19:30:30,Weimann-Lockman,kids_pets,117.34,F,Naples,FL,26.1184,-81.7361,276002,"Pilot, airline",1934-06-23,25.278511,-81.095835,0,45777,CUST003782,91,60+,Platinum,49393.0,10141.26,104.12,132.35,1,2,1047,9,73,ATM,POS,OTP,Yes,No,No,Yes,19,Monday,False,0.02,0,Low Risk
2019-01-06 07:22:28,Kuvalis Ltd,gas_transport,46.74,F,Brownville,NY,44.0577,-76.0196,1271,"Producer, radio",1958-08-14,44.673985,-75.724349,0,13664,CUST004963,67,60+,Standard,5907.0,2685.31,31.69,44.75,11,4,343,79,11,WEB,ATM,Biometric,Yes,Yes,No,No,7,Sunday,True,0.0,0,Low Risk
2019-01-09 04:04:45,Larson-Moen,entertainment,51.73,M,Huntsville,AL,34.6205,-86.551,190178,"Engineer, automotive",1959-06-06,35.328664,-85.9625339999999,0,37342,CUST002793,66,60+,Standard,7901.0,6970.27,39.93,53.57,10,4,89,46,44,ATM,Online,OTP,Yes,Yes,No,No,4,Wednesday,False,0.0,0,Low Risk
2019-01-15 12:59:07,Jast-McDermott,shopping_pos,7.26,F,Red River,NM,36.6659,-105.4694,606,"Surveyor, land/geomatics",1988-09-06,36.350142,-105.736933,0,87557,CUST007564,37,26-40,Platinum,51144.0,19693.89,5.45,6.87,3,2,328,17,85,ATM,Mobile,PIN,Yes,Yes,No,No,12,Tuesday,False,0.0,0,Low Risk
2019-01-16 16:11:32,Mosciski Group,travel,2.25,M,Luray,MO,40.4931,-91.8912,519,Town planner,1966-02-13,40.849536,-92.1356,0,52588,CUST000939,59,41-60,Gold,14740.0,10033.51,1.71,2.08,4,0,929,65,51,MOBILE,POS,Biometric,Yes,No,No,No,16,Wednesday,False,0.0,0,Low Risk
2019-01-12 05:16:54,Bruen-Yost,misc_pos,282.48,F,Mansfield,OH,40.7559,-82.5123,92985,Press photographer,1968-05-29,40.459221,-83.472492,0,43340,CUST007591,57,41-60,Standard,4295.0,3290.45,260.83,208.29,7,4,398,82,51,WEB,ATM,PIN,Yes,No,No,No,5,Saturday,True,0.09,0,Low Risk
2019-01-15 01:49:14,Hickle Group,shopping_pos,8.58,F,Tampa,FL,28.06,-82.4079,717255,Waste management officer,1966-09-16,28.990236,-83.102141,0,45777,CUST001066,59,41-60,Gold,16243.0,10281.14,5.32,10.18,9,1,272,50,26,ATM,Mobile,OTP,Yes,No,No,No,1,Tuesday,False,0.01,0,Low Risk
2019-01-09 05:00:08,Kunde-Sanford,misc_net,8.56,M,Mount Hope,AL,34.4793,-87.4769,1312,"Librarian, academic",1955-02-01,33.703608,-87.793078,0,35555,CUST010611,70,60+,Gold,16691.0,10405.35,7.7,5.44,5,1,610,57,6,ATM,Mobile,OTP,Yes,Yes,No,No,5,Wednesday,False,0.0,0,Low Risk
2019-01-11 14:29:04,Medhurst PLC,shopping_net,6.01,F,Avoca,IA,41.4768,-95.3509,2036,Engineering geologist,1971-08-20,42.433031,-95.472161,0,51025,CUST007196,54,41-60,Gold,15159.0,12322.48,4.16,4.78,2,3,563,56,49,POS,Mobile,PIN,Yes,Yes,No,No,14,Friday,False,0.0,0,Low Risk
2019-01-05 08:50:05,Mraz-Herzog,gas_transport,38.64,F,Esbon,KS,39.7562,-98.4462,242,Tourism officer,1987-07-18,40.684463,-98.045061,0,68944,CUST008286,38,26-40,Gold,16490.0,5474.43,23.36,38.37,8,4,1396,50,29,MOBILE,ATM,PIN,No,Yes,No,No,8,Saturday,True,0.0,0,Low Risk
2019-01-13 12:48:58,Runte-Mohr,food_dining,89.64,F,Kingsport,TN,36.4715,-82.4834,87124,Warden/ranger,1987-02-14,36.351513,-81.652109,0,28684,CUST004376,38,26-40,Standard,6879.0,4482.125,64.03,86.8,4,1,328,65,63,ATM,POS,Biometric,Yes,No,No,No,12,Sunday,True,0.0,0,Low Risk
2019-01-14 04:16:50,Emmerich-Luettgen,grocery_net,71.54,F,Elberta,MI,44.5995,-86.2141,372,"Exhibitions officer, museum/gallery",1995-07-12,43.863436,-86.6567439999999,0,45777,CUST009091,30,26-40,Platinum,50026.0,28785.54,45.4,79.88,10,0,824,26,22,WEB,Mobile,Biometric,Yes,Yes,No,No,4,Monday,False,0.0,0,Low Risk
2019-01-10 16:32:29,"Ferry, Lynch and Kautzer",misc_net,3.82,M,Key West,FL,24.6557,-81.3824,32891,Town planner,1987-02-13,25.206733,-80.733036,0,33034,CUST010592,38,26-40,Platinum,49660.0,28133.92,3.37,3.84,1,2,1350,84,48,MOBILE,Online,PIN,Yes,Yes,No,No,16,Thursday,False,0.01,0,Low Risk
2019-01-01 05:26:20,"Douglas, Schneider and Turner",shopping_pos,8.31,F,Warren,OH,41.2639,-80.8164,75903,Magazine features editor,1957-04-05,40.862123,-80.581478,0,44445,CUST010443,68,60+,Standard,5098.0,1557.71,5.31,5.66,2,0,373,36,46,ATM,Online,OTP,Yes,Yes,No,Yes,5,Tuesday,False,0.0,0,Low Risk
2019-01-14 10:12:41,Wiegand-Lowe,grocery_net,45.96,F,Phenix City,AL,32.4204,-85.0796,59744,Chemical engineer,1984-02-07,31.519818,-84.558736,0,39866,CUST005547,41,41-60,Gold,17007.0,8730.75,36.68,23.87,2,3,56,66,92,WEB,Mobile,OTP,Yes,No,No,No,10,Monday,False,0.0,0,Low Risk
2019-01-16 01:25:49,Cummerata-Jones,gas_transport,53.61,F,New Memphis,IL,38.4857,-89.6816,254,Magazine journalist,1952-05-07,39.335794,-89.304996,0,62075,CUST006476,73,60+,Standard,7817.0,4220.52,41.57,37.26,8,1,1341,28,17,POS,ATM,PIN,Yes,Yes,No,No,1,Wednesday,False,0.01,0,Low Risk
2019-01-18 17:07:13,Deckow-Dare,food_dining,19.14,M,Woodville,AL,34.6689,-86.2296,3395,"Editor, commissioning",1979-01-21,35.422445,-85.540293,0,37365,CUST005498,46,41-60,Gold,16862.0,11245.14,16.47,22.35,5,4,1314,89,24,ATM,Mobile,Biometric,Yes,Yes,No,No,17,Friday,False,0.0,0,Low Risk
2019-01-14 12:31:33,"Mante, Luettgen and Hackett",health_fitness,196.72,F,Sun City,CA,33.7467,-117.1721,54287,"Designer, exhibition/display",1972-09-22,34.029492,-117.329215,0,92313,CUST010797,53,41-60,Standard,7541.0,5541.14,185.98,120.02,3,3,1030,32,12,WEB,Online,Biometric,Yes,Yes,No,No,12,Monday,False,0.0,0,Low Risk
2019-01-02 22:30:27,"Gottlieb, Considine and Schultz",shopping_net,3.92,F,Jelm,WY,41.0539,-106.0763,100,Public librarian,1974-04-16,40.945447,-106.16601,0,45777,CUST003057,51,41-60,Gold,16882.0,6699.22,2.88,3.95,5,0,1052,50,51,MOBILE,Mobile,Biometric,Yes,Yes,No,No,22,Wednesday,False,0.0,0,Low Risk
2019-01-03 16:54:18,"Hoppe, Harris and Bednar",entertainment,106.4,F,Leonard,TX,33.4044,-96.2238,4090,Sub,1977-03-23,33.708506,-95.296496,0,75436,CUST003383,48,41-60,Gold,17750.0,4457.77,36.06,86.65,5,1,624,19,61,ATM,Online,Biometric,Yes,No,No,No,16,Thursday,False,0.0,0,Low Risk
2019-01-13 17:14:02,Gulgowski LLC,home,116.41,M,New Holstein,WI,43.9446,-88.0911,5196,Child psychotherapist,1978-01-22,44.753397,-88.825186,0,54928,CUST003027,47,41-60,Gold,14268.0,11275.25,36.06,67.92,4,1,1183,40,39,POS,ATM,OTP,No,Yes,No,No,17,Sunday,True,0.0,0,Low Risk
2019-01-03 19:36:49,O'Connell-Ullrich,home,168.34,M,Nelson,NE,40.201,-98.0684,732,Television/film/video producer,1956-12-13,40.220979,-97.632462,0,68315,CUST008713,69,60+,Standard,7278.0,4874.01,144.62,146.3,5,3,878,81,23,MOBILE,Online,OTP,No,Yes,No,No,19,Thursday,False,0.0,0,Low Risk
2019-01-08 18:19:02,Mayert Group,shopping_pos,16.52,M,Arvada,CO,39.8422,-105.1097,122111,Hotel manager,1987-05-23,39.078879,-104.839107,0,80132,CUST005662,38,26-40,Gold,16912.0,7139.8,13.07,12.85,5,1,921,17,85,WEB,ATM,OTP,Yes,No,No,No,18,Tuesday,False,0.0,0,Low Risk
2019-01-14 16:02:04,"Konopelski, Schneider and Hartmann",food_dining,16.81,F,Goodrich,MI,42.9147,-83.4845,6951,Learning disability nurse,1985-06-18,43.493674,-83.589105,0,48733,CUST009997,40,26-40,Gold,17015.0,14774.35,13.12,18.49,4,3,797,98,99,ATM,POS,Biometric,Yes,No,No,No,16,Monday,False,0.0,0,Low Risk
2019-01-09 02:53:29,Turcotte-Halvorson,misc_pos,41.46,M,Acworth,NH,43.196,-72.3001,477,Naval architect,1988-04-15,43.080496,-72.102737,0,3464,CUST009868,37,26-40,Standard,4987.0,3504.91,36.55,32.23,9,2,1417,35,51,POS,Mobile,PIN,Yes,No,No,No,2,Wednesday,False,0.0,0,Low Risk
2019-01-04 16:25:24,Kulas Group,health_fitness,73.02,M,Norwalk,CA,33.9056,-118.0818,105549,Firefighter,1973-09-22,34.406378,-118.414331,0,91387,CUST001497,52,41-60,Gold,14734.0,5396.87,46.56,73.48,4,4,1432,31,53,ATM,Mobile,PIN,Yes,No,No,No,16,Friday,False,0.0,0,Low Risk
2019-01-04 16:51:28,"Prosacco, Kreiger and Kovacek",home,36.55,M,Fairview,NJ,40.817,-74.0,13835,"Programmer, multimedia",1967-05-28,41.282466,-74.017966,0,10986,CUST007132,58,41-60,Gold,16493.0,9464.08,33.27,36.24,4,1,149,78,81,ATM,ATM,Biometric,Yes,Yes,No,Yes,16,Friday,False,0.0,0,Low Risk
2019-01-15 07:49:27,Ruecker Group,misc_net,44.08,F,Clayton,OK,34.5906,-95.38,1760,Occupational psychologist,1972-01-20,33.754857,-95.492272,0,75473,CUST005862,53,41-60,Standard,5354.0,1948.64,32.38,44.59,1,3,788,97,25,MOBILE,Online,Biometric,Yes,Yes,No,No,7,Tuesday,False,0.0,0,Low Risk
2019-01-11 10:38:22,"Streich, Hansen and Veum",gas_transport,27.04,F,Cottekill,NY,41.8467,-74.1038,722,Comptroller,1990-10-19,42.157852,-73.273106,0,1245,CUST006326,35,26-40,Standard,5923.0,2223.01,17.59,26.36,8,3,778,24,50,ATM,Mobile,OTP,Yes,Yes,No,No,10,Friday,False,0.0,0,Low Risk
2019-01-12 09:04:28,O'Keefe-Hudson,grocery_pos,106.68,F,Campbell,NE,40.2967,-98.737,493,"Surveyor, minerals",1940-09-13,40.283628,-99.199374,0,68982,CUST004750,85,60+,Platinum,49312.0,14517.78,95.01,91.08,5,4,827,11,85,ATM,POS,OTP,Yes,No,No,No,9,Saturday,True,0.0,0,Low Risk
2019-01-02 23:42:56,Skiles LLC,home,50.96,F,Independence,MO,39.1412,-94.3515,123373,"Engineer, production",1992-11-27,39.728784,-93.49938,0,64601,CUST001587,33,26-40,Gold,14352.0,4855.91,43.04,26.73,6,1,309,99,2,POS,POS,Biometric,No,Yes,No,Yes,23,Wednesday,False,0.0,0,Low Risk
2019-01-14 23:59:39,"Wuckert, Wintheiser and Friesen",home,11.63,F,Stayton,OR,44.8021,-122.7624,9587,"Engineer, biomedical",1968-03-24,44.087354,-122.857921,0,97478,CUST003653,57,41-60,Standard,7219.0,2924.12,8.47,11.52,9,1,1135,73,69,ATM,Mobile,Biometric,Yes,No,No,No,23,Monday,False,0.02,0,Low Risk
2019-01-11 08:16:38,Huel Ltd,misc_net,3.53,M,Tallmansville,WV,38.8564,-80.158,571,Accounting technician,1967-09-16,38.327117,-79.699834,0,24468,CUST005334,58,41-60,Gold,17369.0,14959.66,2.87,1.84,7,0,1257,39,86,WEB,Online,Biometric,No,No,No,No,8,Friday,False,0.0,0,Low Risk
2019-01-04 14:51:12,Bednar PLC,kids_pets,86.87,F,Hinckley,OH,41.2419,-81.7453,7646,Medical sales representative,1988-09-15,41.309663,-81.047613,0,44231,CUST004425,37,26-40,Standard,4577.0,2454.58,61.56,53.35,6,1,200,76,73,ATM,ATM,PIN,No,No,No,No,14,Friday,False,0.0,0,Low Risk
2019-01-15 05:22:59,Schmidt and Sons,shopping_net,7.88,M,Arcadia,MI,44.5232,-86.2061,680,"Designer, jewellery",1966-12-21,44.291458,-86.970214,0,45777,CUST008828,59,41-60,Standard,7169.0,5772.74,5.83,37.755,8,2,669,70,17,MOBILE,Mobile,PIN,No,No,No,No,5,Tuesday,False,0.0,0,Low Risk
2019-01-14 12:17:05,Crona and Sons,kids_pets,36.93,M,Paint Rock,AL,34.7031,-86.3068,653,Paediatric nurse,1966-06-19,33.722185,-85.843685,0,36206,CUST009563,59,41-60,Standard,4800.0,2926.41,30.19,29.26,5,2,594,85,60,ATM,Online,Biometric,Yes,Yes,No,No,12,Monday,False,0.0,0,Low Risk
2019-01-17 21:50:25,Romaguera Ltd,health_fitness,1.06,F,North Prairie,WI,42.9385,-88.395,2328,Applications developer,1942-01-06,43.867346,-88.467255,0,54979,CUST010530,83,60+,Standard,7087.0,2791.28,0.86,0.83,6,2,620,60,57,WEB,Mobile,Biometric,Yes,No,No,No,21,Thursday,False,0.0,0,Low Risk
2019-01-12 09:16:19,Conroy-Cruickshank,gas_transport,66.4,F,Rocky Mount,MO,38.2911,-92.7059,1847,Tax inspector,1988-10-26,38.515773,-93.436614,0,65360,CUST009556,37,26-40,Gold,15178.0,12174.43,59.18,76.7,7,4,650,34,51,ATM,Mobile,OTP,Yes,Yes,No,No,9,Saturday,True,0.0,0,Low Risk
2019-01-08 03:30:10,"Turner, Ruecker and Parisian",misc_pos,74.15,F,Fort Myers,FL,26.4722,-81.8122,224256,Paramedic,1985-08-29,27.363997,-81.649369,0,45777,CUST000275,40,26-40,Standard,6370.0,2242.98,58.17,62.06,7,2,914,35,62,POS,POS,OTP,Yes,No,No,No,3,Tuesday,False,0.0,0,Low Risk
2019-01-15 15:58:07,Sawayn PLC,shopping_pos,59.97,M,Murfreesboro,TN,35.8596,-86.421,158701,"Journalist, newspaper",1978-03-06,36.812506,-86.096909,0,42156,CUST004181,47,41-60,Standard,5591.0,3134.7,44.39,68.25,5,1,918,95,51,WEB,ATM,Biometric,Yes,Yes,Yes,No,15,Tuesday,False,0.0,0,Low Risk
2019-01-06 13:04:49,Lynch-Wisozk,home,14.98,F,Lowell,OR,43.921,-122.7806,1420,Systems analyst,1965-11-11,44.551673,-122.453618,0,45777,CUST005818,60,41-60,Standard,6506.0,1345.63,9.61,14.46,6,2,348,78,30,ATM,POS,OTP,Yes,Yes,No,No,13,Sunday,True,0.0,0,Low Risk
2019-01-15 17:21:17,Nader-Maggio,personal_care,3.84,M,Arnold,MO,38.4305,-90.387,35439,Land/geomatics surveyor,1985-03-31,37.866684,-91.323451,0,65446,CUST005707,40,26-40,Standard,6015.0,4213.73,2.45,3.27,10,4,746,33,8,POS,Online,PIN,Yes,Yes,No,No,17,Tuesday,False,0.0,0,Low Risk
2019-01-07 12:06:59,Lubowitz-Walter,kids_pets,79.92,M,East Rochester,NY,43.1128,-77.4906,8019,Retail buyer,1928-06-26,43.518884,-77.846262,0,45777,CUST003626,97,60+,Platinum,51395.0,11391.61,49.02,63.45,5,0,426,5,33,ATM,Online,Biometric,Yes,Yes,No,No,12,Monday,False,0.0,0,Low Risk
2019-01-04 18:00:50,Skiles LLC,home,6.18,M,Spearsville,LA,32.955,-92.587,1758,"Psychologist, forensic",1957-08-08,32.935675,-92.34597,0,71260,CUST000536,68,60+,Gold,16742.0,8494.72,4.17,3.54,7,3,212,79,28,POS,Online,Biometric,Yes,No,No,No,18,Friday,False,0.0,0,Low Risk
2019-01-09 14:48:55,"O'Reilly, Mohr and Purdy",home,1.51,F,Bowersville,OH,39.5756,-83.7153,338,Quantity surveyor,1988-07-28,39.907988,-84.2681949999999,0,45322,CUST001078,37,26-40,Gold,14580.0,12689.3,1.09,0.97,10,4,1318,54,76,POS,ATM,PIN,Yes,Yes,No,No,14,Wednesday,False,0.0,0,Low Risk
2019-01-04 09:32:59,"Johnson, Runolfsdottir and Mayer",misc_net,9.41,F,Meredith,CO,39.3199,-106.6596,61,Public relations account executive,1939-11-04,39.234361,-105.821303,0,80440,CUST008042,86,60+,Platinum,52713.0,4482.125,6.69,5.35,7,3,921,95,4,POS,ATM,OTP,Yes,Yes,Yes,No,9,Friday,False,0.0,0,Low Risk
2019-01-03 22:02:07,Bernhard-Lesch,food_dining,56.55,M,Graniteville,VT,44.1554,-72.4847,970,Agricultural consultant,1993-09-29,44.57524,-72.054452,0,5850,CUST004607,32,26-40,Standard,7808.0,2706.05,39.9,51.73,2,3,699,33,85,MOBILE,ATM,PIN,Yes,No,No,Yes,22,Thursday,False,0.0,0,Low Risk
2019-01-15 14:43:40,"Effertz, Welch and Schowalter",entertainment,9.34,F,Allenhurst,NJ,40.2367,-74.0067,1533,"Administrator, charities/voluntary organisations",1935-04-15,39.919896,-74.9440209999999,0,8053,CUST009720,90,60+,Standard,4298.0,2935.96,6.29,7.53,5,4,973,68,51,ATM,POS,PIN,Yes,Yes,No,No,14,Tuesday,False,0.0,0,Low Risk
2019-01-14 12:26:51,Gleason and Sons,kids_pets,4.64,M,Tyaskin,MD,38.2833,-75.8465,470,Music tutor,1965-04-07,38.459851,-76.315636,0,21648,CUST002867,60,41-60,Standard,4096.0,1751.43,3.6,3.84,6,0,1150,92,76,WEB,POS,PIN,Yes,No,No,No,12,Monday,False,0.0,0,Low Risk
2019-01-01 08:15:39,"Jenkins, Hauck and Friesen",gas_transport,74.17,M,San Antonio,TX,29.3641,-98.4924,1595797,Land,1995-10-17,30.26032,-97.550323,0,78725,CUST006123,30,26-40,Standard,6831.0,2002.42,49.73,56.75,5,0,206,20,90,MOBILE,POS,PIN,Yes,Yes,No,No,8,Tuesday,False,0.0,0,Low Risk
2019-01-06 10:33:19,"Mosciski, Gislason and Mertz",grocery_pos,121.54,F,Blooming Grove,TX,32.0758,-96.701,1563,Financial adviser,1978-03-04,32.667271,-97.045079,0,75052,CUST001015,47,41-60,Standard,7007.0,2187.45,85.72,120.78,4,3,1022,90,100,MOBILE,POS,PIN,Yes,Yes,No,No,10,Sunday,True,0.0,0,Low Risk
2019-01-15 17:51:36,"Champlin, Rolfson and Connelly",travel,3.72,F,May,TX,31.9571,-98.9656,1791,Corporate investment banker,1965-07-26,32.884955,-99.626614,0,79503,CUST006756,60,41-60,Platinum,51547.0,33802.8,3.5,2.48,5,0,141,93,93,MOBILE,Online,PIN,No,No,No,No,17,Tuesday,False,0.0,0,Low Risk
2019-01-18 13:11:32,Frami Group,entertainment,13.06,F,Kingsport,TN,36.4715,-82.4834,87124,Warden/ranger,1987-02-14,37.460855,-83.405368,0,41390,CUST007262,38,26-40,Standard,5466.0,4106.49,9.25,7.48,8,0,307,95,19,POS,POS,PIN,Yes,No,No,Yes,13,Friday,False,0.0,0,Low Risk
2019-01-11 01:30:12,Pfeffer and Sons,shopping_pos,846.52,F,Nobleboro,ME,44.0943,-69.4828,1643,Financial trader,1976-04-12,43.427383,-69.409292,1,45777,CUST005786,49,41-60,Standard,5855.0,4243.08,541.54,495.78,3,0,880,40,41,POS,Online,PIN,Yes,Yes,No,No,1,Friday,False,0.49,1,Medium Risk
2019-01-13 21:20:14,Ullrich Ltd,kids_pets,64.66,M,Greenwich,NJ,39.4055,-75.3209,804,Insurance risk surveyor,1965-03-25,39.155479,-75.391286,0,19902,CUST008513,60,41-60,Gold,16732.0,13763.56,57.79,33.82,7,2,310,38,80,ATM,Mobile,PIN,Yes,No,No,No,21,Sunday,True,0.0,0,Low Risk
2019-01-12 17:41:44,"Hills, Hegmann and Schaefer",health_fitness,12.84,F,Plymouth,CT,41.6611,-73.0449,2376,Herpetologist,1973-04-06,40.816742,-73.8788319999999,0,10474,CUST000643,52,41-60,Standard,6993.0,3590.56,11.29,9.8,11,2,387,18,44,MOBILE,ATM,Biometric,Yes,Yes,No,No,17,Saturday,True,0.0,0,Low Risk
2019-01-08 22:33:11,"Klocko, Runolfsdottir and Breitenberg",health_fitness,18.75,F,University,MS,34.3396,-89.5736,4198,Curator,2001-06-22,34.296307,-88.730334,0,38801,CUST008443,24,18-25,Gold,17475.0,4973.15,16.21,18.81,1,4,798,54,60,WEB,ATM,PIN,Yes,Yes,No,Yes,22,Tuesday,False,0.01,0,Low Risk
2019-01-11 14:43:21,"Kutch, Steuber and Gerhold",food_dining,106.22,F,Keisterville,PA,39.9636,-79.7853,184,Systems developer,1945-11-04,40.552469,-79.642868,0,15690,CUST006665,80,60+,Standard,7998.0,5673.4,76.72,125.34,9,1,247,74,73,POS,Mobile,PIN,Yes,Yes,No,No,14,Friday,False,0.0,0,Low Risk
2019-01-10 18:11:15,Nolan-Williamson,kids_pets,52.52,M,Grand Junction,TN,35.0659,-89.1534,1804,Clothing/textile technologist,1974-10-15,34.870351,-89.6835189999999,0,38611,CUST005158,51,41-60,Gold,14291.0,4596.53,36.42,60.63,2,3,283,55,5,ATM,POS,PIN,Yes,Yes,No,No,18,Thursday,False,0.0,0,Low Risk
2019-01-03 11:50:03,Schmitt Inc,gas_transport,62.3,M,Spearsville,LA,32.955,-92.587,1758,"Psychologist, forensic",1957-08-08,31.96875,-92.429453,0,71473,CUST007471,68,60+,Standard,7445.0,6516.42,46.13,58.48,9,1,1198,67,40,MOBILE,Online,PIN,Yes,Yes,No,No,11,Thursday,False,0.0,0,Low Risk
2019-01-16 15:44:04,Emmerich-Rau,personal_care,74.99,M,Lonetree,WY,41.0552,-110.1603,49,Research scientist (physical sciences),1981-07-05,40.86119,-109.446652,0,45777,CUST000867,44,41-60,Standard,4462.0,3137.24,50.0,73.94,9,0,1367,80,27,ATM,POS,Biometric,Yes,Yes,No,No,15,Wednesday,False,0.0,0,Low Risk
2019-01-18 21:43:19,Volkman PLC,food_dining,65.22,M,Bolivar,PA,40.3673,-79.1605,1770,"Administrator, local government",1994-12-08,41.029569,-78.257874,0,16858,CUST010134,31,26-40,Gold,16400.0,4296.67,47.38,51.77,9,1,1068,72,30,ATM,Online,PIN,Yes,Yes,No,No,21,Friday,False,0.0,0,Low Risk
2019-01-08 06:51:49,Grimes LLC,entertainment,15.92,M,Kingsville,MD,39.4558,-76.4147,5451,Science writer,1961-12-05,39.227278,-75.751221,0,21651,CUST000570,64,60+,Standard,6071.0,2757.96,13.68,18.72,11,0,652,5,51,POS,POS,PIN,Yes,Yes,No,Yes,6,Tuesday,False,0.0,0,Low Risk
2019-01-14 03:59:03,Ruecker Group,misc_net,2.12,M,Sachse,TX,32.9643,-96.6012,20328,Site engineer,1985-06-20,33.688762,-96.285684,0,75476,CUST008135,40,26-40,Gold,14740.0,8438.16,2.0,2.2,6,3,368,4,40,WEB,ATM,OTP,Yes,Yes,No,No,3,Monday,False,0.02,0,Low Risk
2019-01-04 11:23:22,"Streich, Hansen and Veum",gas_transport,70.26,M,Marienville,PA,41.4622,-79.1306,4172,"Copywriter, advertising",1962-03-20,40.728524,-79.782957,0,16056,CUST003700,63,60+,Standard,5295.0,3802.89,59.24,62.8,7,3,96,82,27,MOBILE,POS,PIN,Yes,Yes,No,No,11,Friday,False,0.0,0,Low Risk
2019-01-15 16:19:56,"Graham, Hegmann and Hammes",food_dining,1.94,M,Corriganville,MD,39.6967,-78.8031,626,Energy engineer,1960-12-13,40.175169,-77.868118,0,17255,CUST006100,65,60+,Standard,4331.0,3680.73,1.6,1.97,3,2,646,40,1,MOBILE,ATM,Biometric,Yes,No,No,No,16,Tuesday,False,0.0,0,Low Risk
2019-01-14 04:56:03,"Streich, Hansen and Veum",gas_transport,97.49,M,Cedar,MI,44.8605,-85.8138,3096,"Social research officer, government",1975-10-11,44.307897,-86.419569,0,49660,CUST000585,50,41-60,Standard,4146.0,886.07,71.8,67.9,2,3,357,92,91,MOBILE,Mobile,OTP,Yes,No,No,No,4,Monday,False,0.01,0,Low Risk
2019-01-08 18:19:10,Reichel Inc,entertainment,57.27,M,East Troy,WI,42.8035,-88.4092,9679,"Engineer, production",1991-04-11,42.127219,-87.498956,0,45777,CUST009019,34,26-40,Standard,7761.0,4943.82,38.96,30.02,10,4,827,86,29,POS,ATM,PIN,Yes,Yes,No,Yes,18,Tuesday,False,0.0,0,Low Risk
2019-01-07 19:57:36,Kub PLC,personal_care,1.75,M,Gretna,LA,29.8872,-90.0331,55581,Biomedical scientist,1972-09-12,30.282959,-89.374282,0,39576,CUST005645,53,41-60,Standard,5918.0,4550.46,1.08,1.03,9,2,1111,99,44,MOBILE,POS,Biometric,Yes,Yes,No,No,19,Monday,False,0.0,0,Low Risk
2019-01-05 22:00:26,"O'Connell, Botsford and Hand",home,22.14,F,Metairie,LA,29.9975,-90.2146,137067,Advertising account planner,1951-12-04,30.647683,-89.366623,0,45777,CUST006834,74,60+,Standard,4144.0,1155.04,17.87,11.39,3,3,1341,8,100,ATM,POS,OTP,Yes,Yes,No,Yes,22,Saturday,True,0.01,0,Low Risk
2019-01-02 12:27:01,Thiel PLC,misc_pos,10.48,F,Kingsport,TN,36.4715,-82.4834,87124,Warden/ranger,1987-02-14,36.560302,-81.811789,0,37680,CUST006343,38,26-40,Gold,17823.0,9192.33,9.5,37.755,8,3,1035,34,50,ATM,Online,PIN,No,No,No,No,12,Wednesday,False,0.0,0,Low Risk
2019-01-07 15:09:50,"Altenwerth, Cartwright and Koss",shopping_net,101.2,F,Newhall,CA,34.3795,-118.523,34882,Health physicist,1971-04-25,33.53078,-118.300224,0,45777,CUST006088,54,41-60,Standard,6251.0,3313.78,85.98,85.77,10,3,1103,58,48,WEB,ATM,OTP,Yes,Yes,No,No,15,Monday,False,0.0,0,Low Risk
2019-01-08 10:08:08,Abbott-Rogahn,entertainment,171.37,F,Albuquerque,NM,35.0561,-106.5506,641349,Charity officer,1967-01-24,35.785827,-107.101501,0,45777,CUST006847,58,41-60,Standard,5946.0,2933.79,162.27,121.08,2,2,1349,50,17,ATM,Online,OTP,Yes,No,No,No,10,Tuesday,False,0.01,0,Low Risk
2019-01-06 22:16:10,Schmidt-Larkin,home,38.08,F,North Loup,NE,41.4972,-98.7858,509,"Nurse, children's",1980-09-15,41.494867,-99.060749,0,68815,CUST009087,45,41-60,Gold,15935.0,7111.18,31.12,41.54,2,4,1376,73,17,MOBILE,Mobile,Biometric,Yes,No,No,No,22,Sunday,True,0.01,0,Low Risk
2019-01-12 18:59:18,Baumbach Ltd,personal_care,10.34,M,Sachse,TX,32.9643,-96.6012,20328,Site engineer,1985-06-20,32.519873,-96.574602,0,75125,CUST009809,40,26-40,Gold,17669.0,9780.91,8.32,6.06,6,0,500,19,71,WEB,Mobile,PIN,Yes,Yes,No,No,18,Saturday,True,0.0,0,Low Risk
2019-01-14 13:01:47,"Reinger, Weissnat and Strosin",food_dining,134.21,F,Ronceverte,WV,37.7418,-80.4626,4575,Statistician,1991-10-22,38.427014,-79.803881,0,24944,CUST003398,34,26-40,Standard,7353.0,4664.05,83.16,105.51,10,0,576,61,63,MOBILE,ATM,Biometric,Yes,No,No,No,13,Monday,False,0.0,0,Low Risk
2019-01-18 22:50:06,"Crist, Jakubowski and Littel",home,65.94,M,West Hartford,VT,43.7185,-72.4439,140,"Development worker, community",1989-10-28,42.74119,-71.4599949999999,0,3060,CUST007831,36,26-40,Standard,7783.0,1899.73,36.06,71.72,10,4,1015,62,62,MOBILE,Mobile,Biometric,Yes,Yes,No,No,22,Friday,False,0.01,0,Low Risk
2019-01-05 14:36:05,Fadel-Hilpert,health_fitness,5.17,F,Plymouth,CT,41.6611,-73.0449,2376,Herpetologist,1973-04-06,40.965723,-73.360754,0,11721,CUST008692,52,41-60,Gold,16740.0,4482.125,4.44,6.06,6,4,400,47,90,WEB,POS,OTP,Yes,No,No,No,14,Saturday,True,0.0,0,Low Risk
2019-01-05 19:01:59,Kautzer and Sons,personal_care,18.53,F,Karnack,TX,32.6205,-94.2,2807,Chiropodist,1931-01-26,33.077539,-94.915808,0,75455,CUST005163,94,60+,Platinum,50775.0,12506.62,13.0,20.55,9,0,391,27,33,MOBILE,POS,Biometric,No,Yes,No,No,19,Saturday,True,0.0,0,Low Risk
2019-01-05 08:50:57,"Nitzsche, Kessler and Wolff",shopping_pos,6.53,M,Burke,VA,38.7894,-77.2818,43102,Health visitor,1950-11-27,37.825577,-76.958316,0,23023,CUST008871,75,60+,Gold,15414.0,6660.82,4.83,7.3,5,2,527,50,73,MOBILE,Mobile,Biometric,Yes,No,No,No,8,Saturday,True,0.0,0,Low Risk
2019-01-07 20:21:37,"Walter, Hettinger and Kessler",personal_care,23.08,F,Marietta,SC,35.0296,-82.5136,5648,Museum/gallery exhibitions officer,1934-10-06,34.843799,-83.171662,0,29664,CUST010393,91,60+,Standard,4744.0,3744.1,18.41,14.49,1,2,960,48,97,ATM,ATM,Biometric,Yes,Yes,No,No,20,Monday,False,0.0,0,Low Risk
2019-01-13 22:24:58,Kris-Padberg,shopping_pos,728.77,M,Cochranton,PA,41.5205,-80.0573,5507,Retail merchandiser,1973-07-28,41.250399,-79.519284,1,16232,CUST005881,52,41-60,Gold,17636.0,4482.125,36.06,454.06,4,1,924,50,93,ATM,ATM,Biometric,Yes,Yes,Yes,No,22,Sunday,True,0.26,0,Low Risk
2019-01-06 23:30:32,Streich Ltd,home,84.16,M,Beaverdam,OH,40.8314,-83.9758,349,Museum/gallery conservator,1978-12-25,40.803816,-83.6693,0,45897,CUST002895,47,41-60,Standard,4206.0,1774.37,75.79,98.35,10,2,1274,65,55,WEB,ATM,PIN,Yes,Yes,No,No,23,Sunday,True,0.0,0,Low Risk
2019-01-10 22:44:03,Botsford PLC,home,178.64,M,Morrisdale,PA,41.0001,-78.2357,3688,Advice worker,1973-05-27,41.978968,-78.547416,0,16727,CUST002637,52,41-60,Standard,7524.0,3493.25,118.68,186.39,5,1,156,14,72,ATM,ATM,OTP,Yes,No,No,No,22,Thursday,False,0.06,0,Low Risk
2019-01-15 15:24:30,Waelchi-Wolf,kids_pets,50.92,M,Carlisle,IN,38.9763,-87.3667,4081,Energy engineer,1938-03-15,38.188513,-87.492885,0,47613,CUST001079,87,60+,Platinum,52110.0,4482.125,34.6,56.97,1,0,405,19,87,ATM,ATM,OTP,Yes,No,No,No,15,Tuesday,False,0.0,0,Low Risk
2019-01-04 05:41:23,Goyette Inc,shopping_net,61.61,F,Albany,NY,42.6853,-73.8253,151022,"Designer, textile",1939-06-01,42.554467,-73.481131,0,12062,CUST007961,86,60+,Standard,7339.0,2783.41,41.18,62.31,2,0,656,69,47,MOBILE,Mobile,Biometric,Yes,Yes,No,No,5,Friday,False,0.0,0,Low Risk
2019-01-10 02:27:43,"Heathcote, Yost and Kertzmann",shopping_net,2.32,M,Afton,MI,45.3637,-84.4695,937,Technical brewer,1958-04-06,45.838847,-84.071764,0,45777,CUST008894,67,60+,Gold,16069.0,3375.53,1.48,2.08,2,2,710,58,13,MOBILE,Mobile,OTP,Yes,No,No,No,2,Thursday,False,0.0,0,Low Risk
2019-01-08 07:48:46,"Lind, Huel and McClure",gas_transport,77.38,F,Prairie Hill,TX,31.6591,-96.8094,263,Barrister,1956-05-30,32.050947,-97.015577,0,76631,CUST010472,69,60+,Gold,16469.0,6942.99,54.95,76.74,7,2,282,66,3,ATM,Online,OTP,No,Yes,No,No,7,Tuesday,False,0.0,0,Low Risk
2019-01-08 19:27:14,Pacocha-Bauch,shopping_pos,313.87,F,Diamond,OH,41.0935,-81.0425,2644,"Engineer, biomedical",1983-08-25,40.107769,-81.614114,0,43749,CUST002070,42,41-60,Platinum,49585.0,35507.54,243.25,305.42,9,1,153,33,63,ATM,Online,Biometric,Yes,No,No,No,19,Tuesday,False,0.08,0,Low Risk
2019-01-14 21:29:30,Kutch-Ferry,home,57.7,M,Oxford,MI,42.8223,-83.2829,24840,Agricultural consultant,1960-01-20,42.009891,-83.19666,0,48173,CUST007423,65,60+,Standard,5598.0,3050.09,40.89,67.03,1,4,165,37,100,WEB,POS,Biometric,Yes,No,Yes,No,21,Monday,False,0.0,0,Low Risk
2019-01-18 04:09:28,Kutch-Hegmann,grocery_net,42.57,M,Luray,MO,40.4931,-91.8912,519,Town planner,1966-02-13,40.324152,-92.313813,0,63531,CUST004888,59,41-60,Gold,16294.0,12361.22,26.72,41.34,9,1,1250,10,85,POS,Mobile,PIN,Yes,Yes,No,No,4,Friday,False,0.0,0,Low Risk
2019-01-08 17:46:41,Lesch Ltd,shopping_pos,5.42,F,Birmingham,IA,40.8626,-91.9534,888,Camera operator,1988-03-25,40.782722,-92.669394,0,52594,CUST006108,37,26-40,Standard,4677.0,2019.54,4.01,3.6,5,0,887,71,33,WEB,Mobile,PIN,Yes,Yes,No,Yes,17,Tuesday,False,0.0,0,Low Risk
2019-01-07 12:34:53,Yost-Rogahn,personal_care,106.03,M,Brashear,MO,40.1959,-92.4333,805,Private music teacher,1970-06-27,40.853036,-93.241299,0,50165,CUST006585,55,41-60,Gold,14019.0,9996.09,76.67,91.37,5,3,489,54,71,ATM,Online,Biometric,Yes,Yes,No,Yes,12,Monday,False,0.0,0,Low Risk
2019-01-15 19:47:45,Berge-Hills,kids_pets,91.56,F,Winger,MN,47.5375,-95.9941,516,Applications developer,1966-06-07,47.962908,-96.222818,0,56754,CUST005013,59,41-60,Standard,6084.0,3054.68,73.19,62.97,9,1,1308,28,51,ATM,Online,PIN,Yes,Yes,No,No,19,Tuesday,False,0.0,0,Low Risk
2019-01-15 23:32:02,Abernathy and Sons,food_dining,18.38,F,North Wilkesboro,NC,36.2017,-81.1286,21134,Dispensing optician,1984-03-06,36.562149,-80.293736,0,27022,CUST004272,41,41-60,Gold,17157.0,8837.91,14.46,15.72,1,4,4,17,24,ATM,POS,PIN,Yes,No,No,No,23,Tuesday,False,0.0,0,Low Risk
2019-01-06 23:47:58,Crona and Sons,kids_pets,96.35,M,Stoneham,MA,42.4828,-71.0978,21437,Artist,1964-06-25,43.400357,-71.851753,0,3216,CUST010385,61,60+,Gold,14751.0,13068.59,36.06,59.04,1,4,384,72,73,MOBILE,POS,PIN,Yes,Yes,No,No,23,Sunday,True,0.0,0,Low Risk
2019-01-08 21:00:42,"Hills, Hegmann and Schaefer",health_fitness,3.11,F,O Brien,TX,33.3749,-99.8473,178,Warden/ranger,1983-06-14,33.613031,-99.634934,0,79505,CUST005063,42,41-60,Gold,7367.5,7267.18,2.05,2.75,8,4,974,75,28,WEB,ATM,OTP,Yes,No,No,No,21,Tuesday,False,0.0,0,Low Risk
2019-01-06 14:29:50,"Dare, Fritsch and Zboncak",health_fitness,19.72,M,Morrisdale,PA,41.0001,-78.2357,3688,Advice worker,1973-05-27,41.147721,-77.675127,0,16864,CUST009899,52,41-60,Platinum,51350.0,38303.39,16.38,19.66,2,0,934,88,60,MOBILE,ATM,OTP,Yes,Yes,No,No,14,Sunday,True,0.0,0,Low Risk
2019-01-06 16:53:31,Waelchi Inc,kids_pets,16.48,M,Monetta,SC,33.8084,-81.5956,1514,Chief Strategy Officer,1966-12-15,33.650011,-80.932397,0,29118,CUST001636,59,41-60,Gold,14850.0,10961.04,14.51,19.15,9,1,876,27,91,WEB,Online,PIN,Yes,Yes,No,Yes,16,Sunday,True,0.0,0,Low Risk
2019-01-07 20:34:40,Lynch Ltd,shopping_pos,64.69,F,Tupper Lake,NY,44.232,-74.4905,6120,Chartered loss adjuster,1976-10-09,44.220978,-74.333654,0,12986,CUST002604,49,41-60,Gold,17309.0,9186.97,45.59,62.99,8,2,99,22,53,WEB,POS,OTP,Yes,Yes,No,No,20,Monday,False,0.0,0,Low Risk
2019-01-05 10:46:46,"Rutherford, Homenick and Bergstrom",grocery_net,47.95,M,Monmouth Beach,NJ,40.333,-73.9809,3279,Health promotion specialist,1978-10-05,39.37611,-73.095728,0,45777,CUST000778,47,41-60,Gold,14346.0,9048.31,40.63,53.7,4,1,1029,75,15,ATM,Mobile,OTP,No,Yes,No,No,10,Saturday,True,0.0,0,Low Risk
2019-01-17 14:16:32,Morissette-Schaefer,personal_care,54.7,F,Logan,IL,37.9943,-88.9417,324,"Scientist, research (physical sciences)",1976-06-15,37.177568,-89.897715,0,63730,CUST004232,49,41-60,Standard,5302.0,1149.52,42.76,50.5,9,0,617,90,84,MOBILE,POS,OTP,Yes,No,No,No,14,Thursday,False,0.0,0,Low Risk
2019-01-07 11:44:08,Metz-Boehm,shopping_pos,144.5,M,Fiddletown,CA,38.5234,-120.6763,832,Immigration officer,1987-05-19,38.44395,-121.343696,0,95624,CUST009185,38,26-40,Standard,4125.0,2928.07,117.3,138.41,9,4,1217,65,65,POS,Online,Biometric,Yes,Yes,No,No,11,Monday,False,0.0,0,Low Risk
2019-01-18 18:04:01,"Berge, Kautzer and Harris",personal_care,22.46,F,Spirit Lake,ID,47.9657,-116.868,4161,Production manager,1957-06-12,48.262705,-116.129718,0,83836,CUST007314,68,60+,Standard,4497.0,1648.69,18.91,16.94,10,4,1329,94,100,MOBILE,POS,Biometric,Yes,Yes,No,No,18,Friday,False,0.0,0,Low Risk
2019-01-05 06:39:38,Koepp-Parker,grocery_pos,104.98,F,Esbon,KS,39.7562,-98.4462,242,Tourism officer,1987-07-18,39.897117,-98.649113,0,66952,CUST005194,38,26-40,Standard,5874.0,1962.33,96.04,37.755,3,1,241,19,91,MOBILE,Online,Biometric,Yes,Yes,No,No,6,Saturday,True,0.0,0,Low Risk
2019-01-08 18:37:45,Harris Group,food_dining,38.62,M,Detroit,MI,42.377,-83.0796,673342,Broadcast presenter,1969-11-20,42.085565,-82.086605,0,45777,CUST001671,56,41-60,Standard,5313.0,1884.64,28.95,39.76,10,3,948,94,18,WEB,ATM,PIN,Yes,Yes,No,Yes,18,Tuesday,False,0.0,0,Low Risk
2019-01-05 04:18:55,Strosin-Cruickshank,grocery_pos,155.23,M,Huslia,AK,65.6899,-156.292,277,"Engineer, civil (consulting)",1965-11-06,64.934388,-157.214487,0,45777,CUST006342,60,41-60,Gold,14513.0,10560.12,136.67,117.94,1,3,814,27,48,POS,Mobile,OTP,Yes,Yes,No,No,4,Saturday,True,0.0,0,Low Risk
2019-01-17 11:49:51,"Mosciski, Gislason and Mertz",grocery_pos,33.96,M,Rockwood,PA,39.9373,-79.1865,3684,General practice doctor,1976-01-10,40.751344,-79.288205,0,16249,CUST000120,49,41-60,Standard,4057.0,2396.05,28.9,25.22,9,2,901,46,24,ATM,POS,Biometric,Yes,No,No,Yes,11,Thursday,False,0.0,0,Low Risk
2019-01-17 17:13:23,"Cormier, Stracke and Thiel",entertainment,163.75,F,Independence,MO,39.1412,-94.3515,123373,"Engineer, production",1992-11-27,38.421884,-94.275782,0,64720,CUST010293,33,26-40,Platinum,51546.0,27667.71,109.08,155.3,6,2,1363,32,63,WEB,POS,OTP,Yes,Yes,No,No,17,Thursday,False,0.0,0,Low Risk
2019-01-14 21:40:21,"McLaughlin, Armstrong and Koepp",travel,2.5,F,Unionville,MO,40.4815,-92.9951,3805,"Investment banker, corporate",1950-09-15,41.197871,-92.753711,0,52534,CUST009175,75,60+,Platinum,52289.0,38308.2,2.3,2.24,4,3,1327,50,76,WEB,Mobile,Biometric,Yes,Yes,No,No,21,Monday,False,0.0,0,Low Risk
2019-01-14 10:44:20,"Stroman, Hudson and Erdman",gas_transport,57.86,F,Hinesburg,VT,44.3346,-73.098,4542,Claims inspector/assessor,1998-03-19,43.547883,-73.317479,0,12854,CUST009573,27,26-40,Standard,4559.0,2865.42,52.98,55.15,5,4,1216,92,43,WEB,ATM,PIN,Yes,Yes,No,No,10,Monday,False,0.0,0,Low Risk
2019-01-13 18:14:41,Marvin-Lind,personal_care,14.33,F,Kingsford Heights,IN,41.4802,-86.6919,1423,"Psychologist, forensic",1998-10-07,41.721467,-87.600961,0,60619,CUST009255,27,26-40,Platinum,52939.0,40847.63,8.63,9.78,7,3,882,10,94,WEB,Online,OTP,Yes,No,No,No,18,Sunday,True,0.0,0,Low Risk
2019-01-10 15:44:38,Tromp Group,travel,1.67,F,Shields,ND,46.1838,-101.2589,77,Film/video editor,1989-12-17,46.997241,-100.86243,0,58521,CUST008114,36,26-40,Gold,14177.0,8694.12,1.28,0.88,3,2,1124,9,49,MOBILE,Online,PIN,Yes,No,No,No,15,Thursday,False,0.0,0,Low Risk
2019-01-09 22:09:35,Kovacek Ltd,travel,8.13,M,Lakeland,FL,27.9611,-81.9398,237282,"Radiographer, therapeutic",1961-09-28,28.667177,-82.501919,0,34614,CUST000349,64,60+,Standard,7830.0,6335.75,6.15,9.7,5,2,859,83,78,MOBILE,Mobile,OTP,Yes,No,No,No,22,Wednesday,False,0.0,0,Low Risk
2019-01-05 09:52:17,"Heller, Gutmann and Zieme",grocery_pos,99.39,M,Acworth,NH,43.196,-72.3001,477,Naval architect,1988-04-15,42.611948,-72.093536,0,1436,CUST007407,37,26-40,Gold,14063.0,10993.15,76.79,90.62,11,0,376,4,49,POS,Mobile,OTP,Yes,Yes,No,No,9,Saturday,True,0.0,0,Low Risk
2019-01-13 20:10:02,Erdman-Ebert,personal_care,121.65,F,West Sayville,NY,40.732,-73.1,4056,Film/video editor,1990-06-25,41.133531,-73.442524,0,6850,CUST005809,35,26-40,Standard,4648.0,3280.77,91.31,87.83,11,2,1414,89,17,POS,ATM,OTP,Yes,Yes,No,No,20,Sunday,True,0.0,0,Low Risk
2019-01-13 16:15:12,Hammes-Beatty,kids_pets,48.55,M,Warren,MI,42.5164,-82.9832,134056,"Doctor, hospital",1980-05-18,42.502424,-82.46498,0,48028,CUST004287,45,41-60,Standard,6764.0,3494.78,32.4,27.29,6,0,1155,12,66,ATM,POS,PIN,Yes,Yes,No,No,16,Sunday,True,0.0,0,Low Risk
2019-01-15 21:32:45,Kozey-Boehm,shopping_net,5.81,F,Chatham,NY,42.3496,-73.5873,4015,Human resources officer,1971-10-14,42.264062,-72.974976,0,1011,CUST001721,54,41-60,Standard,6020.0,3456.67,3.86,4.05,2,1,812,86,21,ATM,ATM,Biometric,Yes,Yes,No,Yes,21,Tuesday,False,0.02,0,Low Risk
2019-01-08 15:40:07,"Schuppe, Nolan and Hoeger",shopping_pos,16.08,F,Cherokee Village,AR,36.3011,-91.5281,4726,Pharmacologist,1977-06-07,36.146536,-91.051632,0,72415,CUST004780,48,41-60,Platinum,52135.0,14794.13,12.86,11.59,8,4,1313,45,76,MOBILE,POS,OTP,Yes,Yes,No,No,15,Tuesday,False,0.0,0,Low Risk
2019-01-07 00:05:14,Pfeffer LLC,grocery_net,36.81,F,Edisto Island,SC,32.5486,-80.307,2408,"Sales professional, IT",1997-07-05,31.796505,-81.261712,0,31320,CUST008041,28,26-40,Standard,6899.0,4933.1,23.64,41.25,11,4,51,9,16,WEB,Online,PIN,Yes,Yes,No,Yes,0,Monday,False,0.01,0,Low Risk
2019-01-15 16:38:29,"Medhurst, Cartwright and Ebert",personal_care,23.32,F,Holstein,NE,40.4542,-98.6538,331,Telecommunications researcher,1950-08-19,39.483534,-98.264825,0,67446,CUST007596,75,60+,Standard,7710.0,4899.43,18.72,22.78,10,0,131,55,51,POS,Online,OTP,Yes,Yes,No,No,16,Tuesday,False,0.0,0,Low Risk
2019-01-15 06:17:49,Metz-Boehm,shopping_pos,140.99,M,Mc Intosh,SD,45.7084,-101.1546,295,"Designer, industrial/product",1981-01-26,45.567509,-101.936554,0,45777,CUST009282,44,41-60,Gold,15769.0,11077.85,116.36,77.51,8,1,868,50,51,POS,ATM,OTP,Yes,Yes,No,Yes,6,Tuesday,False,0.0,0,Low Risk
2019-01-02 23:48:56,White and Sons,home,4.1,F,Keisterville,PA,39.9636,-79.7853,184,Systems developer,1945-11-04,40.053125,-80.657863,0,26059,CUST001271,80,60+,Standard,4044.0,847.55,3.06,2.34,2,2,777,34,8,ATM,POS,Biometric,No,Yes,No,No,23,Wednesday,False,0.01,0,Low Risk
2019-01-08 23:17:38,Jakubowski Inc,home,36.13,F,Tupper Lake,NY,44.232,-74.4905,6120,Chartered loss adjuster,1976-10-09,43.383231,-74.4335,0,12139,CUST000948,49,41-60,Standard,4347.0,2624.5,23.58,30.98,10,4,473,77,51,WEB,Mobile,OTP,Yes,Yes,No,No,23,Tuesday,False,0.01,0,Low Risk
2019-01-05 10:45:24,Smitham-Schiller,grocery_net,50.38,M,Meadville,MO,39.7795,-93.3014,964,Tourist information centre manager,1974-12-23,39.035472,-94.241671,0,64014,CUST002817,51,41-60,Platinum,50531.0,27200.41,37.96,49.09,3,1,297,11,14,MOBILE,Online,Biometric,Yes,Yes,No,No,10,Saturday,True,0.0,0,Low Risk
2019-01-06 03:34:50,Sporer Inc,gas_transport,56.28,M,Tickfaw,LA,30.5668,-90.482,8512,"Accountant, chartered public finance",1951-09-03,31.029635,-91.259822,0,39669,CUST002017,74,60+,Gold,14815.0,11346.22,45.1,45.19,7,0,965,62,69,POS,POS,Biometric,Yes,Yes,Yes,No,3,Sunday,True,0.0,0,Low Risk
2019-01-06 18:46:57,Kutch-Wilderman,home,17.88,F,Orient,WA,48.8878,-118.2105,149,Special educational needs teacher,1978-06-21,48.199816,-118.355319,0,99138,CUST000136,47,41-60,Gold,16057.0,4363.43,11.9,13.42,6,3,291,66,89,MOBILE,Online,PIN,Yes,Yes,No,No,18,Sunday,True,0.0,0,Low Risk
2019-01-08 05:48:23,"Goldner, Kovacek and Abbott",grocery_pos,77.69,M,Graniteville,VT,44.1554,-72.4847,970,Agricultural consultant,1993-09-29,44.431214,-72.959262,0,5477,CUST004508,32,26-40,Platinum,49087.0,23704.23,56.13,77.6,9,0,129,63,17,ATM,POS,Biometric,Yes,Yes,No,No,5,Tuesday,False,0.0,0,Low Risk
2019-01-09 09:08:57,Doyle Ltd,grocery_pos,82.98,F,Georgetown,MN,47.0999,-96.727,346,"Research officer, trade union",1976-12-14,47.018914,-95.728761,0,56578,CUST004506,49,41-60,Standard,7367.5,6360.23,78.77,58.05,2,4,875,9,41,MOBILE,Online,OTP,Yes,Yes,No,No,9,Wednesday,False,0.0,0,Low Risk
2019-01-15 19:43:14,Windler LLC,kids_pets,169.18,M,Laredo,TX,27.5155,-99.4986,248858,Video editor,1971-01-28,27.075824,-98.928362,0,45777,CUST004976,54,41-60,Standard,5373.0,3622.18,159.29,95.17,6,0,825,39,63,MOBILE,POS,PIN,Yes,Yes,No,No,19,Tuesday,False,0.0,0,Low Risk
2019-01-04 14:28:12,Larson-Moen,entertainment,187.47,M,Ballwin,MO,38.577,-90.5255,92608,"Engineer, communications",2001-07-26,38.191041,-90.579463,0,63050,CUST004874,24,18-25,Standard,4475.0,2569.87,134.33,122.87,4,0,586,59,90,ATM,Mobile,OTP,Yes,Yes,No,No,14,Friday,False,0.0,0,Low Risk
2019-01-17 12:48:00,Lubowitz-Walter,kids_pets,47.24,M,Fort Washakie,WY,43.0048,-108.8964,1645,Freight forwarder,1976-02-26,42.384263,-108.801907,0,45777,CUST000999,49,41-60,Standard,5956.0,3053.81,42.97,25.85,2,2,953,75,10,ATM,Mobile,Biometric,Yes,Yes,No,No,12,Thursday,False,0.0,0,Low Risk
2019-01-14 07:16:46,"Jenkins, Hauck and Friesen",gas_transport,66.1,F,Utica,MO,39.7417,-93.6289,271,Land/geomatics surveyor,1972-04-18,40.146058,-93.390426,0,64641,CUST007251,53,41-60,Platinum,52480.0,23032.6,46.59,40.28,11,3,677,75,46,MOBILE,Online,Biometric,Yes,Yes,No,No,7,Monday,False,0.0,0,Low Risk
2019-01-14 22:41:19,Champlin and Sons,home,167.42,F,Baroda,MI,41.9488,-86.4913,3104,"Horticulturist, commercial",1981-03-29,42.774324,-85.994885,0,49464,CUST007869,44,41-60,Gold,16726.0,13602.59,126.8,160.93,4,0,1080,3,75,MOBILE,Online,PIN,Yes,Yes,No,No,22,Monday,False,0.03,0,Low Risk
2019-01-07 02:32:30,"Raynor, Reinger and Hagenes",gas_transport,76.1,M,Sontag,MS,31.6453,-90.1801,1196,"Librarian, academic",1958-06-11,31.620335,-90.689585,0,39647,CUST003520,67,60+,Gold,16953.0,5352.98,63.21,91.15,8,2,788,51,4,ATM,ATM,PIN,Yes,Yes,No,No,2,Monday,False,0.0,0,Low Risk
2019-01-16 10:46:26,"Casper, Hand and Zulauf",grocery_pos,111.51,M,June Lake,CA,37.7773,-119.0825,633,Health service manager,1927-09-09,38.644786,-119.906805,0,96120,CUST009719,98,60+,Standard,4788.0,3203.69,95.55,93.83,7,2,116,33,28,ATM,Mobile,OTP,No,Yes,No,Yes,10,Wednesday,False,0.0,0,Low Risk
2019-01-16 09:35:54,Cole PLC,grocery_pos,195.22,F,Sherman,TX,33.6372,-96.6184,46563,Systems developer,1970-09-11,33.926124,-96.44568,0,74730,CUST005153,55,41-60,Gold,16431.0,8887.07,165.58,175.54,8,3,709,96,6,MOBILE,POS,Biometric,Yes,Yes,No,No,9,Wednesday,False,0.01,0,Low Risk
2019-01-07 04:52:55,Huels-Nolan,gas_transport,81.04,M,Minnesota Lake,MN,43.8295,-93.8282,1087,Music tutor,1963-07-14,43.793929,-93.761286,0,56097,CUST008093,62,60+,Gold,15716.0,4522.26,59.21,57.2,6,0,804,21,16,ATM,Mobile,Biometric,Yes,Yes,No,No,4,Monday,False,0.0,0,Low Risk
2019-01-03 20:59:51,Rau-Robel,kids_pets,37.9,M,Carlisle,IN,38.9763,-87.3667,4081,Energy engineer,1938-03-15,38.301974,-88.1681349999999,0,62833,CUST000157,87,60+,Platinum,49876.0,10026.64,27.07,44.08,2,2,131,50,57,POS,Online,OTP,No,Yes,No,No,20,Thursday,False,0.01,0,Low Risk
2019-01-14 17:46:54,"Roberts, Ryan and Smith",personal_care,87.98,F,Hannawa Falls,NY,44.6087,-74.9732,69,Chief Executive Officer,1991-06-05,45.267658,-74.838696,0,45777,CUST000913,34,26-40,Standard,4230.0,1250.52,72.4,96.9,9,3,639,77,33,POS,Online,Biometric,Yes,Yes,No,No,17,Monday,False,0.0,0,Low Risk
2019-01-08 15:09:19,Gerlach Inc,shopping_net,2.91,F,Phoenix,AZ,33.8155,-112.1202,1312922,Counselling psychologist,1999-11-30,34.030752,-111.697487,0,45777,CUST007470,26,26-40,Standard,4984.0,1834.41,2.7,2.12,3,2,1412,89,47,MOBILE,ATM,PIN,Yes,Yes,No,No,15,Tuesday,False,0.0,0,Low Risk
2019-01-09 17:57:06,"Larkin, Stracke and Greenfelder",entertainment,2.77,M,Leo,IN,41.2249,-85.0301,5341,Biomedical engineer,1994-11-24,40.732024,-85.120575,0,46714,CUST000514,31,26-40,Gold,15010.0,11335.56,1.92,1.88,4,3,984,58,32,MOBILE,POS,OTP,No,No,No,No,17,Wednesday,False,0.0,0,Low Risk
2019-01-07 17:56:09,"Berge, Kautzer and Harris",personal_care,108.97,F,Bonfield,IL,41.1573,-88.0619,1617,Medical secretary,1990-04-25,41.984433,-87.846117,0,60656,CUST000617,35,26-40,Standard,6101.0,3230.01,71.41,78.84,11,3,814,95,77,POS,ATM,Biometric,No,No,No,No,17,Monday,False,0.0,0,Low Risk
2019-01-08 02:32:58,"Connelly, Reichert and Fritsch",gas_transport,46.22,F,Dunlevy,PA,40.1151,-79.8627,427,Mining engineer,1951-02-05,39.896169,-80.740618,0,26041,CUST000058,74,60+,Standard,4299.0,3308.34,36.53,48.46,3,3,1142,54,32,ATM,ATM,PIN,Yes,Yes,No,Yes,2,Tuesday,False,0.0,0,Low Risk
2019-01-07 03:47:22,"Reichert, Shanahan and Hayes",shopping_net,4.23,F,Monitor,WA,47.4852,-120.4158,584,Medical technical officer,1969-03-20,47.488786,-119.551123,0,98851,CUST009836,56,41-60,Standard,7150.0,2310.75,3.4,2.97,2,1,899,64,64,ATM,POS,PIN,Yes,No,No,No,3,Monday,False,0.0,0,Low Risk
2019-01-04 22:34:10,"Runolfsdottir, Mueller and Hand",entertainment,37.14,F,Cressona,PA,40.6284,-76.195,1606,Ecologist,1966-05-10,41.073829,-75.562204,0,18347,CUST007110,59,41-60,Gold,17377.0,6406.86,30.1,27.11,4,4,904,56,8,MOBILE,POS,OTP,Yes,Yes,No,No,22,Friday,False,0.0,0,Low Risk
2019-01-16 15:55:41,Kassulke PLC,shopping_net,1.14,F,Moro,IL,38.9318,-89.9618,2401,"Buyer, industrial",1972-01-03,39.501389,-90.262306,0,62668,CUST007023,53,41-60,Platinum,51074.0,33527.44,0.87,0.59,3,0,669,67,51,MOBILE,POS,OTP,Yes,Yes,No,No,15,Wednesday,False,0.0,0,Low Risk
2019-01-14 21:43:27,Bode-Schuster,kids_pets,67.51,F,Florence,MS,32.153,-90.1217,19685,Fine artist,1984-12-24,32.449647,-89.3295079999999,0,39057,CUST010375,41,41-60,Platinum,49310.0,13596.0,55.94,74.74,1,2,1300,30,68,WEB,POS,PIN,Yes,Yes,No,No,21,Monday,False,0.0,0,Low Risk
2019-01-06 19:21:35,Hills-Boyer,personal_care,240.13,F,Westerville,NE,41.4193,-99.3844,73,Product designer,1935-02-10,40.6231,-99.413769,0,68836,CUST002071,90,60+,Gold,14606.0,9051.78,213.44,131.93,6,1,1114,32,61,MOBILE,Online,Biometric,Yes,Yes,Yes,No,19,Sunday,True,0.03,0,Low Risk
2019-01-17 07:41:04,"Eichmann, Bogan and Rodriguez",gas_transport,58.76,F,Carlotta,CA,40.507,-123.9743,1139,"Therapist, occupational",1951-01-15,39.802593,-124.512153,0,45777,CUST007743,74,60+,Platinum,50080.0,31987.78,47.55,50.59,1,4,447,1,50,POS,POS,Biometric,Yes,Yes,No,No,7,Thursday,False,0.0,0,Low Risk
2019-01-12 15:36:46,Kihn Inc,shopping_pos,644.4,M,Ravenna,NE,41.0233,-98.9041,2202,"Solicitor, Scotland",1974-06-21,40.834742,-99.895337,1,69130,CUST004910,51,41-60,Standard,6706.0,5282.11,396.79,356.26,2,3,677,47,38,WEB,ATM,Biometric,Yes,No,No,No,15,Saturday,True,0.23,0,Low Risk
2019-01-17 21:05:59,Bednar PLC,kids_pets,7.43,F,Fordoche,LA,30.6576,-91.6264,1178,Community education officer,1951-06-13,29.931695,-92.192098,0,70510,CUST010057,74,60+,Gold,15049.0,5853.14,5.5,6.73,9,0,515,33,58,WEB,POS,OTP,Yes,Yes,No,No,21,Thursday,False,0.0,0,Low Risk
2019-01-16 14:28:23,Goyette-Gerhold,kids_pets,20.87,F,Lahoma,OK,36.385,-98.0727,1078,"Programme researcher, broadcasting/film/video",1952-07-06,35.602103,-97.548372,0,73134,CUST006519,73,60+,Standard,5408.0,4710.19,14.97,17.91,11,0,1172,74,47,ATM,POS,PIN,Yes,Yes,No,No,14,Wednesday,False,0.0,0,Low Risk
2019-01-13 01:17:20,Paucek-Wiza,grocery_net,22.43,F,Smith River,CA,41.9404,-124.1587,1930,Web designer,1983-06-13,42.419326,-123.564473,0,97543,CUST007544,42,41-60,Gold,16844.0,12667.15,13.6,25.23,4,1,546,54,62,WEB,Mobile,PIN,Yes,No,No,No,1,Sunday,True,0.0,0,Low Risk
2019-01-14 14:49:10,"Turner, Ziemann and Lehner",food_dining,21.58,F,Falls City,TX,28.9814,-98.0156,2435,"Engineer, mining",1967-04-09,28.668944,-97.999466,0,45777,CUST003690,58,41-60,Gold,16934.0,15002.97,13.71,11.05,9,4,99,35,16,POS,POS,Biometric,Yes,Yes,No,No,14,Monday,False,0.02,0,Low Risk
2019-01-09 00:57:26,"Reinger, Weissnat and Strosin",food_dining,25.82,F,Mount Clemens,MI,42.5978,-82.8823,16305,"Psychologist, sport and exercise",1927-05-25,43.181542,-82.269929,0,45777,CUST010369,98,60+,Standard,6139.0,4685.39,15.86,15.17,9,0,1088,80,78,WEB,ATM,OTP,Yes,Yes,No,Yes,0,Wednesday,False,0.0,0,Low Risk
2019-01-07 21:54:59,Lesch Ltd,shopping_pos,45.03,F,Greendale,WI,42.9373,-87.9943,13973,Logistics and distribution manager,1981-05-06,42.439709,-88.791095,0,61012,CUST000522,44,41-60,Gold,17577.0,15659.91,30.58,41.43,10,4,51,38,97,WEB,POS,OTP,Yes,No,No,No,21,Monday,False,0.0,0,Low Risk
2019-01-08 23:15:15,"Lang, Towne and Schuppe",kids_pets,153.0,F,Washington,DC,38.9087,-77.0414,601723,Prison officer,1986-03-14,39.417807,-76.299086,0,21040,CUST006663,39,26-40,Standard,5080.0,3066.45,112.51,112.25,6,0,477,92,68,ATM,ATM,PIN,Yes,Yes,No,No,23,Tuesday,False,0.01,0,Low Risk
2019-01-08 03:10:57,Erdman-Kertzmann,gas_transport,56.11,M,Oconto Falls,WI,44.8755,-88.1555,5548,Mining engineer,1975-09-11,44.207817,-88.973286,0,54967,CUST010102,50,41-60,Standard,4451.0,1305.94,34.93,30.55,3,1,550,68,37,MOBILE,Mobile,PIN,Yes,Yes,No,No,3,Tuesday,False,0.0,0,Low Risk
2019-01-03 13:48:04,"Schroeder, Wolff and Hermiston",travel,6.95,F,Vero Beach,FL,27.633,-80.4031,105638,"Librarian, public",1986-05-07,26.84647,-80.870769,0,33440,CUST002144,39,26-40,Gold,14710.0,5423.18,5.2,6.33,10,1,294,24,25,POS,Mobile,PIN,Yes,Yes,No,No,13,Thursday,False,0.0,0,Low Risk
2019-01-13 12:08:59,Dooley Inc,shopping_pos,3.36,M,Boonton,NJ,40.9115,-74.414,15269,"Psychologist, sport and exercise",1993-07-05,40.460411,-73.983451,0,7732,CUST006893,32,26-40,Gold,16247.0,3722.46,2.03,2.67,3,2,680,4,90,POS,ATM,Biometric,Yes,Yes,Yes,Yes,12,Sunday,True,0.0,0,Low Risk
2019-01-11 00:33:41,Williamson LLC,misc_pos,8.78,M,Turner,MT,48.8328,-108.3961,192,Further education lecturer,1964-01-04,49.73118,-107.708758,0,45777,CUST009701,61,60+,Standard,5117.0,1981.89,6.61,5.08,1,2,460,58,34,ATM,ATM,Biometric,Yes,No,No,No,0,Friday,False,0.0,0,Low Risk
2019-01-16 18:12:29,Hyatt-Blick,travel,4.81,M,Sontag,MS,31.6453,-90.1801,1196,"Librarian, academic",1958-06-11,31.846083,-89.739284,0,39111,CUST002558,67,60+,Standard,4269.0,1160.18,4.46,3.9,6,4,1360,78,53,ATM,Online,Biometric,Yes,Yes,No,No,18,Wednesday,False,0.0,0,Low Risk
2019-01-12 04:00:41,"Rowe, Batz and Goodwin",grocery_pos,125.53,M,Dallas,TX,32.69,-96.9177,1263321,"Designer, interior/spatial",1952-09-27,32.295716,-96.385424,0,75105,CUST005609,73,60+,Standard,6783.0,1914.36,91.69,106.05,9,2,469,53,65,ATM,Online,PIN,Yes,Yes,No,No,4,Saturday,True,0.0,0,Low Risk
2019-01-01 04:39:20,Cummings LLC,gas_transport,51.75,F,North Tonawanda,NY,43.0498,-78.851,45100,Ambulance person,1993-10-25,42.750385,-78.143849,0,14569,CUST007835,32,26-40,Standard,4236.0,3339.7,32.58,32.52,7,1,1426,19,77,WEB,Online,Biometric,Yes,Yes,No,No,4,Tuesday,False,0.0,0,Low Risk
2019-01-17 21:29:13,"Kihn, Brakus and Goyette",personal_care,8.49,F,Barnard,SD,45.7205,-98.5534,63,Systems developer,1969-10-30,46.523195,-98.905661,0,58454,CUST008708,56,41-60,Platinum,51579.0,36564.97,7.98,4.55,3,3,1376,57,65,WEB,Mobile,OTP,Yes,No,No,No,21,Thursday,False,0.0,0,Low Risk
2019-01-14 07:02:04,"Larkin, Stracke and Greenfelder",entertainment,155.32,F,Gadsden,AL,34.048,-85.9246,67082,Physiological scientist,1963-02-09,34.003056,-86.868899,0,35077,CUST010762,62,60+,Gold,16969.0,8055.34,107.11,118.04,7,3,453,93,17,WEB,ATM,OTP,Yes,No,No,No,7,Monday,False,0.0,0,Low Risk
2019-01-17 15:21:41,Harris Group,food_dining,45.28,F,Edisto Island,SC,32.5486,-80.307,2408,"Sales professional, IT",1997-07-05,31.760518,-80.67865,0,45777,CUST000906,28,26-40,Gold,17923.0,10517.44,37.75,52.84,10,4,1412,67,9,WEB,Mobile,PIN,Yes,Yes,No,No,15,Thursday,False,0.0,0,Low Risk
2019-01-13 06:16:55,Wiza LLC,misc_pos,6.71,M,Grantham,NH,43.5103,-72.1334,2971,Charity fundraiser,1948-04-11,43.697078,-72.5372819999999,0,5067,CUST002453,77,60+,Gold,15276.0,6184.38,4.92,6.85,4,1,530,32,41,WEB,Mobile,PIN,Yes,Yes,No,No,6,Sunday,True,0.0,0,Low Risk
2019-01-05 01:27:39,Shields Inc,grocery_net,43.84,F,East Canaan,CT,42.0158,-73.2913,647,Comptroller,1987-09-26,42.271885,-73.931831,0,12482,CUST000728,38,26-40,Standard,4431.0,3788.93,31.51,51.68,3,0,628,10,97,MOBILE,Online,PIN,Yes,Yes,No,No,1,Saturday,True,0.0,0,Low Risk
2019-01-13 21:38:31,Eichmann-Kilback,home,84.71,M,Acworth,NH,43.196,-72.3001,477,Naval architect,1988-04-15,43.84958,-71.8583,0,3282,CUST002782,37,26-40,Standard,4563.0,1689.06,68.99,55.24,8,1,477,49,44,WEB,Mobile,PIN,Yes,No,No,No,21,Sunday,True,0.01,0,Low Risk
2019-01-01 10:30:44,"Zboncak, Rowe and Murazik",shopping_net,5.74,M,Parks,AZ,35.2563,-111.95,759,"Geologist, engineering",1957-03-28,35.261173,-111.444946,0,86004,CUST007827,68,60+,Platinum,49532.0,21456.55,3.71,3.55,8,0,1058,81,7,WEB,ATM,PIN,Yes,Yes,No,No,10,Tuesday,False,0.0,0,Low Risk
2019-01-13 09:42:59,Funk Group,grocery_net,99.32,F,Maysville,KY,38.6207,-83.8067,14228,Advertising account executive,1971-03-26,38.737144,-83.1014079999999,0,45663,CUST007286,54,41-60,Standard,6272.0,4398.41,84.83,113.2,6,1,777,73,14,ATM,Mobile,Biometric,Yes,No,No,No,9,Sunday,True,0.0,0,Low Risk
2019-01-01 23:44:56,"Mosciski, Ziemann and Farrell",shopping_net,6.23,M,Mc Veytown,PA,40.5046,-77.7186,4653,Nutritional therapist,1997-07-01,39.919464,-78.058174,0,17228,CUST004968,28,26-40,Standard,4000.0,1294.98,3.74,5.9,2,0,364,95,51,POS,Online,Biometric,Yes,Yes,No,Yes,23,Tuesday,False,0.0,0,Low Risk
2019-01-09 10:16:12,Goodwin-Nitzsche,grocery_pos,151.32,M,Minnesota Lake,MN,43.8295,-93.8282,1087,Music tutor,1963-07-14,43.675062,-92.941964,0,55912,CUST001824,62,60+,Platinum,52823.0,12232.42,123.02,107.67,3,2,990,70,8,ATM,Online,Biometric,Yes,Yes,Yes,No,10,Wednesday,False,0.0,0,Low Risk
2019-01-16 22:03:54,Price Inc,shopping_net,310.43,F,Clarks Mills,PA,41.3851,-80.1752,606,Energy manager,1997-09-22,40.908983,-80.6441119999999,0,44408,CUST007038,28,26-40,Standard,6858.0,2229.7,224.39,255.73,8,3,171,30,27,MOBILE,Mobile,OTP,Yes,No,No,No,22,Wednesday,False,0.25,0,Low Risk
2019-01-07 02:48:41,"Parisian, Schiller and Altenwerth",misc_net,3.51,M,Wichita,KS,37.6395,-97.1714,409656,Heritage manager,1985-12-27,37.062318,-96.704465,0,67102,CUST003494,40,26-40,Standard,6816.0,2678.27,2.89,3.69,10,4,1007,66,28,WEB,Mobile,Biometric,Yes,No,No,No,2,Monday,False,0.02,0,Low Risk
2019-01-14 06:21:03,Brekke and Sons,gas_transport,47.26,F,Fulton,SD,43.7588,-97.8712,355,Financial adviser,1955-06-26,44.42983,-97.340866,0,57249,CUST009081,70,60+,Gold,16144.0,11553.42,41.79,32.84,11,1,1196,52,53,WEB,POS,PIN,Yes,No,No,No,6,Monday,False,0.0,0,Low Risk
2019-01-19 01:19:43,Miller-Hauck,grocery_pos,219.35,F,Houston,TX,29.7972,-95.3288,2906700,Animator,1983-08-24,29.43244,-95.072891,0,77539,CUST010127,42,41-60,Standard,7040.0,4571.04,167.51,221.97,8,2,402,41,35,MOBILE,Mobile,Biometric,Yes,Yes,No,No,1,Saturday,True,0.01,0,Low Risk
2019-01-03 02:55:42,Parisian and Sons,gas_transport,70.23,M,Glade Spring,VA,36.7779,-81.7676,5657,Clinical psychologist,1987-04-29,37.592395,-81.733026,0,24882,CUST009072,38,26-40,Standard,4359.0,2903.9,50.3,82.88,5,4,1120,35,39,POS,Mobile,OTP,Yes,No,No,No,2,Thursday,False,0.0,0,Low Risk
2019-01-17 09:30:57,Kiehn-Emmerich,grocery_pos,37.33,M,Cochranton,PA,41.5205,-80.0573,5507,Retail merchandiser,1973-07-28,41.991978,-79.915613,0,16441,CUST005439,52,41-60,Standard,5213.0,2974.18,29.66,28.56,1,0,394,68,84,WEB,POS,PIN,Yes,Yes,No,No,9,Thursday,False,0.0,0,Low Risk
2019-01-14 17:41:14,"Monahan, Bogisich and Ledner",misc_pos,34.79,M,Bessemer,AL,33.3224,-86.9657,71463,Radio broadcast assistant,1989-02-08,34.308022,-86.765676,0,35621,CUST008266,36,26-40,Gold,15287.0,4287.66,29.59,22.78,10,2,174,62,97,ATM,Mobile,PIN,Yes,Yes,No,No,17,Monday,False,0.0,0,Low Risk
2019-01-15 15:05:17,"Reichel, Bradtke and Blanda",travel,422.3,M,Kissee Mills,MO,36.6704,-93.0377,1201,"Engineer, agricultural",1980-03-18,36.602417,-92.472433,0,65655,CUST004501,45,41-60,Gold,17349.0,13306.82,293.12,324.94,10,1,546,52,44,POS,ATM,Biometric,Yes,Yes,Yes,No,15,Tuesday,False,0.03,0,Low Risk
2019-01-17 22:07:47,"Feil, Hilpert and Koss",food_dining,50.79,F,Cuthbert,GA,31.7706,-84.7936,5726,Fitness centre manager,1947-08-14,31.210719,-85.396245,0,36303,CUST010442,78,60+,Gold,17590.0,12773.92,38.7,36.23,8,2,1052,81,90,POS,ATM,OTP,No,Yes,Yes,No,22,Thursday,False,0.02,0,Low Risk
2019-01-02 20:30:42,Gottlieb Group,kids_pets,60.36,F,Dongola,IL,37.3712,-89.1349,2263,Scientific laboratory technician,1984-09-13,38.272691,-88.4300229999999,0,62809,CUST007280,41,41-60,Gold,15988.0,8855.18,49.63,63.75,11,3,698,94,97,WEB,Online,OTP,No,Yes,No,No,20,Wednesday,False,0.0,0,Low Risk
2019-01-04 14:36:05,Botsford PLC,home,17.78,F,Hinckley,OH,41.2419,-81.7453,7646,Medical sales representative,1988-09-15,41.747846,-80.8062719999999,0,44010,CUST006023,37,26-40,Gold,17448.0,3776.47,16.12,18.59,7,0,841,82,16,MOBILE,POS,OTP,Yes,No,No,No,14,Friday,False,0.0,0,Low Risk
2019-01-03 19:10:25,Effertz LLC,entertainment,228.95,F,Cisco,IL,39.9972,-88.6962,478,Landscape architect,1960-01-13,39.902292,-89.382233,0,62515,CUST010133,65,60+,Standard,4295.0,1130.71,178.05,144.3,10,2,822,96,45,POS,POS,PIN,Yes,Yes,No,No,19,Thursday,False,0.0,0,Low Risk
2019-01-14 18:23:46,Lubowitz-Walter,kids_pets,9.0,F,Prosperity,SC,34.1832,-81.5324,8333,Archaeologist,1994-07-09,33.843063,-82.483368,0,30817,CUST002378,31,26-40,Gold,17205.0,12180.78,6.68,6.59,6,0,320,86,15,POS,ATM,OTP,Yes,Yes,No,No,18,Monday,False,0.0,0,Low Risk
2019-01-02 16:10:52,Champlin and Sons,home,18.4,F,Sutherland,NE,41.1558,-101.136,1789,Insurance broker,1982-02-11,41.344199,-102.039662,0,69147,CUST005271,43,41-60,Standard,6770.0,2914.6,15.21,11.66,1,4,378,38,46,MOBILE,Mobile,PIN,Yes,Yes,No,No,16,Wednesday,False,0.0,0,Low Risk
2019-01-15 13:58:18,"Romaguera, Cruickshank and Greenholt",shopping_net,481.54,F,Colorado Springs,CO,38.8881,-104.6556,525713,Museum/gallery exhibitions officer,1992-05-09,38.890475,-103.681473,0,45777,CUST003093,33,26-40,Gold,15934.0,8121.78,374.95,272.58,11,3,893,36,38,ATM,POS,Biometric,Yes,Yes,No,No,13,Tuesday,False,0.07,0,Low Risk
2019-01-17 06:41:26,Bahringer-Larson,grocery_net,51.37,M,Saxon,WI,46.4959,-90.4383,795,Television/film/video producer,1986-04-15,46.662488,-91.151795,0,54827,CUST003813,39,26-40,Standard,7964.0,5029.02,46.22,37.64,8,2,670,44,30,POS,Mobile,PIN,Yes,No,No,No,6,Thursday,False,0.0,0,Low Risk
2019-01-11 03:31:06,Herzog Ltd,misc_pos,31.35,M,Oaks,PA,40.1334,-75.4536,737,Oceanographer,1987-04-24,40.49633,-76.377597,0,17963,CUST008603,38,26-40,Platinum,51404.0,40166.97,24.79,28.94,3,3,460,39,100,WEB,ATM,Biometric,Yes,Yes,No,No,3,Friday,False,0.01,0,Low Risk
2019-01-13 18:09:17,Nolan-Williamson,kids_pets,13.77,F,Delhi,LA,32.3929,-91.4714,6581,Multimedia programmer,1964-02-13,32.393735,-90.972424,0,39180,CUST006029,61,60+,Gold,17142.0,9448.19,12.89,13.21,11,0,588,76,49,POS,POS,PIN,Yes,Yes,No,No,18,Sunday,True,0.0,0,Low Risk
2019-01-02 07:22:32,Doyle Ltd,grocery_pos,75.53,F,Ash Flat,AR,36.2201,-91.6421,2856,Hydrologist,1926-08-27,37.164826,-91.771917,0,65468,CUST003751,99,60+,Standard,5347.0,1251.67,59.01,58.68,4,2,1053,21,47,WEB,POS,OTP,Yes,No,No,Yes,7,Wednesday,False,0.0,0,Low Risk
2019-01-11 20:04:30,"Turner, Ziemann and Lehner",food_dining,57.1,M,Cokeburg,PA,40.1008,-80.0652,632,Dealer,1989-04-08,40.892841,-80.491375,0,44454,CUST000835,36,26-40,Gold,17415.0,15204.65,35.64,46.19,1,4,53,86,51,ATM,ATM,PIN,Yes,Yes,No,No,20,Friday,False,0.0,0,Low Risk
2019-01-06 00:23:24,Bahringer-Streich,food_dining,80.52,F,Tulsa,OK,36.2395,-95.9596,413574,Bookseller,1968-06-18,36.302352,-96.626823,0,74045,CUST003013,57,41-60,Standard,6013.0,4877.26,61.71,80.81,5,4,52,22,31,POS,POS,OTP,Yes,Yes,No,No,0,Sunday,True,0.0,0,Low Risk
2019-01-01 03:24:07,Cummerata-Jones,gas_transport,69.3,M,Ballwin,MO,38.577,-90.5255,92608,"Engineer, communications",2001-07-26,38.166105,-90.912756,0,63071,CUST005214,24,18-25,Standard,6646.0,4482.125,55.97,35.27,1,3,41,14,95,WEB,POS,OTP,Yes,No,No,No,3,Tuesday,False,0.0,0,Low Risk
2019-01-05 22:25:07,"Kling, Howe and Schneider",home,258.54,M,Cleveland,AL,33.9778,-86.5598,3996,Aid worker,1977-06-14,34.828875,-86.302643,0,35751,CUST010421,48,41-60,Standard,7760.0,3153.02,204.51,143.44,10,1,274,43,2,POS,Online,Biometric,Yes,Yes,No,No,22,Saturday,True,0.09,0,Low Risk
2019-01-08 18:19:57,Abbott-Steuber,personal_care,132.54,F,Deltona,FL,28.8989,-81.2473,88735,Commercial horticulturist,1988-04-09,29.553977,-82.178181,0,32640,CUST002520,37,26-40,Gold,14125.0,11317.19,79.79,143.42,2,0,1348,3,61,WEB,Online,OTP,Yes,Yes,No,No,18,Tuesday,False,0.0,0,Low Risk
2019-01-08 01:51:46,"Olson, Becker and Koch",gas_transport,69.24,M,Wittenberg,WI,44.8232,-89.1665,3223,Senior tax professional/tax inspector,1954-06-30,43.901715,-89.167348,0,54968,CUST001557,71,60+,Gold,17777.0,4482.125,63.32,35.09,9,1,1112,50,88,MOBILE,Mobile,OTP,No,Yes,No,No,1,Tuesday,False,0.0,0,Low Risk
2019-01-14 03:28:28,"Swaniawski, Bahringer and Ledner",grocery_net,64.91,F,Dallas,TX,32.8463,-96.6972,1263321,"Designer, ceramics/pottery",1975-04-16,33.000723,-96.009403,0,75453,CUST009818,50,41-60,Standard,5631.0,1837.11,41.1,57.97,9,2,971,31,81,ATM,Mobile,PIN,Yes,No,No,No,3,Monday,False,0.01,0,Low Risk
2019-01-01 14:38:16,Runte-Mohr,food_dining,24.27,F,Rule,TX,33.0771,-99.959,932,"Physicist, medical",1954-12-10,32.86471,-99.665249,0,79503,CUST010746,71,60+,Standard,5408.0,2640.97,15.51,16.38,10,2,134,14,71,POS,Online,Biometric,Yes,Yes,No,No,14,Tuesday,False,0.0,0,Low Risk
2019-01-01 20:23:51,Ernser-Lynch,food_dining,4.04,F,Brooklyn,NY,40.6816,-73.9798,2504700,Medical sales representative,1999-09-01,40.826694,-73.627691,0,11579,CUST007512,26,26-40,Gold,14486.0,7800.12,2.81,2.42,8,0,402,11,63,ATM,ATM,OTP,Yes,Yes,No,No,20,Tuesday,False,0.01,0,Low Risk
2019-01-10 04:51:06,Bahringer-Larson,grocery_net,48.71,F,Jordanville,NY,42.8948,-74.8209,824,Travel agency manager,1985-09-01,43.059539,-75.0088189999999,0,13350,CUST009309,40,26-40,Standard,6115.0,2047.71,34.49,56.36,9,4,1044,36,18,MOBILE,ATM,OTP,Yes,No,No,Yes,4,Thursday,False,0.0,0,Low Risk
2019-01-06 18:43:04,Hammes-Beatty,kids_pets,20.58,F,Clayton,OK,34.5906,-95.38,1760,Occupational psychologist,1972-01-20,35.430787,-96.143112,0,74880,CUST010602,53,41-60,Standard,7367.5,2328.07,12.56,23.96,4,1,780,51,8,ATM,Mobile,PIN,Yes,Yes,No,No,18,Sunday,True,0.01,0,Low Risk
2019-01-08 13:01:09,"Durgan, Gislason and Spencer",home,14.58,M,Chester Heights,PA,39.8839,-75.4669,348,Management consultant,1945-05-05,39.866717,-76.276974,0,17565,CUST010437,80,60+,Platinum,49510.0,12162.09,9.64,16.85,10,3,507,32,33,POS,Mobile,Biometric,Yes,Yes,No,Yes,13,Tuesday,False,0.0,0,Low Risk
2019-01-09 19:05:32,"Haley, Jewess and Bechtelar",shopping_pos,200.51,M,Shrewsbury,MA,42.2848,-71.7205,35299,English as a second language teacher,1975-04-30,42.773971,-72.054776,0,3461,CUST002730,50,41-60,Gold,17653.0,8194.08,171.27,227.93,6,4,892,97,98,WEB,Online,Biometric,Yes,Yes,No,No,19,Wednesday,False,0.03,0,Low Risk
2019-01-07 08:35:29,"Terry, Johns and Bins",misc_pos,8.43,F,Keisterville,PA,39.9636,-79.7853,184,Systems developer,1945-11-04,39.253305,-80.087641,0,26347,CUST007517,80,60+,Gold,15799.0,8261.97,7.13,5.62,10,0,307,70,54,MOBILE,Online,OTP,Yes,Yes,No,No,8,Monday,False,0.01,0,Low Risk
2019-01-06 01:03:12,Klocko LLC,misc_net,6.79,F,Sebring,FL,27.4703,-81.4872,50835,Environmental consultant,1986-01-30,28.056441,-81.079336,0,34773,CUST008205,39,26-40,Standard,7633.0,3425.56,4.61,4.13,6,0,391,91,30,POS,ATM,PIN,Yes,No,No,No,1,Sunday,True,0.03,0,Low Risk
2019-01-14 02:50:00,Harris Group,food_dining,145.13,F,West Columbia,SC,33.9568,-81.1405,52126,Chemical engineer,1929-08-23,34.333648,-81.738593,0,29355,CUST010132,96,60+,Standard,6455.0,2672.59,96.24,93.25,6,4,1318,50,36,WEB,POS,OTP,Yes,Yes,Yes,Yes,2,Monday,False,0.0,0,Low Risk
2019-01-03 14:23:37,McKenzie-Huels,food_dining,30.13,F,Llano,NM,36.1486,-105.6648,247,Architectural technologist,1961-10-24,36.913853,-105.665152,0,81134,CUST006097,64,60+,Standard,6848.0,3901.07,22.2,25.35,9,4,1017,39,21,MOBILE,POS,PIN,Yes,No,No,Yes,14,Thursday,False,0.0,0,Low Risk
2019-01-05 16:58:50,Spencer PLC,entertainment,70.65,M,Oak Hill,NY,42.4069,-74.1528,277,Glass blower/designer,1971-12-12,42.684664,-74.141598,0,12053,CUST002723,54,41-60,Standard,6835.0,2530.41,49.84,44.34,2,4,980,65,27,WEB,ATM,OTP,No,Yes,No,No,16,Saturday,True,0.0,0,Low Risk
2019-01-15 23:19:32,Kessler Group,travel,2.99,F,Arcadia,SC,34.9572,-81.9916,530,Animal technologist,1989-05-14,35.804315,-82.645131,0,28753,CUST007045,36,26-40,Standard,4950.0,2012.7,2.3,2.99,2,3,1252,7,51,ATM,Mobile,Biometric,Yes,Yes,No,No,23,Tuesday,False,0.0,0,Low Risk
2019-01-18 00:25:45,Rempel PLC,grocery_net,54.1,F,De Witt,AR,34.2853,-91.3336,5161,Electrical engineer,1993-04-08,33.395415,-90.590074,0,38753,CUST005339,32,26-40,Standard,6296.0,3510.04,47.71,33.79,10,1,626,91,40,ATM,ATM,OTP,Yes,Yes,No,No,0,Friday,False,0.0,0,Low Risk
2019-01-08 14:31:45,Ernser-Feest,home,35.43,F,Marathon,TX,30.1886,-103.2214,498,Lexicographer,1990-11-23,30.572466,-104.118419,0,45777,CUST004241,35,26-40,Standard,4750.0,2539.42,22.93,32.72,2,3,1220,50,62,ATM,Online,Biometric,Yes,Yes,No,No,14,Tuesday,False,0.0,0,Low Risk
2019-01-14 09:21:23,"Goldner, Kovacek and Abbott",grocery_pos,139.06,F,East Canaan,CT,42.0158,-73.2913,647,Comptroller,1987-09-26,42.86733,-73.5064319999999,0,12094,CUST003864,38,26-40,Standard,6320.0,3164.97,89.62,122.58,9,1,648,20,9,MOBILE,POS,OTP,Yes,Yes,No,Yes,9,Monday,False,0.0,0,Low Risk
2019-01-07 11:31:04,Denesik and Sons,shopping_pos,1.58,F,Hopkins,SC,33.9349,-80.8449,13717,Chiropodist,1949-11-16,34.256312,-81.409485,0,29126,CUST005336,76,60+,Standard,5925.0,2817.83,1.3,1.49,6,4,1424,46,45,MOBILE,Online,Biometric,No,No,No,No,11,Monday,False,0.0,0,Low Risk
2019-01-05 08:26:58,"Swaniawski, Bahringer and Ledner",grocery_net,50.62,M,Utica,PA,41.4798,-79.9403,1102,Garment/textile technologist,1989-07-08,41.826646,-80.851334,0,44004,CUST004912,36,26-40,Standard,7127.0,6305.98,42.18,43.02,6,2,911,38,58,WEB,ATM,Biometric,Yes,Yes,No,No,8,Saturday,True,0.0,0,Low Risk
2019-01-15 04:19:16,Dibbert and Sons,entertainment,160.15,M,Cuyahoga Falls,OH,41.1464,-81.5107,47772,Equities trader,1966-01-04,40.948721,-81.212599,0,44201,CUST005644,59,41-60,Standard,5764.0,4582.39,143.15,161.83,9,3,34,98,71,ATM,Online,OTP,Yes,Yes,No,No,4,Tuesday,False,0.0,0,Low Risk
2019-01-15 23:30:09,"Dare, Casper and Bartoletti",kids_pets,29.48,F,Westhampton Beach,NY,40.8295,-72.6473,3255,Financial trader,1978-07-08,41.487705,-72.74253,0,6455,CUST003618,47,41-60,Standard,5661.0,4482.125,20.56,25.91,7,4,722,67,69,ATM,Online,OTP,Yes,No,No,No,23,Tuesday,False,0.0,0,Low Risk
2019-01-17 18:06:42,Waelchi-Wolf,kids_pets,170.46,F,Bauxite,AR,34.5091,-92.4828,4074,"Scientist, audiological",1975-12-20,34.389812,-92.645172,0,72167,CUST004719,50,41-60,Standard,6115.0,5024.21,142.35,108.93,6,2,191,27,35,MOBILE,ATM,Biometric,Yes,No,No,No,18,Thursday,False,0.0,0,Low Risk
2019-01-15 00:24:20,Schmitt Ltd,misc_net,17.43,F,Tulsa,OK,36.2395,-95.9596,413574,Bookseller,1968-06-18,36.587632,-96.092017,0,74002,CUST005883,57,41-60,Standard,7616.0,1966.08,11.18,9.42,10,4,871,54,95,POS,ATM,Biometric,No,Yes,No,No,0,Tuesday,False,0.02,0,Low Risk
2019-01-06 16:23:47,Jakubowski Inc,home,25.14,F,De Witt,AR,34.2853,-91.3336,5161,Electrical engineer,1993-04-08,33.746113,-91.374821,0,71670,CUST005703,32,26-40,Gold,16639.0,10521.38,21.8,22.76,1,3,1121,48,53,POS,ATM,OTP,Yes,Yes,Yes,No,16,Sunday,True,0.0,0,Low Risk
2019-01-07 01:22:49,Hills-Witting,shopping_net,6.06,M,Washington,DC,38.9757,-77.0282,601723,"Optician, dispensing",1970-07-20,38.75558,-77.944726,0,22639,CUST000958,55,41-60,Gold,17623.0,5979.58,5.55,6.26,11,3,888,60,48,WEB,POS,Biometric,Yes,Yes,No,No,1,Monday,False,0.01,0,Low Risk
2019-01-10 20:28:28,Shanahan-Lehner,personal_care,12.7,M,Saint James City,FL,26.529,-82.0916,3776,Sport and exercise psychologist,1976-09-12,26.773494,-81.8668979999999,0,33917,CUST008872,49,41-60,Standard,6609.0,3271.91,11.3,9.53,10,2,153,56,64,MOBILE,Online,Biometric,Yes,Yes,No,No,20,Thursday,False,0.0,0,Low Risk
2019-01-14 17:07:08,Towne LLC,misc_pos,7.72,M,Wichita,KS,37.6395,-97.1714,409656,Heritage manager,1985-12-27,37.384764,-97.727249,0,67106,CUST001272,40,26-40,Standard,7683.0,6109.63,6.73,9.03,10,0,1360,33,59,ATM,Online,PIN,Yes,No,No,No,17,Monday,False,0.03,0,Low Risk
2019-01-08 20:01:07,"Runte, Green and Emard",health_fitness,69.25,M,Turner,MT,48.8328,-108.3961,192,Further education lecturer,1964-01-04,47.920455,-108.967601,0,45777,CUST000549,61,60+,Standard,5450.0,4424.16,46.55,55.48,7,4,467,69,45,POS,POS,OTP,Yes,Yes,No,No,20,Tuesday,False,0.0,0,Low Risk
2019-01-05 02:38:14,"Stroman, Hudson and Erdman",gas_transport,66.37,M,Washington,DC,38.9367,-76.994,601723,"Psychotherapist, child",1991-02-04,38.254439,-76.959491,0,22443,CUST004713,34,26-40,Standard,6522.0,3659.5,40.99,42.78,4,2,751,41,27,MOBILE,ATM,PIN,Yes,Yes,No,No,2,Saturday,True,0.0,0,Low Risk
2019-01-04 17:10:46,Leffler-Goldner,personal_care,23.9,F,Port Gibson,NY,43.033,-77.1575,207,Database administrator,1962-09-27,43.18581,-77.385428,0,14580,CUST007798,63,60+,Standard,4488.0,2288.38,19.83,26.63,10,3,361,5,68,POS,Online,Biometric,Yes,No,No,No,17,Friday,False,0.0,0,Low Risk
2019-01-13 00:23:57,"Goldner, Kovacek and Abbott",grocery_pos,86.31,F,Hopkins,SC,33.9349,-80.8449,13717,Chiropodist,1949-11-16,33.023186,-81.202,0,29849,CUST001436,76,60+,Gold,17289.0,5042.2,67.53,47.48,5,2,838,57,61,POS,POS,Biometric,Yes,Yes,No,Yes,0,Sunday,True,0.0,0,Low Risk
2019-01-06 21:33:45,McGlynn-Heathcote,misc_net,15.92,M,Bowdoin,ME,44.0575,-69.9656,3224,"Engineer, electronics",1997-08-22,43.324699,-70.8420089999999,0,3901,CUST007237,28,26-40,Standard,7458.0,2414.53,13.77,16.35,7,0,1087,71,26,POS,POS,PIN,Yes,No,No,No,21,Sunday,True,0.0,0,Low Risk
2019-01-15 01:08:44,"Watsica, Haag and Considine",shopping_pos,1.79,M,Cord,AR,35.8184,-91.3375,376,"Designer, ceramics/pottery",1938-09-08,34.904266,-91.255013,0,72021,CUST001470,87,60+,Standard,6067.0,3702.2,1.39,2.05,3,3,817,40,66,WEB,POS,PIN,Yes,No,No,No,1,Tuesday,False,0.0,0,Low Risk
2019-01-16 19:37:22,Gerhold LLC,home,133.23,M,Indian Wells,CA,33.7163,-116.3381,4677,Learning mentor,1955-05-06,33.361187,-116.761825,0,92536,CUST007154,70,60+,Gold,14921.0,6132.47,110.11,108.28,4,1,772,8,3,WEB,ATM,Biometric,Yes,Yes,No,No,19,Wednesday,False,0.0,0,Low Risk
2019-01-14 06:39:33,"Reichert, Huels and Hoppe",shopping_net,52.91,M,Cecilton,MD,39.4015,-75.8654,663,Podiatrist,1969-01-14,39.578413,-75.842318,0,21921,CUST008095,56,41-60,Gold,14654.0,7684.23,40.14,58.31,5,4,865,9,98,WEB,POS,PIN,Yes,Yes,No,No,6,Monday,False,0.0,0,Low Risk
2019-01-14 15:56:01,"Schmeler, Bashirian and Price",shopping_net,1.04,F,Washington,DC,38.9087,-77.0414,601723,Prison officer,1986-03-14,39.388885,-77.674363,0,21718,CUST010837,39,26-40,Standard,4453.0,1715.75,0.68,1.22,6,2,368,48,51,POS,Mobile,OTP,Yes,Yes,No,No,15,Monday,False,0.0,0,Low Risk
2019-01-11 20:13:48,Kozey-Boehm,shopping_net,4.92,F,Plantersville,AL,32.6176,-86.9475,1412,Drilling engineer,1970-11-20,33.202455,-86.700154,0,35051,CUST004070,55,41-60,Gold,15314.0,11866.63,4.01,3.53,7,4,1082,43,64,MOBILE,POS,PIN,Yes,Yes,No,No,20,Friday,False,0.0,0,Low Risk
2019-01-15 05:21:48,Towne LLC,misc_pos,33.64,M,Leetsdale,PA,40.5662,-80.2099,1140,"Administrator, education",1986-06-20,40.906531,-80.416231,0,16102,CUST010276,39,26-40,Gold,16965.0,9512.7,23.79,35.86,10,3,1024,83,67,MOBILE,Mobile,PIN,Yes,Yes,No,No,5,Tuesday,False,0.0,0,Low Risk
2019-01-04 11:46:40,Dicki Ltd,grocery_net,36.29,M,Tallmansville,WV,38.8564,-80.158,571,Accounting technician,1967-09-16,39.032317,-80.961953,0,26137,CUST006382,58,41-60,Gold,16558.0,13189.16,28.03,22.29,8,0,65,9,97,WEB,ATM,PIN,Yes,Yes,No,No,11,Friday,False,0.0,0,Low Risk
2019-01-14 06:36:41,Ledner-Pfannerstill,gas_transport,70.49,F,Scotia,SC,32.6786,-81.2455,302,Magazine features editor,1973-05-04,33.394724,-80.605561,0,29018,CUST009297,52,41-60,Standard,6811.0,2024.54,45.53,39.13,1,3,1360,34,46,MOBILE,Online,PIN,Yes,Yes,No,No,6,Monday,False,0.0,0,Low Risk
2019-01-14 19:04:03,"Hermiston, Russel and Price",food_dining,5.33,F,Battle Creek,IA,42.3327,-95.6045,1075,"Teacher, early years/pre",1997-01-02,41.792325,-95.473416,0,51530,CUST009950,28,26-40,Standard,6401.0,5556.34,4.87,4.51,1,2,273,12,58,MOBILE,Mobile,PIN,No,Yes,Yes,No,19,Monday,False,0.0,0,Low Risk
2019-01-01 14:31:02,Cormier LLC,shopping_net,3.73,M,Ragland,AL,33.7367,-86.1619,4159,Educational psychologist,1998-02-03,34.353078,-85.643205,0,35967,CUST008199,27,26-40,Standard,6965.0,3631.54,3.24,37.755,1,3,335,82,74,POS,Online,PIN,No,No,No,No,14,Tuesday,False,0.0,0,Low Risk
2019-01-12 17:19:01,Grimes LLC,entertainment,72.48,F,Mobile,AL,30.7145,-88.0918,270712,"Surveyor, land/geomatics",1972-01-05,29.929127,-87.136981,0,45777,CUST001075,53,41-60,Standard,4249.0,1334.63,66.54,36.45,6,2,1278,79,23,ATM,ATM,Biometric,Yes,Yes,No,No,17,Saturday,True,0.01,0,Low Risk
2019-01-15 12:46:12,Kozey-Kuhlman,personal_care,106.31,M,North Las Vegas,NV,36.2815,-115.1482,214518,Catering manager,1960-01-16,35.445247,-114.663835,0,45777,CUST005301,65,60+,Standard,7367.5,3607.43,74.54,70.2,1,4,1165,8,44,MOBILE,POS,OTP,Yes,Yes,No,No,12,Tuesday,False,0.0,0,Low Risk
2019-01-06 00:40:46,"Greenfelder, Bartoletti and Davis",misc_net,1.81,F,Keisterville,PA,39.9636,-79.7853,184,Systems developer,1945-11-04,40.879525,-79.856656,0,16001,CUST008948,80,60+,Gold,15503.0,6199.41,1.51,2.15,7,4,1303,83,3,ATM,ATM,PIN,Yes,Yes,No,No,0,Sunday,True,0.0,0,Low Risk
2019-01-14 15:06:21,Beier-Hyatt,shopping_pos,1.93,F,Bonfield,IL,41.1573,-88.0619,1617,Medical secretary,1990-04-25,42.097392,-87.867904,0,60062,CUST008916,35,26-40,Standard,5805.0,4586.77,1.46,1.27,4,2,1165,64,7,ATM,Mobile,Biometric,Yes,Yes,No,No,15,Monday,False,0.0,0,Low Risk
2019-01-17 20:44:33,Thompson-Gleason,health_fitness,21.46,F,Bellmore,NY,40.6729,-73.5365,34496,"Librarian, public",1970-10-21,39.738768,-73.300944,0,45777,CUST004990,55,41-60,Gold,15651.0,8952.0,19.19,25.36,1,3,1223,54,43,MOBILE,ATM,OTP,Yes,Yes,No,No,20,Thursday,False,0.0,0,Low Risk
2019-01-06 16:15:10,Marvin-Lind,personal_care,44.58,F,Clarksville,TN,36.522,-87.3489999999999,151785,Pathologist,1974-03-28,36.671322,-88.154485,0,42036,CUST003995,51,41-60,Standard,6375.0,3580.22,30.24,47.96,5,4,326,98,78,POS,ATM,Biometric,Yes,Yes,No,No,16,Sunday,True,0.01,0,Low Risk
2019-01-14 20:05:59,"Mueller, Gerhold and Mueller",health_fitness,1.95,M,Sprague,NE,40.6267,-96.7456,142,Chiropodist,1967-08-24,40.794247,-97.015456,0,68405,CUST003780,58,41-60,Platinum,52327.0,44008.93,1.48,1.95,3,3,1362,40,56,WEB,POS,PIN,Yes,No,No,Yes,20,Monday,False,0.0,0,Low Risk
2019-01-01 09:16:38,Maggio-Fahey,misc_pos,5.15,M,Kenner,LA,29.9912,-90.2479,68211,"Engineer, petroleum",1941-04-23,29.778844,-89.399202,0,45777,CUST008358,84,60+,Standard,6387.0,1382.52,36.06,4.78,9,3,759,15,7,MOBILE,ATM,OTP,Yes,No,No,No,9,Tuesday,False,0.0,0,Low Risk
2019-01-09 02:04:37,Boyer PLC,shopping_net,847.72,F,Downsville,NY,42.0716,-75.0152,1228,"Psychotherapist, child",1990-02-25,42.006549,-74.340631,1,12412,CUST006004,35,26-40,Gold,14291.0,6747.24,577.45,507.41,11,2,344,61,13,WEB,POS,PIN,Yes,Yes,No,No,2,Wednesday,False,0.33,1,Medium Risk
2019-01-08 19:32:52,Nienow PLC,entertainment,72.94,M,Norman Park,GA,31.2462,-83.6549,5666,Rural practice surveyor,2003-09-14,30.412881,-83.709013,0,32331,CUST010169,22,18-25,Standard,5037.0,3477.95,52.86,85.82,3,3,644,33,74,WEB,POS,OTP,Yes,Yes,No,No,19,Tuesday,False,0.0,0,Low Risk
2019-01-07 06:50:19,"Haley, Jewess and Bechtelar",shopping_pos,126.19,M,Atlantic,VA,37.9073,-75.5089,741,"Geologist, engineering",1986-08-17,38.060839,-75.814113,0,21838,CUST003804,39,26-40,Standard,5697.0,4679.67,97.93,127.51,4,0,313,75,48,POS,POS,PIN,Yes,Yes,No,Yes,6,Monday,False,0.0,0,Low Risk
2019-01-06 13:27:59,Kutch-Wilderman,home,63.02,M,Elizabeth,NJ,40.6747,-74.2239,124967,Operational researcher,1980-12-21,40.302895,-74.599416,0,8550,CUST004878,45,41-60,Standard,5043.0,2172.06,44.83,33.43,10,2,918,79,56,ATM,Online,OTP,Yes,Yes,No,No,13,Sunday,True,0.0,0,Low Risk
2019-01-08 02:25:31,Kling Inc,gas_transport,71.46,M,Graniteville,VT,44.1554,-72.4847,970,Agricultural consultant,1993-09-29,44.991828,-72.4594489999999,0,5859,CUST000971,32,26-40,Standard,6155.0,1355.79,55.44,36.98,11,2,967,76,66,MOBILE,Online,PIN,Yes,No,No,Yes,2,Tuesday,False,0.0,0,Low Risk
2019-01-02 06:43:44,Friesen-D'Amore,gas_transport,75.91,M,Washington,DC,38.9757,-77.0282,601723,"Optician, dispensing",1970-07-20,38.229269,-77.527115,0,22407,CUST005571,55,41-60,Platinum,52113.0,40668.21,51.9,44.46,11,3,589,20,39,ATM,POS,OTP,Yes,No,No,No,6,Wednesday,False,0.0,0,Low Risk
2019-01-15 20:56:18,"Little, Gutmann and Lynch",shopping_net,7.49,F,Centerview,MO,38.7897,-93.8702,2368,Electronics engineer,1989-07-17,37.810314,-93.308178,0,65724,CUST005270,36,26-40,Gold,14996.0,3826.6,5.97,5.35,3,4,904,27,5,ATM,Mobile,OTP,No,Yes,No,No,20,Tuesday,False,0.0,0,Low Risk
2019-01-09 12:59:23,"Nienow, Barrows and Romaguera",personal_care,79.17,F,Knoxville,TN,35.9335,-84.1481,391389,"Designer, industrial/product",1994-04-22,36.438102,-83.993556,0,37729,CUST003194,31,26-40,Standard,4918.0,3785.71,67.0,75.35,11,4,484,56,52,POS,Mobile,Biometric,Yes,Yes,No,No,12,Wednesday,False,0.0,0,Low Risk
2019-01-07 06:48:19,Botsford Ltd,shopping_pos,1.72,F,Norwich,OH,39.9934,-81.8024,1443,Research scientist (medical),1962-03-04,40.307592,-82.497589,0,43050,CUST010333,63,60+,Platinum,51767.0,35572.7,1.59,1.46,10,0,1283,75,84,POS,POS,OTP,No,Yes,Yes,No,6,Monday,False,0.0,0,Low Risk
2019-01-13 23:50:02,Terry-Huel,shopping_net,870.97,M,Oak Hill,NY,42.4069,-74.1528,277,Glass blower/designer,1971-12-12,42.433841,-73.699107,1,12130,CUST005045,54,41-60,Standard,5482.0,4482.125,576.88,658.83,1,0,1243,11,63,MOBILE,Online,PIN,Yes,No,No,No,23,Sunday,True,0.7,1,High Risk
2019-01-11 15:04:36,"Hartmann, Rowe and Hermann",travel,1.57,M,Ruckersville,VA,38.2586,-78.4074,9815,"Designer, ceramics/pottery",1975-07-07,38.211391,-78.423969,0,22968,CUST001672,50,41-60,Standard,7317.0,1924.85,1.37,1.33,2,2,1310,58,2,POS,Online,Biometric,Yes,Yes,No,No,15,Friday,False,0.0,0,Low Risk
2019-01-18 00:29:01,Doyle Ltd,grocery_pos,170.07,F,Early,IA,42.4483,-95.1726,885,"Pilot, airline",1949-08-14,42.82018,-94.961662,0,50565,CUST004957,76,60+,Standard,7120.0,5291.59,152.56,121.9,5,1,1337,19,14,WEB,POS,Biometric,Yes,Yes,No,No,0,Friday,False,0.0,0,Low Risk
2019-01-15 14:22:39,Gottlieb Group,kids_pets,112.41,M,Naples,FL,26.1184,-81.7361,276002,"Programme researcher, broadcasting/film/video",1979-01-02,26.253116,-81.9807079999999,0,45777,CUST010405,46,41-60,Gold,16531.0,5857.78,97.35,61.2,8,2,103,81,35,POS,POS,Biometric,Yes,Yes,No,No,14,Tuesday,False,0.0,0,Low Risk
2019-01-14 22:50:10,Nolan-Williamson,kids_pets,105.74,M,Mallie,KY,37.2692,-82.9161,798,Facilities manager,1926-06-26,36.436353,-83.514125,0,37879,CUST006405,99,60+,Standard,6660.0,5085.07,76.25,117.57,5,3,1186,17,47,WEB,ATM,Biometric,Yes,Yes,No,Yes,22,Monday,False,0.01,0,Low Risk
2019-01-12 21:27:54,Stoltenberg-Beatty,shopping_pos,2.6,F,Orient,WA,48.8878,-118.2105,149,Special educational needs teacher,1978-06-21,49.004018,-118.791272,0,45777,CUST008137,47,41-60,Standard,6465.0,4085.41,1.57,1.54,2,2,682,29,42,ATM,Mobile,Biometric,No,Yes,No,Yes,21,Saturday,True,0.0,0,Low Risk
2019-01-06 16:46:34,Schmidt and Sons,shopping_net,3.55,F,Matthews,MO,36.7154,-89.6287,1019,Aeronautical engineer,1979-01-26,37.036851,-89.571324,0,63736,CUST002883,46,41-60,Standard,4911.0,3650.07,2.55,4.06,6,3,279,5,85,ATM,Online,Biometric,Yes,No,No,No,16,Sunday,True,0.0,0,Low Risk
2019-01-08 21:06:09,Dare-Marvin,entertainment,3.21,M,Spearsville,LA,32.955,-92.587,1758,"Psychologist, forensic",1957-08-08,32.940776,-93.308604,0,71072,CUST010626,68,60+,Gold,17109.0,5502.97,2.63,1.96,5,4,510,65,19,WEB,Mobile,PIN,Yes,Yes,No,No,21,Tuesday,False,0.0,0,Low Risk
2019-01-01 22:43:20,Ullrich Ltd,kids_pets,77.19,M,Norman,AR,34.4596,-93.6743,1383,Magazine features editor,1966-08-08,33.602134,-93.439236,0,71835,CUST007348,59,41-60,Gold,15669.0,6298.36,48.98,73.9,10,2,941,30,50,POS,Online,PIN,Yes,Yes,No,Yes,22,Tuesday,False,0.0,0,Low Risk
2019-01-13 23:39:02,"Baumbach, Hodkiewicz and Walsh",shopping_pos,5.82,M,Monmouth Beach,NJ,40.333,-73.9809,3279,Health promotion specialist,1978-10-05,40.644376,-74.425903,0,7069,CUST001074,47,41-60,Gold,17856.0,8561.1,4.82,6.81,4,2,612,46,100,ATM,Online,PIN,No,Yes,No,No,23,Sunday,True,0.0,0,Low Risk
2019-01-15 14:45:01,"Streich, Dietrich and Barton",shopping_net,4.15,F,Hannawa Falls,NY,44.6087,-74.9732,69,Chief Executive Officer,1991-06-05,44.787128,-75.422944,0,13669,CUST008942,34,26-40,Gold,17788.0,8416.9,3.6,2.32,1,0,550,71,93,MOBILE,POS,PIN,Yes,Yes,No,No,14,Tuesday,False,0.0,0,Low Risk
2019-01-07 20:24:58,Stark-Koss,home,62.94,F,Plainfield,NJ,40.6152,-74.415,71485,Leisure centre manager,1974-07-19,39.796505,-74.702514,0,8088,CUST002081,51,41-60,Standard,7429.0,4560.64,54.57,45.02,10,3,143,38,97,WEB,Mobile,Biometric,Yes,Yes,No,No,20,Monday,False,0.0,0,Low Risk
2019-01-08 16:04:21,"Welch, Rath and Koepp",entertainment,71.63,M,Doe Hill,VA,38.4207,-79.4629,99,Dance movement psychotherapist,1986-03-28,37.470845,-78.901045,0,24553,CUST010998,39,26-40,Gold,16071.0,3420.78,48.67,72.5,4,3,730,22,74,POS,POS,Biometric,Yes,Yes,Yes,No,16,Tuesday,False,0.0,0,Low Risk
2019-01-13 19:01:36,Fritsch and Sons,health_fitness,157.01,M,Thida,AR,35.5762,-91.4539,111,Careers information officer,2000-06-13,35.749552,-91.180118,0,72473,CUST007331,25,18-25,Standard,5344.0,2439.92,128.78,127.96,9,0,1388,12,34,MOBILE,Mobile,OTP,Yes,No,No,No,19,Sunday,True,0.0,0,Low Risk
2019-01-09 06:23:00,"Yost, Block and Koepp",misc_pos,2.33,F,Vienna,GA,32.0913,-83.7922,7420,Phytotherapist,1957-01-15,32.763832,-84.422578,0,31836,CUST002714,68,60+,Gold,16909.0,13528.28,1.63,1.3,5,2,1069,87,51,MOBILE,ATM,OTP,Yes,Yes,No,No,6,Wednesday,False,0.0,0,Low Risk
2019-01-02 18:42:30,"Welch, Rath and Koepp",entertainment,1.3,M,Leo,IN,41.2249,-85.0301,5341,Biomedical engineer,1994-11-24,41.998539,-84.901337,0,49082,CUST008016,31,26-40,Gold,15955.0,9949.43,1.0,1.27,1,1,403,59,46,POS,ATM,OTP,Yes,Yes,No,No,18,Wednesday,False,0.0,0,Low Risk
2019-01-01 23:16:05,Lemke-Gutmann,shopping_net,131.38,F,Walnut Ridge,AR,36.0244,-90.9288,7155,"Engineer, control and instrumentation",1977-03-23,36.418086,-90.819091,0,72444,CUST000230,48,41-60,Standard,5435.0,4603.25,81.47,37.755,2,4,415,43,50,MOBILE,POS,PIN,Yes,Yes,No,No,23,Tuesday,False,0.0,0,Low Risk
2019-01-18 00:19:01,"Adams, Kovacek and Kuhlman",grocery_net,105.0,F,Grimesland,NC,35.558,-77.2566,5903,Manufacturing systems engineer,1993-10-07,34.983607,-76.727352,0,28571,CUST004422,32,26-40,Standard,5974.0,5129.9,93.42,117.19,6,1,221,33,97,ATM,Online,OTP,Yes,Yes,No,No,0,Friday,False,0.03,0,Low Risk
2019-01-18 12:09:32,Gutmann-Upton,misc_pos,3.59,F,Jones,AL,32.5104,-86.8138,1089,Materials engineer,1971-11-02,33.504666,-87.73017,0,35458,CUST002028,54,41-60,Gold,15389.0,9540.4,3.39,3.77,9,4,652,61,85,POS,Online,Biometric,Yes,Yes,No,No,12,Friday,False,0.0,0,Low Risk
2019-01-17 11:05:00,Kris-Padberg,shopping_pos,130.88,M,Fenelton,PA,40.8555,-79.7372,2054,Communications engineer,1976-09-29,40.851182,-79.042792,0,15758,CUST004542,49,41-60,Standard,5901.0,4785.43,119.79,37.755,6,3,262,45,38,WEB,Online,PIN,Yes,No,No,No,11,Thursday,False,0.0,0,Low Risk
2019-01-17 04:20:57,Lockman Ltd,grocery_pos,127.08,M,Hewitt,WI,44.6437,-90.1031,828,Arts development officer,1991-08-19,44.505589,-89.735825,0,54475,CUST007235,34,26-40,Gold,15794.0,4460.99,108.39,146.71,4,3,591,62,10,WEB,ATM,PIN,Yes,Yes,No,No,4,Thursday,False,0.0,0,Low Risk
2019-01-04 09:50:07,"Schumm, Bauch and Ondricka",grocery_pos,99.67,F,Gardiner,OR,43.7857,-124.1437,260,"Engineer, maintenance",1956-09-01,43.799688,-123.83318,0,97467,CUST003211,69,60+,Gold,17999.0,5137.69,62.16,65.82,2,2,1272,31,17,MOBILE,Mobile,Biometric,No,No,No,Yes,9,Friday,False,0.0,0,Low Risk
2019-01-14 20:56:46,Deckow-Dare,food_dining,34.22,M,West Harrison,NY,41.0592,-73.7395,11250,Lexicographer,1977-08-16,42.047142,-74.36307,0,12464,CUST008671,48,41-60,Gold,16293.0,13396.23,27.47,39.65,6,3,1247,75,27,MOBILE,Mobile,Biometric,Yes,Yes,No,Yes,20,Monday,False,0.0,0,Low Risk
2019-01-14 01:00:17,Thiel PLC,misc_pos,22.58,F,Fort Myers,FL,26.4722,-81.8122,224256,Paramedic,1985-08-29,26.306874,-82.335375,0,45777,CUST008238,40,26-40,Standard,7504.0,6688.68,15.82,17.61,9,3,689,20,37,POS,Online,PIN,Yes,Yes,No,Yes,1,Monday,False,0.01,0,Low Risk
2019-01-07 04:00:41,Lesch Ltd,shopping_pos,8.89,M,Akron,OH,41.0695,-81.5488,272134,Call centre manager,1964-03-15,41.383817,-82.222493,0,44001,CUST005534,61,60+,Standard,7811.0,2016.72,5.67,5.98,1,1,429,61,37,WEB,Mobile,OTP,Yes,Yes,No,No,4,Monday,False,0.0,0,Low Risk
2019-01-09 06:58:58,"Jenkins, Hauck and Friesen",gas_transport,32.03,F,Thrall,TX,30.592,-97.2893,1766,Press sub,1976-01-02,30.036745,-97.773767,0,78610,CUST001940,49,41-60,Platinum,49850.0,22326.43,25.36,30.55,5,2,5,8,27,POS,Mobile,OTP,Yes,No,Yes,No,6,Wednesday,False,0.0,0,Low Risk
2019-01-06 00:37:01,Huels-Nolan,gas_transport,60.74,F,Port Gibson,NY,43.033,-77.1575,207,Database administrator,1962-09-27,42.582533,-77.434859,0,14808,CUST008390,63,60+,Standard,6664.0,4482.125,43.73,35.77,7,2,932,43,59,POS,Online,OTP,Yes,No,No,No,0,Sunday,True,0.0,0,Low Risk
2019-01-18 11:57:39,Sawayn PLC,shopping_pos,141.83,M,West Hartford,VT,43.7185,-72.4439,140,"Development worker, community",1989-10-28,43.168355,-72.206953,0,3456,CUST000524,36,26-40,Gold,17036.0,5476.76,123.79,150.4,11,4,564,41,36,POS,Mobile,PIN,Yes,Yes,No,No,11,Friday,False,0.0,0,Low Risk
2019-01-09 13:45:21,Bechtelar-Rippin,food_dining,160.78,F,Tupper Lake,NY,44.232,-74.4905,6120,Chartered loss adjuster,1976-10-09,43.831772,-74.988922,0,13331,CUST002752,49,41-60,Standard,4377.0,1111.75,117.16,101.22,7,2,1215,48,40,POS,Mobile,OTP,Yes,Yes,No,No,13,Wednesday,False,0.0,0,Low Risk
2019-01-11 16:18:18,Reichel Inc,entertainment,75.95,M,Mayersville,MS,32.9013,-91.0286,595,Technical brewer,1979-09-03,33.461352,-90.357221,0,38941,CUST002660,46,41-60,Standard,5602.0,1885.33,59.04,51.81,4,2,129,40,60,ATM,Online,Biometric,No,Yes,No,No,16,Friday,False,0.0,0,Low Risk
2019-01-09 10:32:49,"Romaguera, Cruickshank and Greenholt",shopping_net,118.36,M,Fairview,NJ,40.817,-74.0,13835,"Programmer, multimedia",1967-05-28,40.954851,-74.226687,0,7470,CUST009157,58,41-60,Platinum,50067.0,23841.42,74.67,111.32,7,2,969,92,1,MOBILE,ATM,PIN,No,Yes,No,No,10,Wednesday,False,0.0,0,Low Risk
2019-01-07 09:25:25,"Moen, Reinger and Murphy",grocery_pos,81.05,F,Adams,WI,43.8967,-89.8219,3508,Sport and exercise psychologist,1946-08-11,44.227263,-90.105036,0,45777,CUST010129,79,60+,Gold,14836.0,8312.69,54.28,49.96,11,1,1387,53,90,WEB,Online,PIN,Yes,Yes,No,No,9,Monday,False,0.0,0,Low Risk
2019-01-14 21:14:37,Kautzer and Sons,personal_care,21.93,M,Moorhead,MS,33.4783,-90.5142,2870,Chartered public finance accountant,1999-03-05,33.473069,-90.458502,0,38761,CUST001899,26,26-40,Platinum,50080.0,20325.2,16.14,23.96,9,3,37,47,16,POS,ATM,PIN,Yes,Yes,No,No,21,Monday,False,0.0,0,Low Risk
2019-01-07 15:27:45,Goyette-Gerhold,kids_pets,20.57,F,Florence,MS,32.153,-90.1217,19685,Fine artist,1984-12-24,31.492779,-89.602014,0,39482,CUST001170,41,41-60,Gold,17567.0,12698.3,16.61,20.62,7,2,83,27,66,WEB,ATM,PIN,Yes,Yes,No,No,15,Monday,False,0.01,0,Low Risk
2019-01-16 18:14:41,"Hagenes, Kohler and Hoppe",food_dining,83.7,F,Spencer,SD,43.7557,-97.5936,343,"Development worker, international aid",1972-03-05,43.936558,-98.221724,0,57359,CUST007175,53,41-60,Standard,7981.0,6631.85,60.71,51.41,1,4,698,68,40,WEB,Mobile,PIN,Yes,Yes,No,No,18,Wednesday,False,0.0,0,Low Risk
2019-01-03 13:12:08,"Kihn, Abernathy and Douglas",shopping_net,9.97,M,Boonton,NJ,40.9115,-74.414,15269,"Psychologist, sport and exercise",1993-07-05,41.390276,-73.963523,0,10996,CUST010540,32,26-40,Standard,6286.0,5582.68,8.72,11.04,7,2,1309,18,81,WEB,Mobile,PIN,Yes,Yes,Yes,No,13,Thursday,False,0.0,0,Low Risk
2019-01-06 04:54:58,Auer-West,shopping_net,1.26,F,Belle Fourche,SD,44.6723,-103.8396,8007,Hospital pharmacist,1940-09-17,44.352998,-103.715475,0,57732,CUST002923,85,60+,Gold,15170.0,9322.73,1.01,0.99,6,4,1386,50,26,ATM,ATM,Biometric,Yes,Yes,No,No,4,Sunday,True,0.01,0,Low Risk
2019-01-15 19:55:40,"Reichel, Bradtke and Blanda",travel,6.57,F,Saint Paul,MN,44.9913,-92.9487,753116,Fisheries officer,1971-08-06,45.091584,-92.123135,0,54734,CUST000194,54,41-60,Gold,7367.5,3860.22,4.11,4.75,4,4,480,72,30,WEB,POS,Biometric,Yes,Yes,No,No,19,Tuesday,False,0.0,0,Low Risk
2019-01-18 07:43:12,Huels-Hahn,gas_transport,47.92,F,Thomas,WV,39.1505,-79.503,836,Forensic psychologist,1981-08-29,38.874213,-80.433591,0,26447,CUST000838,44,41-60,Standard,4005.0,1224.59,31.45,49.83,6,4,1231,83,51,MOBILE,ATM,OTP,No,Yes,No,No,7,Friday,False,0.0,0,Low Risk
2019-01-08 06:56:29,Bednar Group,misc_net,6.64,M,Holliday,TX,33.6751,-98.6576,2317,Chief Technology Officer,1964-08-23,34.228337,-99.092341,0,73530,CUST005028,61,60+,Gold,16562.0,5634.98,5.98,7.39,4,2,1360,87,54,ATM,Mobile,Biometric,Yes,No,No,No,6,Tuesday,False,0.01,0,Low Risk
2019-01-14 05:25:27,Zemlak Group,misc_net,5.91,F,Oolitic,IN,38.8938,-86.5246,1228,Counsellor,1991-03-13,38.104988,-85.733983,0,40118,CUST006765,34,26-40,Gold,15113.0,5451.54,36.06,5.9,1,3,1376,50,28,WEB,Online,OTP,Yes,Yes,Yes,No,5,Monday,False,0.0,0,Low Risk
2019-01-06 14:58:47,"Mante, Luettgen and Hackett",health_fitness,13.39,F,Hurricane,WV,38.4257,-81.9943,21902,Sub,1980-09-18,38.726701,-82.545599,0,45688,CUST002828,45,41-60,Standard,7971.0,3116.46,11.09,12.91,5,1,1133,73,76,WEB,Online,Biometric,No,No,No,No,14,Sunday,True,0.0,0,Low Risk
2019-01-19 02:12:32,Kilback Group,food_dining,96.24,F,Ridgeland,MS,32.4122,-90.1207,24645,"Scientist, clinical (histocompatibility and immunogenetics)",1966-05-29,33.399958,-90.855188,0,38756,CUST002680,59,41-60,Standard,6881.0,5895.14,70.48,70.63,1,2,846,5,58,WEB,ATM,OTP,Yes,No,No,No,2,Saturday,True,0.0,0,Low Risk
2019-01-15 18:45:30,Zboncak LLC,food_dining,44.65,F,Allentown,PA,40.5891,-75.4645,166081,"Scientist, research (maths)",1998-10-01,40.78675,-76.451004,0,17834,CUST003544,27,26-40,Gold,17962.0,5942.97,35.03,42.19,7,0,1430,44,100,MOBILE,ATM,OTP,Yes,No,No,No,18,Tuesday,False,0.0,0,Low Risk
2019-01-14 06:19:12,Marks Inc,gas_transport,58.05,F,Bonfield,IL,41.1573,-88.0619,1617,Medical secretary,1990-04-25,41.340385,-88.659936,0,61341,CUST009264,35,26-40,Standard,7367.5,2327.69,50.23,58.84,6,2,957,45,65,POS,ATM,OTP,Yes,No,No,Yes,6,Monday,False,0.0,0,Low Risk
2019-01-17 14:17:13,Little Ltd,kids_pets,22.3,M,West Eaton,NY,42.8546,-75.6605,176,Science writer,1963-12-28,43.653583,-74.756417,0,13360,CUST010231,62,60+,Standard,4171.0,1216.33,15.75,19.11,3,3,242,81,44,ATM,POS,PIN,Yes,Yes,No,No,14,Thursday,False,0.0,0,Low Risk
2019-01-14 17:46:12,Rau-Robel,kids_pets,43.97,F,Plymouth,CT,41.6611,-73.0449,2376,Herpetologist,1973-04-06,41.070161,-73.01427,0,11789,CUST004573,52,41-60,Standard,5626.0,1266.06,28.77,29.52,3,4,743,59,45,ATM,Mobile,OTP,Yes,Yes,No,No,17,Monday,False,0.0,0,Low Risk
2019-01-07 19:01:47,Gleason-Macejkovic,shopping_net,1323.74,F,Sun City,CA,33.7467,-117.1721,54287,"Designer, exhibition/display",1972-09-22,34.394362,-116.94011,0,92356,CUST004920,53,41-60,Gold,15370.0,13699.14,871.04,37.755,8,2,988,67,79,WEB,ATM,OTP,Yes,Yes,No,No,19,Monday,False,0.07,0,Low Risk
2019-01-19 01:59:05,Turner and Sons,shopping_pos,3.78,M,Andrews,NC,35.1959,-83.8228,5354,Retail buyer,1965-04-13,34.952424,-83.552335,0,30568,CUST000012,60,41-60,Standard,7175.0,3833.82,2.82,2.99,6,3,797,28,36,WEB,ATM,OTP,Yes,No,No,No,1,Saturday,True,0.01,0,Low Risk
2019-01-15 01:05:19,Pouros-Haag,shopping_pos,2.15,F,Carlotta,CA,40.507,-123.9743,1139,"Therapist, occupational",1951-01-15,41.302169,-123.883081,0,95555,CUST001836,74,60+,Platinum,52124.0,27358.82,1.71,2.55,8,0,1021,79,27,ATM,POS,PIN,Yes,Yes,No,No,1,Tuesday,False,0.01,0,Low Risk
2019-01-14 10:57:53,Corwin-Collins,gas_transport,45.87,F,O Brien,TX,33.3749,-99.8473,178,Warden/ranger,1983-06-14,33.09319,-100.424533,0,45777,CUST008758,42,41-60,Standard,6852.0,3057.59,37.44,38.57,3,1,522,8,90,POS,POS,PIN,No,Yes,No,No,10,Monday,False,0.0,0,Low Risk
2019-01-01 18:22:12,"Dare, Casper and Bartoletti",kids_pets,56.44,F,Ash Flat,AR,36.2201,-91.6421,2856,Hydrologist,1926-08-27,36.405248,-91.119532,0,72478,CUST010357,99,60+,Gold,16218.0,5429.7,38.05,33.84,8,1,1429,54,92,WEB,POS,Biometric,Yes,Yes,No,Yes,18,Tuesday,False,0.0,0,Low Risk
2019-01-08 03:55:01,Pacocha-O'Reilly,grocery_pos,112.46,M,Grand Junction,TN,35.0659,-89.1534,1804,Clothing/textile technologist,1974-10-15,34.751959,-89.363113,0,38635,CUST002335,51,41-60,Gold,17866.0,11866.09,88.65,112.77,11,3,708,52,85,ATM,Mobile,PIN,Yes,Yes,No,No,3,Tuesday,False,0.0,0,Low Risk
2019-01-18 00:38:19,DuBuque LLC,grocery_pos,236.86,F,Diamond,OH,41.0935,-81.0425,2644,"Engineer, biomedical",1983-08-25,41.463707,-80.912124,0,44076,CUST007261,42,41-60,Gold,15629.0,3999.47,207.04,229.13,3,0,933,45,96,ATM,Online,Biometric,Yes,Yes,No,No,0,Friday,False,0.06,0,Low Risk
2019-01-02 13:11:14,Towne LLC,misc_pos,6.26,F,Bradley,SC,34.0326,-82.2027,1523,Research scientist (physical sciences),1984-06-03,33.727599,-82.511789,0,30817,CUST006787,41,41-60,Standard,5427.0,1310.07,4.51,3.26,10,0,366,43,91,WEB,Mobile,PIN,No,Yes,No,No,13,Wednesday,False,0.0,0,Low Risk
2019-01-04 13:55:41,Gottlieb Group,kids_pets,54.61,M,Fenelton,PA,40.8555,-79.7372,2054,Communications engineer,1976-09-29,40.44473,-79.6954569999999,0,15668,CUST003432,49,41-60,Standard,7499.0,2729.72,50.1,30.73,6,0,1126,43,94,WEB,POS,OTP,Yes,Yes,Yes,No,13,Friday,False,0.0,0,Low Risk
2019-01-17 11:15:10,Koss and Sons,gas_transport,53.12,M,Wilmette,IL,42.0765,-87.7246,27020,Trade mark attorney,1986-07-23,42.252595,-87.329922,0,45777,CUST007381,39,26-40,Standard,4355.0,2674.89,42.89,31.49,11,2,551,84,51,WEB,ATM,PIN,Yes,Yes,No,No,11,Thursday,False,0.0,0,Low Risk
2019-01-05 00:49:10,Hills-Witting,shopping_net,102.72,F,Putnam,IL,41.1949,-89.4409,754,"Presenter, broadcasting",1962-05-13,41.052954,-89.418401,0,61565,CUST004254,63,60+,Standard,5733.0,3293.7,87.68,72.44,9,2,684,63,82,WEB,POS,OTP,Yes,No,No,Yes,0,Saturday,True,0.0,0,Low Risk
2019-01-18 10:01:58,"Swaniawski, Bahringer and Ledner",grocery_net,59.95,F,Wilmington,NC,34.2651,-77.867,186140,English as a second language teacher,1983-02-08,33.791585,-77.843077,0,45777,CUST007020,42,41-60,Standard,4283.0,1789.32,43.39,37.755,2,4,675,16,84,ATM,POS,Biometric,Yes,Yes,No,No,10,Friday,False,0.0,0,Low Risk
2019-01-13 19:36:17,"Schumm, McLaughlin and Carter",food_dining,28.64,F,Albany,NY,42.6853,-73.8253,151022,"Designer, textile",1939-06-01,43.222574,-74.0417069999999,0,12134,CUST006873,86,60+,Standard,4714.0,3781.53,23.0,30.59,7,3,920,11,14,POS,ATM,PIN,Yes,Yes,No,No,19,Sunday,True,0.0,0,Low Risk
2019-01-15 19:39:16,Towne LLC,misc_pos,16.85,M,Wichita,KS,37.6395,-97.1714,409656,Heritage manager,1985-12-27,38.153057,-97.149805,0,66866,CUST008791,40,26-40,Gold,14787.0,12972.14,15.0,16.54,3,0,522,66,63,ATM,Online,Biometric,Yes,Yes,No,No,19,Tuesday,False,0.0,0,Low Risk
2019-01-08 16:35:00,Leffler-Goldner,personal_care,44.01,F,East Canaan,CT,42.0158,-73.2913,647,Comptroller,1987-09-26,42.017483,-73.955197,0,12507,CUST006130,38,26-40,Gold,14429.0,10052.51,27.45,51.08,4,2,495,95,21,ATM,Online,PIN,Yes,Yes,No,No,16,Tuesday,False,0.0,0,Low Risk
2019-01-01 15:16:02,"Runte, Green and Emard",health_fitness,14.74,M,Corriganville,MD,39.6967,-78.8031,626,Energy engineer,1960-12-13,40.589422,-79.746431,0,15084,CUST000218,65,60+,Platinum,49103.0,23096.23,11.93,16.67,10,2,552,99,62,ATM,Mobile,Biometric,Yes,Yes,Yes,No,15,Tuesday,False,0.0,0,Low Risk
2019-01-15 22:20:27,Christiansen-Gusikowski,misc_pos,8.67,M,Lake Jackson,TX,29.0393,-95.4401,28739,Futures trader,1999-12-27,28.099235,-94.498494,0,45777,CUST005549,26,26-40,Standard,6051.0,3060.13,6.72,9.52,2,0,461,27,87,MOBILE,POS,OTP,Yes,Yes,No,No,22,Tuesday,False,0.0,0,Low Risk
2019-01-08 01:17:02,DuBuque LLC,grocery_pos,84.38,F,Louisville,KY,38.1901,-85.7519,736284,"Education officer, museum",1961-09-13,38.253745,-85.464623,0,40245,CUST006060,64,60+,Standard,6701.0,2075.66,51.56,37.755,6,2,1086,45,100,WEB,ATM,PIN,Yes,Yes,No,No,1,Tuesday,False,0.0,0,Low Risk
2019-01-17 12:20:01,"Stanton, Jakubowski and Baumbach",shopping_net,240.91,F,Brandon,VT,43.8065,-73.0882,5895,"Scientist, marine",1975-07-13,43.729978,-72.701698,0,5772,CUST009622,50,41-60,Standard,7638.0,1847.73,224.39,141.62,10,0,854,83,99,MOBILE,ATM,PIN,Yes,Yes,No,No,12,Thursday,False,0.02,0,Low Risk
2019-01-18 20:25:01,"Denesik, Powlowski and Pouros",home,164.86,M,Haw River,NC,36.0424,-79.3242,6006,Paramedic,1984-07-20,36.277245,-79.961405,0,27357,CUST005401,41,41-60,Standard,6439.0,3454.5,126.08,119.84,2,3,496,63,67,MOBILE,Online,PIN,Yes,Yes,No,No,20,Friday,False,0.0,0,Low Risk
2019-01-04 16:42:41,Collier LLC,home,32.94,M,Kensington,MD,39.0298,-77.0793,19054,Operations geologist,1976-09-08,39.78402,-76.420661,0,17321,CUST005387,49,41-60,Standard,7367.5,3880.99,23.72,35.11,8,3,583,35,4,POS,POS,PIN,Yes,Yes,No,No,16,Friday,False,0.0,0,Low Risk
2019-01-12 15:22:40,Stoltenberg-Beatty,shopping_pos,8.94,F,Manistique,MI,46.0062,-86.2555,6469,Trade mark attorney,1979-04-12,45.33072,-87.182051,0,54210,CUST006523,46,41-60,Standard,7049.0,1578.38,7.66,6.19,11,4,674,54,10,POS,Online,PIN,Yes,Yes,No,No,15,Saturday,True,0.0,0,Low Risk
2019-01-19 02:21:28,Heidenreich PLC,grocery_pos,97.75,M,New Boston,IL,41.2153,-90.9879,1504,Manufacturing engineer,1993-10-05,40.797651,-91.574995,0,52657,CUST009503,32,26-40,Standard,7015.0,3914.99,76.69,55.55,7,4,492,50,47,POS,Online,PIN,Yes,Yes,No,No,2,Saturday,True,0.0,0,Low Risk
2019-01-08 00:06:42,Boyer PLC,misc_pos,2.1,F,Eugene,OR,44.0385,-123.0614,191096,"Scientist, physiological",1964-04-06,44.482413,-122.264497,0,97329,CUST005985,61,60+,Standard,7870.0,4259.28,1.3,1.28,4,4,980,61,41,POS,Mobile,PIN,No,Yes,No,No,0,Tuesday,False,0.0,0,Low Risk
2019-01-18 06:58:44,"Terry, Johns and Bins",misc_pos,75.49,F,Queenstown,MD,39.0026,-76.1424,3862,Maintenance engineer,1962-12-06,39.691503,-76.371375,0,21132,CUST000108,63,60+,Standard,7877.0,1903.75,53.27,47.01,9,2,898,54,9,WEB,Mobile,OTP,Yes,Yes,Yes,Yes,6,Friday,False,0.0,0,Low Risk
2019-01-09 08:41:42,Bauch-Blanda,entertainment,43.94,M,West Decatur,PA,40.9493,-78.3129,1762,Armed forces logistics/support/administrative officer,1962-05-04,40.884021,-78.8848079999999,0,15772,CUST008584,63,60+,Standard,6268.0,3973.85,39.44,35.69,4,4,83,54,53,WEB,POS,OTP,Yes,Yes,No,Yes,8,Wednesday,False,0.0,0,Low Risk
2019-01-04 13:33:17,Roberts-Beahan,misc_pos,4.59,M,Wichita,KS,37.6395,-97.1714,409656,Heritage manager,1985-12-27,37.632761,-96.436721,0,67122,CUST005775,40,26-40,Standard,6745.0,2980.34,3.11,4.43,3,1,1088,83,13,WEB,POS,Biometric,Yes,No,No,No,13,Friday,False,0.0,0,Low Risk
2019-01-07 15:55:26,Baumbach Ltd,personal_care,55.69,M,Riverton,WY,43.0351,-108.2024,19408,"Lecturer, higher education",1993-09-11,42.578167,-107.501096,0,45777,CUST001321,32,26-40,Gold,16719.0,9243.93,39.33,48.06,5,3,793,55,20,WEB,POS,OTP,Yes,Yes,Yes,No,15,Monday,False,0.0,0,Low Risk
2019-01-10 12:58:01,Breitenberg-Hermiston,kids_pets,30.35,M,Crownpoint,NM,35.7206,-108.0271,5662,IT consultant,1989-04-08,36.338022,-108.520472,0,45777,CUST001670,36,26-40,Standard,4107.0,1684.93,36.06,16.92,5,2,858,99,74,MOBILE,ATM,PIN,No,Yes,Yes,Yes,12,Thursday,False,0.0,0,Low Risk
2019-01-14 15:13:15,"Yost, Schamberger and Windler",kids_pets,35.7,M,Southfield,MI,42.4969,-83.2911,75830,"Engineer, automotive",1974-12-28,43.171285,-83.875559,0,48457,CUST004245,51,41-60,Gold,14849.0,8026.28,24.33,27.27,9,0,85,93,16,MOBILE,Mobile,PIN,Yes,No,No,No,15,Monday,False,0.0,0,Low Risk
2019-01-13 16:41:23,Rau-Robel,kids_pets,69.74,F,Beaver Falls,PA,40.7687,-80.3592,28425,Podiatrist,2000-06-09,41.473734,-81.0531939999999,0,44062,CUST004109,25,18-25,Platinum,7367.5,30694.82,59.93,44.73,5,3,334,33,46,POS,Mobile,PIN,Yes,Yes,No,Yes,16,Sunday,True,0.0,0,Low Risk
2019-01-16 07:39:14,Barrows PLC,shopping_pos,85.42,M,Huntsville,AL,34.6205,-86.551,190178,"Engineer, automotive",1959-06-06,34.821682,-87.522533,0,35645,CUST006113,66,60+,Standard,5825.0,1282.83,70.82,88.42,2,3,451,43,90,POS,POS,PIN,Yes,Yes,No,No,7,Wednesday,False,0.0,0,Low Risk
2019-01-11 12:45:49,Nader-Maggio,personal_care,31.22,F,Shenandoah Junction,WV,39.3716,-77.8229,1925,Systems developer,1966-02-14,38.579112,-78.474765,0,22851,CUST000892,59,41-60,Gold,17382.0,4749.67,22.21,33.8,6,3,853,41,41,POS,Online,PIN,Yes,No,No,No,12,Friday,False,0.0,0,Low Risk
2019-01-15 16:31:08,Kutch-Wilderman,home,91.51,M,Lonsdale,MN,44.4477,-93.4252,5211,Chief Strategy Officer,1987-01-27,43.501917,-93.087057,0,50426,CUST003760,38,26-40,Standard,7607.0,6748.69,68.04,83.69,11,1,1005,93,73,MOBILE,Online,Biometric,Yes,No,No,No,16,Tuesday,False,0.0,0,Low Risk
2019-01-09 21:42:54,Breitenberg-Hermiston,kids_pets,8.44,F,Armagh,PA,40.4603,-79.0097,922,Early years teacher,1972-10-04,40.320794,-78.158772,0,16657,CUST010202,53,41-60,Platinum,50455.0,41696.7,5.27,8.0,6,4,918,84,7,WEB,Mobile,OTP,Yes,No,No,No,21,Wednesday,False,0.01,0,Low Risk
2019-01-14 17:14:24,Ankunding-Carroll,travel,6.67,M,Espanola,NM,35.9866,-106.0654,18408,Historic buildings inspector/conservation officer,1972-07-18,36.121196,-105.86806,0,87531,CUST002846,53,41-60,Standard,7711.0,4058.0,5.98,5.45,3,0,359,23,58,ATM,ATM,OTP,Yes,Yes,No,No,17,Monday,False,0.01,0,Low Risk
2019-01-09 21:22:37,Hudson-Grady,shopping_pos,7.93,F,Kirtland Afb,NM,35.0203,-106.5503,310,"Surveyor, land/geomatics",1978-09-30,34.17584,-106.221827,0,45777,CUST007204,47,41-60,Gold,7367.5,7446.81,5.98,6.31,4,3,718,79,39,WEB,Online,OTP,Yes,No,No,No,21,Wednesday,False,0.0,0,Low Risk
2019-01-12 04:44:32,"Kerluke, Considine and Macejkovic",misc_net,1.32,F,Meridian,TX,31.929,-97.6443,2526,Phytotherapist,1970-11-12,32.422478,-96.70378,0,75152,CUST001651,55,41-60,Standard,7234.0,1488.44,1.23,1.31,2,3,1402,35,8,WEB,Online,Biometric,Yes,Yes,No,No,4,Saturday,True,0.0,0,Low Risk
2019-01-06 18:38:51,Block-Parisian,misc_net,2.54,M,San Antonio,TX,29.3641,-98.4924,1595797,Land,1995-10-17,29.45303,-99.143308,0,78861,CUST002237,30,26-40,Gold,17037.0,10412.39,1.89,2.38,5,4,565,93,42,POS,Mobile,PIN,Yes,No,No,No,18,Sunday,True,0.01,0,Low Risk
2019-01-13 21:31:23,"Hauck, Dietrich and Funk",kids_pets,100.66,M,Lawrence,MA,42.6911,-71.1605,76383,Geoscientist,1985-04-04,42.985224,-70.189103,0,45777,CUST000995,40,26-40,Gold,17422.0,13137.22,66.75,100.03,8,2,820,48,99,POS,ATM,Biometric,Yes,Yes,No,No,21,Sunday,True,0.01,0,Low Risk
2019-01-11 11:23:20,Denesik and Sons,shopping_pos,87.19,M,Kent,OR,45.0838,-120.6649,60,Museum education officer,1942-04-03,44.413258,-120.578974,0,45777,CUST006892,83,60+,Standard,6612.0,3821.29,79.71,62.37,5,2,1228,40,54,WEB,Mobile,OTP,Yes,No,No,No,11,Friday,False,0.0,0,Low Risk
2019-01-18 13:23:18,Crooks and Sons,personal_care,54.82,M,Carlisle,IN,38.9763,-87.3667,4081,Energy engineer,1938-03-15,39.474951,-87.7387739999999,0,62441,CUST003693,87,60+,Standard,7193.0,3391.82,42.2,54.98,9,1,187,74,88,POS,POS,Biometric,Yes,No,No,No,13,Friday,False,0.0,0,Low Risk
2019-01-17 19:43:35,Macejkovic-Lesch,shopping_pos,133.01,M,Murrayville,IL,39.5723,-90.2379,1512,Commercial/residential surveyor,2003-05-07,39.291166,-89.380849,0,62094,CUST005490,22,18-25,Gold,16396.0,13940.08,110.25,73.94,8,0,1148,61,46,MOBILE,Online,PIN,Yes,Yes,No,No,19,Thursday,False,0.0,0,Low Risk
2019-01-18 00:36:41,Torp-Lemke,misc_pos,4.73,F,West Henrietta,NY,43.0397,-77.6871,10256,"Teacher, primary school",1968-06-24,42.774535,-78.18556,0,14039,CUST002421,57,41-60,Gold,14777.0,12201.53,3.97,4.48,11,1,815,44,41,MOBILE,Online,Biometric,Yes,No,No,Yes,0,Friday,False,0.0,0,Low Risk
2019-01-08 05:40:35,"Boehm, Block and Jakubowski",misc_pos,96.9,F,Moundsville,WV,39.9148,-80.731,16183,Physiotherapist,1977-08-12,39.890629,-79.965028,0,15320,CUST008171,48,41-60,Gold,17648.0,6103.29,84.16,80.11,10,1,1261,72,4,MOBILE,Mobile,PIN,Yes,Yes,No,No,5,Tuesday,False,0.0,0,Low Risk
2019-01-09 18:28:16,"Cormier, Stracke and Thiel",entertainment,122.1,F,Stittville,NY,43.2229,-75.2899,847,Systems analyst,1996-01-11,42.515728,-74.547388,0,12093,CUST007263,29,26-40,Standard,7574.0,6181.6,106.86,144.73,2,3,460,51,43,WEB,Online,Biometric,Yes,No,No,No,18,Wednesday,False,0.01,0,Low Risk
2019-01-15 14:49:04,Renner Ltd,home,32.62,F,Joliet,IL,41.5378,-88.0572,128354,"Teacher, secondary school",1992-01-20,40.682654,-87.388058,0,47942,CUST007142,33,26-40,Standard,4904.0,3923.67,23.29,38.55,1,1,226,25,92,MOBILE,ATM,PIN,No,Yes,No,No,14,Tuesday,False,0.0,0,Low Risk
2019-01-15 19:52:48,Streich Ltd,home,9.53,F,Delhi,LA,32.3929,-91.4714,6581,Multimedia programmer,1964-02-13,32.592528,-90.529324,0,39162,CUST000195,61,60+,Gold,17955.0,3596.38,8.99,9.85,2,1,1208,60,26,MOBILE,POS,PIN,Yes,Yes,No,No,19,Tuesday,False,0.01,0,Low Risk
2019-01-06 08:06:56,"Connelly, Reichert and Fritsch",gas_transport,87.35,M,Hancock,MD,39.6991,-78.1762,3766,Press photographer,1984-02-14,39.29786,-79.084675,0,26743,CUST008011,41,41-60,Standard,6264.0,4535.31,81.75,99.68,3,0,1326,62,95,ATM,POS,OTP,Yes,Yes,No,No,8,Sunday,True,0.0,0,Low Risk
2019-01-04 01:42:05,"Eichmann, Bogan and Rodriguez",gas_transport,55.72,F,Hinesburg,VT,44.3346,-73.098,4542,Claims inspector/assessor,1998-03-19,44.654744,-73.167387,0,5468,CUST007770,27,26-40,Gold,15957.0,6556.18,36.31,57.45,7,3,935,40,59,ATM,Mobile,PIN,Yes,Yes,No,No,1,Friday,False,0.0,0,Low Risk
2019-01-15 21:18:13,Crooks and Sons,personal_care,50.99,F,Coleman,TX,31.8287,-99.427,5908,Radio producer,1962-04-05,31.794478,-98.850107,0,76432,CUST007033,63,60+,Standard,7276.0,5394.1,42.25,50.09,7,2,1101,67,11,ATM,Mobile,Biometric,Yes,No,No,No,21,Tuesday,False,0.0,0,Low Risk
2019-01-14 16:40:22,"Cronin, Kshlerin and Weber",health_fitness,3.26,F,Plantersville,AL,32.6176,-86.9475,1412,Drilling engineer,1970-11-20,32.508737,-86.063139,0,36093,CUST006250,55,41-60,Gold,14007.0,3395.31,2.81,2.33,5,0,268,100,27,WEB,Online,OTP,Yes,No,No,No,16,Monday,False,0.0,0,Low Risk
2019-01-07 00:36:35,"Baumbach, Feeney and Morar",shopping_net,16.88,F,Steuben,ME,44.4971,-67.9503,1131,Make,1959-05-10,44.102346,-68.483305,0,4685,CUST009326,66,60+,Gold,15783.0,12802.48,11.57,17.85,10,4,178,97,61,POS,ATM,PIN,Yes,No,No,No,0,Monday,False,0.01,0,Low Risk
2019-01-04 18:34:47,Dooley Inc,shopping_pos,123.34,F,Lomax,IL,40.6761,-91.0391,725,Environmental consultant,1972-11-28,41.212314,-90.645426,0,61486,CUST007316,53,41-60,Standard,7043.0,1793.7,101.7,138.86,3,1,441,55,96,WEB,POS,PIN,Yes,No,No,No,18,Friday,False,0.01,0,Low Risk
2019-01-08 22:46:44,Conroy Ltd,shopping_pos,9.35,M,Port Richey,FL,28.3011,-82.6927,42619,Environmental education officer,1975-10-07,27.520975,-82.063913,0,33865,CUST000291,50,41-60,Gold,15530.0,4301.89,7.35,5.03,3,2,1292,15,12,WEB,POS,Biometric,Yes,Yes,No,Yes,22,Tuesday,False,0.0,0,Low Risk
2019-01-04 19:18:30,Padberg-Sauer,home,86.39,M,Nazareth,TX,34.5444,-102.1069,686,Petroleum engineer,1980-07-30,34.80806,-101.376758,0,45777,CUST010652,45,41-60,Standard,4775.0,2613.04,68.01,50.74,1,3,212,97,69,ATM,ATM,OTP,Yes,Yes,No,No,19,Friday,False,0.0,0,Low Risk
2019-01-13 08:54:43,"Little, Gutmann and Lynch",shopping_net,37.98,M,Andrews,IN,40.8618,-85.6067,2304,Retail banker,1955-07-25,40.773342,-86.305764,0,46947,CUST007822,70,60+,Standard,4056.0,1998.09,29.48,22.85,9,3,113,45,57,MOBILE,ATM,PIN,Yes,No,No,No,8,Sunday,True,0.0,0,Low Risk
2019-01-13 20:23:05,"Nicolas, Hills and McGlynn",entertainment,65.37,F,Bonfield,IL,41.1573,-88.0619,1617,Medical secretary,1990-04-25,42.133845,-88.243494,0,60110,CUST010516,35,26-40,Standard,5940.0,2904.43,42.99,70.73,4,0,272,7,34,MOBILE,Mobile,Biometric,Yes,No,No,No,20,Sunday,True,0.0,0,Low Risk
2019-01-07 19:59:22,Metz-Boehm,shopping_pos,4.4,F,Amanda,OH,39.6251,-82.7552,4512,Farm manager,1992-10-03,40.579133,-83.383304,0,43332,CUST008320,33,26-40,Gold,16708.0,11913.23,2.7,2.97,2,3,1008,74,65,MOBILE,ATM,Biometric,Yes,No,No,No,19,Monday,False,0.0,0,Low Risk
2019-01-18 02:50:25,Schamberger-O'Keefe,grocery_pos,98.23,F,Wetmore,MI,46.3535,-86.6345,765,Immunologist,1972-06-12,45.849364,-85.637026,0,45777,CUST000611,53,41-60,Standard,7579.0,4909.24,84.34,77.39,11,3,613,8,51,MOBILE,Online,Biometric,Yes,Yes,No,No,2,Friday,False,0.0,0,Low Risk
2019-01-12 13:35:50,Reilly LLC,home,27.82,F,Karnack,TX,32.6205,-94.2,2807,Chiropodist,1931-01-26,31.804469,-93.762072,0,71419,CUST005934,94,60+,Gold,14972.0,4807.4,18.46,19.57,7,4,1328,77,2,POS,Mobile,PIN,Yes,No,No,No,13,Saturday,True,0.0,0,Low Risk
2019-01-07 04:03:12,Kunze Inc,grocery_pos,188.12,F,Houston,TX,29.7736,-95.4034,2906700,"Copywriter, advertising",1984-12-16,30.086165,-94.415067,0,77659,CUST008821,41,41-60,Standard,4766.0,4077.16,136.07,110.58,5,0,45,17,51,ATM,ATM,OTP,Yes,Yes,No,No,4,Monday,False,0.0,0,Low Risk
2019-01-13 12:07:08,"Mosciski, Ziemann and Farrell",shopping_net,4.81,F,Diamond,OH,41.0935,-81.0425,2644,"Engineer, biomedical",1983-08-25,40.703114,-80.723395,0,44432,CUST005024,42,41-60,Standard,6684.0,5213.07,2.89,4.39,11,2,478,39,31,MOBILE,ATM,PIN,Yes,No,No,No,12,Sunday,True,0.01,0,Low Risk
2019-01-13 05:27:22,"Ferry, Lynch and Kautzer",misc_net,15.09,M,Port Charlotte,FL,26.9379,-82.2388,79008,Quantity surveyor,1984-08-31,26.34784,-81.315344,0,34142,CUST010157,41,41-60,Standard,5701.0,1477.55,12.48,12.78,8,3,853,57,4,WEB,Mobile,PIN,No,Yes,No,No,5,Sunday,True,0.0,0,Low Risk
2019-01-12 21:40:15,Streich Ltd,home,26.01,M,Highland,IN,41.55,-87.4569,23727,Community arts worker,1982-02-08,41.362717,-87.346399,0,46307,CUST010005,43,41-60,Standard,4738.0,3045.95,18.74,21.87,1,0,465,80,60,MOBILE,Online,PIN,Yes,Yes,No,No,21,Saturday,True,0.0,0,Low Risk
2019-01-14 22:11:06,"Zemlak, Tillman and Cremin",personal_care,40.59,F,Oran,IA,42.7012,-92.0762,53,Sports administrator,1972-10-05,43.374114,-92.550131,0,50466,CUST003832,53,41-60,Standard,6000.0,4482.125,26.86,21.69,7,0,125,51,31,POS,Online,PIN,Yes,Yes,No,No,22,Monday,False,0.02,0,Low Risk
2019-01-05 22:07:51,Zboncak LLC,food_dining,37.53,M,Weeping Water,NE,40.8731,-96.1528,1517,Dealer,1951-11-08,41.853409,-95.560645,0,51529,CUST002965,74,60+,Gold,17709.0,12451.42,22.79,36.8,9,0,62,96,2,ATM,Online,OTP,No,Yes,No,Yes,22,Saturday,True,0.0,0,Low Risk
2019-01-04 09:44:09,Eichmann-Russel,misc_pos,78.03,F,Haynes,AR,34.8838,-90.7666,222,"Programmer, applications",1963-05-19,35.512523,-90.572578,0,72432,CUST005730,62,60+,Gold,14370.0,3231.02,48.14,83.4,8,2,136,36,13,WEB,Mobile,OTP,Yes,No,No,No,9,Friday,False,0.0,0,Low Risk
2019-01-11 20:18:41,Kihn-Schuster,food_dining,9.47,F,Sterling City,TX,31.8351,-101.0017,1143,"Scientist, biomedical",1962-03-19,32.092379,-100.934373,0,45777,CUST007057,63,60+,Standard,7970.0,6572.82,7.66,5.02,10,1,846,87,48,ATM,POS,PIN,Yes,Yes,No,Yes,20,Friday,False,0.0,0,Low Risk
2019-01-17 15:35:15,Erdman-Schaden,personal_care,2.83,M,Newark Valley,NY,42.2281,-76.1625,4354,Further education lecturer,1994-02-16,41.945718,-76.037509,0,18818,CUST002082,31,26-40,Gold,17788.0,14778.83,2.01,2.28,9,4,46,69,89,WEB,Online,OTP,No,Yes,No,No,15,Thursday,False,0.0,0,Low Risk
2019-01-07 06:13:47,"Eichmann, Bogan and Rodriguez",gas_transport,48.69,M,Allentown,NY,42.0737,-78.0594,239,Radio producer,1956-05-02,42.618323,-78.666436,0,14069,CUST010682,69,60+,Gold,16907.0,14425.7,34.92,30.93,6,4,358,23,97,WEB,Mobile,OTP,Yes,Yes,No,No,6,Monday,False,0.0,0,Low Risk
2019-01-05 07:52:04,Bahringer-Larson,grocery_net,49.0,M,Lonsdale,MN,44.4477,-93.4252,5211,Chief Strategy Officer,1987-01-27,44.545204,-93.255898,0,55020,CUST008196,38,26-40,Standard,5932.0,5066.17,31.54,36.24,2,1,556,71,52,WEB,Online,PIN,Yes,Yes,No,Yes,7,Saturday,True,0.0,0,Low Risk
2019-01-03 08:41:10,"Kohler, Lindgren and Koelpin",grocery_net,76.27,F,May,TX,31.9571,-98.9656,1791,Corporate investment banker,1965-07-26,32.87474,-99.880585,0,79553,CUST009246,60,41-60,Gold,16124.0,4482.125,70.85,46.46,3,4,660,44,34,POS,Online,OTP,Yes,No,No,No,8,Thursday,False,0.0,0,Low Risk
2019-01-17 00:14:15,Flatley-Durgan,misc_net,3.62,F,Bristol,PA,40.1159,-74.8536,21125,"Administrator, charities/voluntary organisations",1985-05-25,39.323072,-74.2008439999999,0,45777,CUST001887,40,26-40,Standard,7515.0,4719.18,2.29,2.48,9,1,1166,80,8,ATM,ATM,Biometric,Yes,Yes,No,No,0,Thursday,False,0.02,0,Low Risk
2019-01-08 17:51:24,"Cormier, Stracke and Thiel",entertainment,2.46,F,Oolitic,IN,38.8938,-86.5246,1228,Counsellor,1991-03-13,38.758946,-86.160125,0,47260,CUST004190,34,26-40,Standard,4250.0,3496.33,2.09,2.17,8,2,1430,62,32,MOBILE,POS,Biometric,Yes,Yes,No,No,17,Tuesday,False,0.0,0,Low Risk
2019-01-16 19:43:32,Larson-Moen,entertainment,119.61,F,Sixes,OR,42.825,-124.4409,217,Retail merchandiser,1928-10-01,42.337163,-124.150897,0,45777,CUST009106,97,60+,Gold,17225.0,8592.78,88.63,81.37,10,0,1214,48,52,WEB,POS,PIN,Yes,Yes,No,No,19,Wednesday,False,0.0,0,Low Risk
2019-01-08 09:32:14,"Rippin, Kub and Mann",misc_net,1.83,F,Westerville,NE,41.4193,-99.3844,73,Product designer,1935-02-10,41.987901,-99.962669,0,45777,CUST004643,90,60+,Standard,5352.0,1492.45,36.06,1.49,2,4,1287,70,81,WEB,ATM,Biometric,Yes,Yes,Yes,No,9,Tuesday,False,0.0,0,Low Risk
2019-01-07 16:04:19,Ernser-Lynch,food_dining,104.63,M,Haw River,NC,36.0424,-79.3242,6006,Paramedic,1984-07-20,35.81976,-79.037279,0,27517,CUST008329,41,41-60,Standard,4648.0,2315.78,88.45,113.2,1,0,1263,40,8,ATM,ATM,OTP,Yes,Yes,No,Yes,16,Monday,False,0.0,0,Low Risk
2019-01-07 18:03:55,Kihn-Fritsch,food_dining,9.45,F,Clarks Mills,PA,41.3851,-80.1752,606,Energy manager,1997-09-22,41.965618,-80.226259,0,16415,CUST003477,28,26-40,Standard,7489.0,3132.91,8.07,5.95,8,4,519,78,48,ATM,Online,PIN,Yes,Yes,Yes,No,18,Monday,False,0.0,0,Low Risk
2019-01-06 14:08:09,"Eichmann, Hayes and Treutel",travel,3.61,F,Breesport,NY,42.1939,-76.7361,520,Psychotherapist,1991-10-13,41.738417,-76.233587,0,18845,CUST006902,34,26-40,Gold,17307.0,10415.44,3.27,3.5,8,1,811,85,23,MOBILE,ATM,Biometric,Yes,No,No,No,14,Sunday,True,0.0,0,Low Risk
2019-01-07 11:51:28,Koss and Sons,gas_transport,54.94,M,Tamaroa,IL,38.138,-89.2231,2135,"Development worker, community",1961-01-31,37.77879,-89.085113,0,62918,CUST002971,64,60+,Standard,6882.0,3710.55,50.3,38.23,10,0,97,28,66,POS,POS,PIN,No,No,No,No,11,Monday,False,0.0,0,Low Risk
2019-01-08 22:28:23,Champlin and Sons,home,62.28,M,Manderson,SD,43.3526,-102.5411,1126,Volunteer coordinator,1980-08-18,43.659305,-102.837889,0,45777,CUST003766,45,41-60,Gold,7367.5,5456.38,50.66,54.08,10,2,95,73,60,WEB,Mobile,PIN,Yes,Yes,No,No,22,Tuesday,False,0.01,0,Low Risk
2019-01-10 06:17:34,Kutch-Hegmann,grocery_net,64.76,F,Mulberry Grove,IL,38.9311,-89.2463,1810,Race relations officer,1974-12-24,38.191361,-89.7414079999999,0,62286,CUST003829,51,41-60,Standard,6299.0,5230.51,61.29,77.25,2,1,1100,66,52,ATM,Online,OTP,Yes,No,No,No,6,Thursday,False,0.0,0,Low Risk
2019-01-12 16:04:33,"Watsica, Haag and Considine",shopping_pos,45.56,F,De Witt,AR,34.2853,-91.3336,5161,Electrical engineer,1993-04-08,34.757125,-90.346405,0,38664,CUST005796,32,26-40,Gold,14356.0,11710.13,37.46,49.93,9,4,113,93,80,WEB,Mobile,OTP,No,No,No,Yes,16,Saturday,True,0.0,0,Low Risk
2019-01-11 19:43:00,Waters-Cruickshank,health_fitness,98.68,M,Luray,MO,40.4931,-91.8912,519,Town planner,1966-02-13,39.897194,-91.392631,0,62301,CUST007640,59,41-60,Gold,14640.0,5555.74,88.01,72.64,6,1,1259,8,80,POS,Online,PIN,Yes,Yes,No,No,19,Friday,False,0.0,0,Low Risk
2019-01-09 17:28:50,Medhurst PLC,shopping_net,9.84,F,Whaleyville,MD,38.4121,-75.2811,718,Regulatory affairs officer,1985-03-19,39.256597,-74.622181,0,8226,CUST003822,40,26-40,Standard,7213.0,3542.18,7.87,5.94,3,1,39,79,51,POS,Online,OTP,Yes,No,No,No,17,Wednesday,False,0.0,0,Low Risk
2019-01-04 23:58:34,Dickinson Ltd,personal_care,16.14,F,Phoenix,AZ,33.5623,-112.0559,1312922,Contractor,1981-10-24,33.351328,-112.406605,0,85338,CUST004152,44,41-60,Gold,16042.0,5786.55,12.48,10.46,5,4,1023,31,13,POS,POS,PIN,Yes,No,No,No,23,Friday,False,0.01,0,Low Risk
2019-01-07 01:06:08,Dooley-Thompson,misc_net,3.44,F,Oolitic,IN,38.8938,-86.5246,1228,Counsellor,1991-03-13,39.32503,-85.930579,0,46124,CUST010414,34,26-40,Gold,16770.0,10410.91,3.18,2.18,5,4,762,34,79,MOBILE,POS,OTP,Yes,Yes,No,No,1,Monday,False,0.0,0,Low Risk
2019-01-15 16:26:17,Hammes-Beatty,kids_pets,108.32,F,Delhi,LA,32.3929,-91.4714,6581,Multimedia programmer,1964-02-13,32.024685,-91.701882,0,71336,CUST007250,61,60+,Standard,7024.0,1652.39,67.73,129.3,3,4,1366,20,57,POS,Online,Biometric,Yes,Yes,No,Yes,16,Tuesday,False,0.0,0,Low Risk
2019-01-01 18:59:05,Kuphal-Toy,food_dining,136.51,F,Tulsa,OK,36.2395,-95.9596,413574,Bookseller,1968-06-18,36.597135,-96.706151,0,74637,CUST001736,57,41-60,Gold,14082.0,9640.91,105.53,133.14,8,0,981,13,60,POS,POS,OTP,Yes,Yes,No,No,18,Tuesday,False,0.0,0,Low Risk
2019-01-02 23:09:37,Schuppe-Schuppe,food_dining,68.11,F,Ashford,WA,46.7531,-121.9898,759,Video editor,1956-09-14,46.193067,-121.231896,0,45777,CUST009705,69,60+,Standard,7730.0,4482.125,64.17,74.93,1,1,909,91,77,ATM,ATM,OTP,Yes,Yes,No,No,23,Wednesday,False,0.0,0,Low Risk
2019-01-06 18:39:03,Rau-Robel,kids_pets,14.45,M,Diamond,OH,41.0935,-81.0425,2644,Air cabin crew,1981-01-06,41.387745,-80.942135,0,44491,CUST009900,44,41-60,Standard,6062.0,3430.09,9.56,8.56,1,3,855,90,81,ATM,Online,Biometric,Yes,Yes,No,No,18,Sunday,True,0.0,0,Low Risk
2019-01-15 05:16:14,"Schaefer, Maggio and Daugherty",gas_transport,49.84,F,Redford,MO,37.3272,-91.0243,241,Investment analyst,1974-10-27,36.432416,-91.023871,0,72478,CUST004927,51,41-60,Standard,6434.0,3927.02,35.58,37.755,7,1,1030,48,90,ATM,Online,Biometric,No,No,No,No,5,Tuesday,False,0.0,0,Low Risk
2019-01-04 07:17:35,Dibbert-Green,entertainment,15.94,M,Tallmansville,WV,38.8564,-80.158,571,Accounting technician,1967-09-16,39.159635,-81.0465739999999,0,26362,CUST000804,58,41-60,Standard,4042.0,3411.06,11.86,13.04,8,2,565,16,100,MOBILE,Mobile,Biometric,Yes,No,No,No,7,Friday,False,0.0,0,Low Risk
2019-01-14 03:08:52,Kunde-Sanford,misc_net,62.55,F,Philadelphia,PA,40.0369,-75.0664,1526206,Structural engineer,1985-01-01,40.593215,-74.187658,0,10314,CUST001531,40,26-40,Standard,7217.0,4922.25,50.38,44.62,9,3,1225,52,49,WEB,Online,OTP,Yes,No,No,No,3,Monday,False,0.01,0,Low Risk
2019-01-06 03:46:11,Heidenreich PLC,grocery_pos,82.86,M,Turner,MT,48.8328,-108.3961,192,Further education lecturer,1964-01-04,48.363605,-108.474342,0,45777,CUST010377,61,60+,Gold,16643.0,12354.07,55.65,66.66,9,2,571,29,76,ATM,Mobile,Biometric,Yes,Yes,No,No,3,Sunday,True,0.0,0,Low Risk
2019-01-13 05:38:10,Donnelly PLC,misc_net,140.33,F,Baroda,MI,41.9488,-86.4913,3104,"Horticulturist, commercial",1981-03-29,42.318041,-86.17953,0,49013,CUST003157,44,41-60,Standard,7568.0,2823.76,89.36,138.06,5,1,1258,95,96,MOBILE,Mobile,PIN,No,Yes,No,No,5,Sunday,True,0.0,0,Low Risk
2019-01-16 11:36:56,Pouros-Haag,shopping_pos,11.06,M,Syracuse,MO,38.6547,-92.8929,628,"Radiographer, diagnostic",1961-12-18,39.377663,-92.237863,0,65263,CUST007186,64,60+,Standard,5946.0,2057.1,7.16,37.755,5,4,310,42,93,MOBILE,Mobile,OTP,Yes,No,No,No,11,Wednesday,False,0.0,0,Low Risk
2019-01-04 16:39:37,Padberg-Rogahn,entertainment,96.79,M,Naples,FL,26.1184,-81.7361,276002,"Programme researcher, broadcasting/film/video",1979-01-02,25.507855,-80.875078,0,45777,CUST004217,46,41-60,Standard,4436.0,4482.125,86.29,114.04,11,1,1055,10,7,POS,POS,Biometric,Yes,No,No,No,16,Friday,False,0.0,0,Low Risk
2019-01-14 12:46:35,Morissette PLC,shopping_pos,4.98,M,New Holstein,WI,43.9446,-88.0911,5196,Child psychotherapist,1978-01-22,43.0735,-87.536999,0,45777,CUST004621,47,41-60,Standard,5894.0,2807.0,4.61,5.89,11,4,1394,65,86,MOBILE,POS,Biometric,Yes,Yes,No,Yes,12,Monday,False,0.0,0,Low Risk
2019-01-09 11:46:08,Parisian and Sons,gas_transport,63.76,F,Cottekill,NY,41.8467,-74.1038,722,Comptroller,1990-10-19,41.122833,-74.8503569999999,0,7881,CUST006062,35,26-40,Standard,5064.0,3005.1,50.46,34.39,2,1,1430,33,27,MOBILE,Online,OTP,Yes,Yes,No,No,11,Wednesday,False,0.0,0,Low Risk
2019-01-04 17:51:02,"Kerluke, Kertzmann and Wiza",misc_net,823.39,F,Thompson,UT,38.9999,-109.615,46,"Surveyor, minerals",1987-04-23,39.831076,-108.681553,0,45777,CUST001264,38,26-40,Gold,14655.0,6452.09,723.42,471.4,1,0,711,30,90,ATM,Mobile,PIN,Yes,Yes,No,Yes,17,Friday,False,0.36,1,Medium Risk
2019-01-14 08:53:41,Huel Ltd,misc_net,3.2,M,Southfield,MI,42.4969,-83.2911,75830,"Engineer, automotive",1974-12-28,43.049378,-82.762641,0,48022,CUST002914,51,41-60,Standard,6681.0,4149.51,2.05,2.08,10,1,1388,5,13,ATM,Mobile,Biometric,Yes,Yes,No,No,8,Monday,False,0.0,0,Low Risk
2019-01-13 18:00:40,Hirthe-Beier,health_fitness,10.24,F,Shenandoah Junction,WV,39.3716,-77.8229,1925,Systems developer,1966-02-14,38.988336,-78.171836,0,22630,CUST007997,59,41-60,Standard,6918.0,4036.59,7.36,8.77,1,1,63,44,98,POS,ATM,Biometric,Yes,Yes,No,No,18,Sunday,True,0.0,0,Low Risk
2019-01-14 20:15:22,Heaney-Marquardt,entertainment,23.14,F,Cressona,PA,40.6284,-76.195,1606,Ecologist,1966-05-10,40.142296,-76.914059,0,17339,CUST005961,59,41-60,Standard,6539.0,2343.16,36.06,19.31,3,1,80,85,75,POS,Online,PIN,Yes,No,No,No,20,Monday,False,0.0,0,Low Risk
2019-01-15 20:40:23,Hilpert-Conroy,kids_pets,2.99,M,Brinson,GA,30.9788,-84.7373,1461,"Engineer, broadcasting (operations)",1935-09-08,31.339762,-84.335458,0,39870,CUST009671,90,60+,Standard,4513.0,3177.29,2.45,3.28,6,1,272,62,48,MOBILE,Online,PIN,Yes,No,Yes,No,20,Tuesday,False,0.0,0,Low Risk
2019-01-11 20:04:07,"Runolfsdottir, Mueller and Hand",entertainment,82.66,M,Sula,MT,45.8433,-113.8748,218,"Therapist, horticultural",1995-08-16,46.164059,-113.78473,0,45777,CUST007072,30,26-40,Platinum,50847.0,39281.53,63.14,37.755,11,1,813,13,40,ATM,ATM,Biometric,Yes,Yes,No,Yes,20,Friday,False,0.0,0,Low Risk
2019-01-04 17:57:53,Auer LLC,personal_care,5.11,M,Deadwood,SD,44.3566,-103.6999,1979,Multimedia programmer,1970-03-13,43.752763,-103.181979,0,57738,CUST008736,55,41-60,Standard,4055.0,2520.05,3.67,4.68,11,0,163,76,92,POS,Mobile,OTP,Yes,Yes,No,No,17,Friday,False,0.05,0,Low Risk
2019-01-15 17:21:21,"Lubowitz, Terry and Stracke",personal_care,31.35,M,Cass,WV,38.388,-79.9906,365,Special effects artist,1970-03-14,38.258167,-79.415562,0,24432,CUST010178,55,41-60,Standard,7457.0,1642.74,24.32,24.38,10,0,309,47,18,ATM,Online,PIN,Yes,Yes,Yes,No,17,Tuesday,False,0.0,0,Low Risk
2019-01-17 15:35:21,Yost-Rogahn,personal_care,88.09,F,Cisco,IL,39.9972,-88.6962,478,Landscape architect,1960-01-13,40.850163,-89.291255,0,61570,CUST000533,65,60+,Standard,4352.0,3167.01,54.0,86.16,9,2,706,29,7,MOBILE,Online,OTP,Yes,Yes,No,No,15,Thursday,False,0.0,0,Low Risk
2019-01-15 13:39:44,Cormier LLC,health_fitness,33.93,F,Lake Oswego,OR,45.4093,-122.6847,42817,Planning and development surveyor,1982-05-28,44.839602,-122.954485,0,97392,CUST008376,43,41-60,Standard,5293.0,2207.03,21.56,21.08,10,1,175,86,37,WEB,Online,OTP,Yes,Yes,No,No,13,Tuesday,False,0.0,0,Low Risk
2019-01-07 23:36:30,Botsford and Sons,home,12.41,F,Achille,OK,33.8396,-96.3648,608,Seismic interpreter,1993-05-27,34.723414,-97.11866,0,73075,CUST010643,32,26-40,Standard,5626.0,4116.08,8.47,8.53,10,0,196,34,46,WEB,Online,PIN,Yes,No,No,No,23,Monday,False,0.0,0,Low Risk
2019-01-04 21:42:39,Weimann-Lockman,kids_pets,84.22,F,Birmingham,IA,40.8626,-91.9534,888,Camera operator,1988-03-25,40.744347,-91.802473,0,52620,CUST008877,37,26-40,Standard,7076.0,5163.95,59.78,77.45,7,2,830,42,86,ATM,ATM,OTP,Yes,No,No,Yes,21,Friday,False,0.0,0,Low Risk
2019-01-15 04:59:13,Skiles-Ankunding,grocery_net,60.88,F,San Angelo,TX,31.4647,-100.39,103927,Drilling engineer,1962-06-27,30.98546,-100.428452,0,45777,CUST003910,63,60+,Gold,17623.0,15267.74,38.23,50.18,2,3,333,50,38,WEB,ATM,PIN,Yes,Yes,No,No,4,Tuesday,False,0.0,0,Low Risk
2019-01-17 05:00:33,"Turcotte, McKenzie and Koss",entertainment,4.43,F,Meadville,MS,31.4285,-90.8578,2799,"Therapist, horticultural",1961-01-21,31.816324,-90.340777,0,39083,CUST009663,64,60+,Gold,14050.0,3249.58,3.74,2.87,3,1,1359,71,68,ATM,POS,OTP,Yes,Yes,No,Yes,5,Thursday,False,0.0,0,Low Risk
2019-01-10 20:15:46,"Lowe, Dietrich and Erdman",kids_pets,8.04,F,Diamond,OH,41.0935,-81.0425,2644,"Engineer, biomedical",1983-08-25,40.59664,-80.720803,0,43932,CUST002088,42,41-60,Platinum,7367.5,37167.77,7.15,5.3,3,3,253,90,62,POS,POS,Biometric,Yes,Yes,No,No,20,Thursday,False,0.0,0,Low Risk
2019-01-01 15:19:00,Kerluke-Abshire,shopping_net,7.84,M,Monmouth Beach,NJ,40.333,-73.9809,3279,Health promotion specialist,1978-10-05,39.375429,-74.128991,0,45777,CUST001417,47,41-60,Standard,5289.0,1226.74,5.34,6.0,10,1,139,74,48,MOBILE,POS,PIN,Yes,No,No,No,15,Tuesday,False,0.0,0,Low Risk
2019-01-15 23:31:33,"Haley, Batz and Auer",health_fitness,162.41,F,Topeka,KS,39.1329,-95.7023,163415,Secondary school teacher,2004-12-30,38.317013,-95.104799,0,66033,CUST010052,21,18-25,Standard,6612.0,2134.01,116.13,139.96,2,4,463,74,31,WEB,Mobile,PIN,Yes,Yes,No,No,23,Tuesday,False,0.01,0,Low Risk
2019-01-10 23:22:12,Cormier LLC,shopping_net,6.67,M,Hawthorne,CA,33.9143,-118.3493,93193,"Editor, magazine features",1995-04-19,34.873945,-118.685513999999,0,45777,CUST000843,30,26-40,Gold,16153.0,10850.7,36.06,6.64,8,1,407,48,91,POS,ATM,PIN,Yes,Yes,No,No,23,Thursday,False,0.01,0,Low Risk
2019-01-11 11:18:17,Rutherford-Mertz,grocery_pos,76.87,F,Logan,IL,37.9943,-88.9417,324,"Scientist, research (physical sciences)",1976-06-15,37.323534,-89.701838,0,63755,CUST004918,49,41-60,Standard,6748.0,2294.74,46.84,59.96,4,1,1430,23,85,WEB,Online,OTP,Yes,No,No,No,11,Friday,False,0.0,0,Low Risk
2019-01-06 18:03:47,"Zemlak, Tillman and Cremin",personal_care,36.67,F,Minneapolis,MN,45.0632,-93.3811,1022298,Analytical chemist,1967-10-28,44.265102,-93.739655,0,56028,CUST009347,58,41-60,Standard,6812.0,4358.38,27.65,43.74,5,1,890,78,38,WEB,Mobile,Biometric,Yes,Yes,No,No,18,Sunday,True,0.0,0,Low Risk
2019-01-17 21:00:40,Williamson LLC,misc_pos,421.0,M,Hancock,MD,39.6991,-78.1762,3766,Press photographer,1984-02-14,40.230112,-77.739591,0,17213,CUST001613,41,41-60,Gold,17855.0,14629.06,36.06,275.58,1,4,184,93,60,POS,Mobile,Biometric,Yes,Yes,No,No,21,Thursday,False,0.04,0,Low Risk
2019-01-02 00:49:22,Kunde-Sanford,misc_net,249.57,F,Joliet,IL,41.5378,-88.0572,128354,"Teacher, secondary school",1992-01-20,42.142553,-87.205044,0,45777,CUST006861,33,26-40,Standard,6470.0,2457.52,183.52,159.95,3,3,579,92,3,POS,Mobile,Biometric,Yes,Yes,No,No,0,Wednesday,False,0.02,0,Low Risk
2019-01-14 17:30:41,Kilback and Sons,entertainment,66.42,M,Tuscarora,MD,39.2667,-77.5101,100,"Production assistant, television",1979-12-11,39.25723,-77.7487199999999,0,25432,CUST000968,46,41-60,Gold,14235.0,7734.28,47.36,66.23,4,4,1203,20,86,POS,Online,OTP,Yes,Yes,No,No,17,Monday,False,0.0,0,Low Risk
2019-01-06 14:08:31,Schimmel-Olson,kids_pets,48.61,M,Williamsburg,MO,38.8874,-91.7689,710,Glass blower/designer,1970-09-27,38.424004,-92.084724,0,65048,CUST006411,55,41-60,Gold,14417.0,9988.23,29.25,55.42,7,3,257,60,35,WEB,Online,OTP,Yes,Yes,No,No,14,Sunday,True,0.0,0,Low Risk
2019-01-14 06:42:39,Wolf Inc,grocery_pos,88.53,F,O Brien,TX,33.3749,-99.8473,178,Warden/ranger,1983-06-14,32.656518,-99.121681,0,76464,CUST003224,42,41-60,Gold,17771.0,6268.95,36.06,59.36,9,4,1143,43,51,WEB,Mobile,OTP,Yes,Yes,No,No,6,Monday,False,0.0,0,Low Risk
2019-01-03 15:42:24,"Ruecker, Beer and Collier",shopping_net,4.93,F,Hooper,NE,41.6414,-96.5232,1745,"Engineer, automotive",1973-12-26,41.639432,-96.607675,0,68057,CUST004568,52,41-60,Platinum,49221.0,43531.32,4.47,5.17,10,4,138,73,54,ATM,Mobile,PIN,Yes,Yes,No,No,15,Thursday,False,0.0,0,Low Risk
2019-01-10 04:44:05,"Swift, Bradtke and Marquardt",grocery_net,63.07,F,Tupper Lake,NY,44.232,-74.4905,6120,Chartered loss adjuster,1976-10-09,44.2878,-74.835255,0,45777,CUST001172,49,41-60,Standard,5500.0,3318.52,55.21,50.02,10,2,249,18,5,WEB,POS,Biometric,No,Yes,No,No,4,Thursday,False,0.0,0,Low Risk
2019-01-15 14:30:09,"Konopelski, Schneider and Hartmann",food_dining,139.96,F,Fort Myers,FL,26.4722,-81.8122,224256,Paramedic,1985-08-29,26.940243,-81.628402,0,33982,CUST002261,40,26-40,Standard,7282.0,5236.08,98.47,109.61,4,1,423,8,73,ATM,Mobile,Biometric,No,Yes,No,No,14,Tuesday,False,0.0,0,Low Risk
2019-01-17 11:46:35,"Runolfsdottir, Mueller and Hand",entertainment,4.16,M,Lakeland,FL,27.9611,-81.9398,237282,"Radiographer, therapeutic",1961-09-28,28.234702,-82.342043,0,33544,CUST008678,64,60+,Gold,17573.0,15116.9,3.24,2.85,2,4,81,34,36,POS,Online,Biometric,Yes,Yes,No,No,11,Thursday,False,0.01,0,Low Risk
2019-01-06 19:54:36,"Zemlak, Tillman and Cremin",personal_care,28.16,M,Holloway,OH,40.0113,-80.9701,128,Child psychotherapist,1946-04-03,39.476691,-81.2171209999999,0,45773,CUST005748,79,60+,Standard,7367.5,2535.4,17.49,18.04,6,3,944,73,8,POS,Mobile,Biometric,Yes,Yes,No,No,19,Sunday,True,0.0,0,Low Risk
2019-01-12 20:49:01,Mayert Group,shopping_pos,3.82,M,Fayetteville,NC,35.0583,-79.008,238602,"Scientist, research (maths)",1993-05-14,34.899316,-78.389901,0,28382,CUST003569,32,26-40,Gold,17231.0,6634.92,2.9,3.68,11,2,386,32,51,POS,ATM,PIN,Yes,No,No,No,20,Saturday,True,0.0,0,Low Risk
2019-01-06 03:04:59,"Little, Gutmann and Lynch",shopping_net,9.22,F,Henderson,WV,38.8265,-82.1364,642,Building services engineer,1946-08-30,38.296828,-81.799847,0,25003,CUST010356,79,60+,Platinum,49406.0,40490.43,6.63,7.19,5,0,1198,78,30,MOBILE,ATM,Biometric,Yes,Yes,No,No,3,Sunday,True,0.0,0,Low Risk
2019-01-18 13:06:14,"Klocko, Runolfsdottir and Breitenberg",health_fitness,137.3,M,Espanola,NM,35.9866,-106.0654,18408,Historic buildings inspector/conservation officer,1972-07-18,34.986964,-106.853379,0,87121,CUST008778,53,41-60,Standard,5459.0,4173.79,114.19,70.27,7,2,1224,57,17,ATM,ATM,PIN,Yes,Yes,No,No,13,Friday,False,0.0,0,Low Risk
2019-01-12 12:59:47,Mohr-Bayer,shopping_net,1.5,M,Romulus,MI,42.2203,-83.3583,31515,Police officer,1971-11-05,42.22529,-83.115656,0,48192,CUST002448,54,41-60,Standard,5215.0,4391.92,1.34,1.75,4,0,53,64,80,WEB,Mobile,PIN,Yes,No,No,No,12,Saturday,True,0.0,0,Low Risk
2019-01-16 20:01:30,"Quitzon, Green and Bashirian",shopping_pos,4.59,F,Halstad,MN,47.3551,-96.798,771,"Scientist, audiological",1972-06-14,47.472771,-96.015087,0,56516,CUST004574,53,41-60,Gold,16782.0,6943.86,36.06,3.13,4,2,1269,43,67,MOBILE,ATM,Biometric,Yes,Yes,No,No,20,Wednesday,False,0.0,0,Low Risk
2019-01-16 18:59:49,"Yost, Block and Koepp",misc_pos,137.25,M,Bessemer,AL,33.3224,-86.9657,71463,Radio broadcast assistant,1989-02-08,34.017144,-86.0347599999999,0,35901,CUST009108,36,26-40,Standard,6464.0,1515.6,36.06,161.34,1,4,65,43,24,POS,Online,PIN,Yes,Yes,No,No,18,Wednesday,False,0.0,0,Low Risk
2019-01-05 19:53:58,Bode-Schuster,kids_pets,176.92,F,Mount Morris,NY,42.6835,-77.8664,4895,Acupuncturist,1958-10-29,42.673632,-78.180579,0,14066,CUST005829,67,60+,Gold,15603.0,3896.29,163.23,158.1,10,1,305,97,40,POS,ATM,Biometric,No,Yes,No,No,19,Saturday,True,0.01,0,Low Risk
2019-01-18 15:25:23,Swift PLC,kids_pets,80.56,M,Oriskany Falls,NY,42.9576,-75.4838,1970,"Programmer, multimedia",1949-06-09,43.469416,-75.959363,0,13302,CUST007159,76,60+,Platinum,51844.0,43177.13,62.72,37.755,10,2,437,14,60,WEB,Online,OTP,Yes,Yes,No,No,15,Friday,False,0.0,0,Low Risk
2019-01-09 06:15:24,Beier-Hyatt,shopping_pos,9.01,F,Kirby,OH,40.813,-83.4196,118,Private music teacher,1957-11-12,41.304861,-83.26422,0,43435,CUST004046,68,60+,Standard,7694.0,4447.39,6.61,5.01,11,3,966,10,9,POS,Mobile,OTP,Yes,No,No,No,6,Wednesday,False,0.0,0,Low Risk
2019-01-13 19:22:26,Fritsch and Sons,health_fitness,98.61,F,Ford,VA,37.1349,-77.7364,1051,Chief Operating Officer,1976-11-21,38.088509,-77.9379589999999,0,23093,CUST001714,49,41-60,Gold,16339.0,13929.59,86.72,62.84,8,2,1307,11,61,MOBILE,Online,OTP,Yes,No,No,No,19,Sunday,True,0.0,0,Low Risk
2019-01-18 13:57:27,Cormier LLC,health_fitness,1.98,M,Pelham,NC,36.4899,-79.4736,3402,Insurance underwriter,1927-10-24,35.693711,-79.668138,0,27316,CUST005205,98,60+,Standard,5991.0,4959.19,1.61,2.08,10,1,38,98,21,POS,Online,PIN,Yes,No,No,No,13,Friday,False,0.0,0,Low Risk
2019-01-12 02:22:10,Kling Inc,gas_transport,69.74,M,Winfield,WV,38.5072,-81.89,5512,Exhibition designer,1980-03-24,37.904251,-81.715961,0,25208,CUST004576,45,41-60,Gold,14022.0,10764.85,65.38,75.96,5,1,976,37,29,POS,Mobile,PIN,Yes,No,No,No,2,Saturday,True,0.01,0,Low Risk
2019-01-18 18:00:27,"Schmeler, Bashirian and Price",shopping_net,9.43,M,Coffeeville,MS,33.9215,-89.6782,3451,Financial trader,1984-05-19,34.53006,-89.903581,0,38619,CUST007786,41,41-60,Gold,14564.0,11209.28,7.15,8.84,5,0,226,9,38,MOBILE,Mobile,PIN,No,No,No,Yes,18,Friday,False,0.0,0,Low Risk
2019-01-01 08:21:04,Buckridge PLC,misc_pos,242.85,F,Washington Court House,OH,39.537,-83.455,22305,Television floor manager,1939-03-09,39.658571,-84.445008,0,45325,CUST003646,86,60+,Gold,17269.0,10658.14,182.74,226.86,9,4,829,60,92,MOBILE,Mobile,OTP,No,Yes,No,No,8,Tuesday,False,0.0,0,Low Risk
2019-01-13 16:35:07,Kub PLC,personal_care,6.26,M,Tyaskin,MD,38.2833,-75.8465,470,Music tutor,1965-04-07,39.273177,-75.709756,0,19938,CUST008984,60,41-60,Standard,7527.0,1894.26,4.5,4.47,7,0,943,50,69,POS,Mobile,OTP,No,Yes,No,Yes,16,Sunday,True,0.0,0,Low Risk
2019-01-01 22:18:26,Gibson-Deckow,entertainment,22.96,F,Lomax,IL,40.6761,-91.0391,725,Environmental consultant,1972-11-28,41.240902,-90.77319,0,61231,CUST004624,53,41-60,Standard,7027.0,4482.125,17.29,21.83,6,4,624,76,52,MOBILE,POS,Biometric,Yes,Yes,No,No,22,Tuesday,False,0.01,0,Low Risk
2019-01-08 06:14:00,Stracke-Lemke,grocery_pos,87.57,F,Paradise Valley,AZ,33.5494,-111.9565,17047,Building surveyor,1935-01-29,32.958549,-112.268724,0,85139,CUST001303,90,60+,Standard,6662.0,2513.03,82.33,59.92,3,1,465,9,22,ATM,POS,OTP,Yes,Yes,No,No,6,Tuesday,False,0.0,0,Low Risk
2019-01-01 15:59:06,Greenholt Ltd,health_fitness,74.62,M,Pointe Aux Pins,MI,45.7549,-84.447,95,Electrical engineer,1994-02-09,45.669745,-85.139539,0,45777,CUST000140,31,26-40,Standard,4216.0,1780.99,55.14,50.58,10,3,242,77,90,WEB,ATM,PIN,Yes,No,No,No,15,Tuesday,False,0.0,0,Low Risk
2019-01-08 21:21:46,Kihn-Schuster,food_dining,8.45,F,Notrees,TX,31.8599,-102.7413,23,Cytogeneticist,1969-09-15,32.134139,-103.363294,0,45777,CUST005281,56,41-60,Standard,4889.0,1695.21,7.34,5.37,8,4,901,11,51,ATM,ATM,Biometric,Yes,Yes,Yes,No,21,Tuesday,False,0.0,0,Low Risk
2019-01-06 18:15:01,Emmerich-Rau,personal_care,2.58,M,Bowdoin,ME,44.0575,-69.9656,3224,"Engineer, electronics",1997-08-22,44.504793,-70.618258,0,4276,CUST000697,28,26-40,Gold,17097.0,9692.81,1.71,3.06,4,4,308,68,76,POS,Mobile,OTP,Yes,Yes,No,No,18,Sunday,True,0.0,0,Low Risk
2019-01-13 20:57:09,Nolan-Williamson,kids_pets,8.23,F,Florence,MS,32.153,-90.1217,19685,Fine artist,1984-12-24,32.12761,-90.829152,0,39086,CUST009690,41,41-60,Standard,7372.0,5192.62,6.66,9.23,10,3,1396,50,60,MOBILE,POS,Biometric,Yes,No,No,No,20,Sunday,True,0.0,0,Low Risk
2019-01-02 08:45:14,Pagac LLC,shopping_pos,6.11,F,Powell Butte,OR,44.2415,-121.0113,2016,Local government officer,1953-12-25,44.25575,-120.840904,0,45777,CUST010162,72,60+,Standard,5786.0,2274.38,4.17,4.18,4,2,18,4,56,MOBILE,Online,OTP,No,Yes,No,No,8,Wednesday,False,0.01,0,Low Risk
2019-01-06 20:51:17,Wilkinson PLC,kids_pets,37.94,F,Fields Landing,CA,40.7268,-124.2174,276,"Scientist, audiological",1929-05-06,39.880124,-123.586596,0,95585,CUST009438,96,60+,Standard,7048.0,2978.07,30.74,20.31,7,2,1060,57,63,MOBILE,Online,PIN,Yes,Yes,No,No,20,Sunday,True,0.0,0,Low Risk
2019-01-07 22:19:27,"Klocko, Runolfsdottir and Breitenberg",health_fitness,40.0,F,Gibsonville,NC,36.1183,-79.5685,12486,Arboriculturist,1934-02-09,35.185961,-80.224881,0,28129,CUST010311,91,60+,Gold,14147.0,10048.79,28.55,45.7,3,4,740,90,57,ATM,Online,PIN,Yes,Yes,No,No,22,Monday,False,0.0,0,Low Risk
2019-01-12 03:02:46,Schmitt Inc,gas_transport,36.11,M,Mount Hope,AL,34.4793,-87.4769,1312,"Librarian, academic",1955-02-01,33.822436,-87.6011319999999,0,35554,CUST002197,70,60+,Standard,4399.0,3611.99,36.06,33.2,10,0,1419,71,62,ATM,Mobile,PIN,Yes,Yes,No,No,3,Saturday,True,0.0,0,Low Risk
2019-01-15 16:16:04,"McCullough, Hudson and Schuster",food_dining,88.76,F,Bailey,NC,35.8072,-78.0892,6629,Call centre manager,1962-08-13,36.132133,-78.875218,0,27712,CUST004105,63,60+,Standard,6026.0,2182.89,36.06,65.64,9,0,875,23,57,POS,POS,Biometric,Yes,Yes,No,Yes,16,Tuesday,False,0.0,0,Low Risk
2019-01-13 23:59:54,"Konopelski, Schneider and Hartmann",food_dining,87.59,F,Louisville,KY,38.1901,-85.7519,736284,"Education officer, museum",1961-09-13,38.072855,-85.4424849999999,0,40047,CUST000864,64,60+,Standard,4409.0,972.45,82.3,81.57,6,3,560,80,43,WEB,POS,OTP,Yes,Yes,No,No,23,Sunday,True,0.01,0,Low Risk
2019-01-03 08:06:39,Kiehn Inc,grocery_pos,162.5,F,Mound City,MO,40.1362,-95.2138,1631,Architect,1953-01-20,41.107777,-94.388527,0,50801,CUST007160,72,60+,Standard,4265.0,3610.84,139.1,177.77,2,3,987,19,26,MOBILE,Online,PIN,Yes,No,No,Yes,8,Thursday,False,0.0,0,Low Risk
2019-01-15 11:01:21,"Jenkins, Hauck and Friesen",gas_transport,38.59,F,Keisterville,PA,39.9636,-79.7853,184,Systems developer,1945-11-04,39.455313,-80.104721,0,26554,CUST002181,80,60+,Platinum,51260.0,45585.85,26.6,34.03,9,0,188,36,25,WEB,Online,Biometric,Yes,No,No,No,11,Tuesday,False,0.0,0,Low Risk
2019-01-07 10:53:06,Ankunding LLC,shopping_net,6.47,M,Sea Island,GA,31.1989,-81.3322,298,"Engineer, structural",1963-04-22,30.76313,-81.219212,0,45777,CUST004528,62,60+,Standard,5201.0,3583.57,4.06,6.58,5,0,604,43,40,POS,POS,Biometric,No,No,No,No,10,Monday,False,0.0,0,Low Risk
2019-01-05 15:05:38,Hackett Group,travel,466.93,M,New Boston,IL,41.2153,-90.9879,1504,Manufacturing engineer,1993-10-05,40.986548,-90.327878,0,61488,CUST005265,32,26-40,Gold,17361.0,11009.78,403.44,464.39,4,2,38,16,40,MOBILE,Online,PIN,Yes,No,No,Yes,15,Saturday,True,0.03,0,Low Risk
2019-01-03 16:39:57,Gaylord-Powlowski,home,30.56,M,Winthrop,ME,44.3229,-69.9576,6025,Advertising account planner,1995-04-22,44.786811,-69.630557,0,4924,CUST005850,30,26-40,Platinum,50967.0,39846.3,25.3,24.54,1,1,523,4,52,POS,ATM,Biometric,Yes,No,No,No,16,Thursday,False,0.01,0,Low Risk
2019-01-05 13:11:42,Medhurst Inc,home,22.85,F,Coyle,OK,35.8985,-97.2607,1493,Amenity horticulturist,1985-03-21,34.967897,-97.892008,0,73067,CUST003814,40,26-40,Standard,5494.0,4154.05,36.06,22.23,8,0,238,49,63,WEB,Mobile,OTP,Yes,No,No,No,13,Saturday,True,0.0,0,Low Risk
2019-01-02 08:47:36,Luettgen PLC,gas_transport,82.08,F,Fort Washakie,WY,43.0048,-108.8964,1645,Information systems manager,1986-02-17,42.961335,-109.157564,0,45777,CUST004086,39,26-40,Gold,16971.0,6905.15,60.45,65.16,10,2,645,29,35,MOBILE,Online,OTP,Yes,Yes,No,No,8,Wednesday,False,0.0,0,Low Risk
2019-01-11 07:44:45,Schumm PLC,shopping_net,2.31,M,Minnesota Lake,MN,43.8295,-93.8282,1087,Music tutor,1963-07-14,43.676372,-94.299816,0,56039,CUST008815,62,60+,Platinum,51469.0,44866.39,1.53,1.48,8,3,1198,19,86,WEB,Online,PIN,Yes,Yes,No,Yes,7,Friday,False,0.0,0,Low Risk
2019-01-13 07:27:43,"Greenholt, Jacobi and Gleason",gas_transport,91.08,M,Haw River,NC,36.0424,-79.3242,6006,Paramedic,1984-07-20,35.841616,-79.539898,0,27298,CUST008509,41,41-60,Platinum,52429.0,37471.78,36.06,71.51,7,0,190,55,62,MOBILE,ATM,Biometric,No,Yes,Yes,No,7,Sunday,True,0.0,0,Low Risk
2019-01-11 15:50:40,Baumbach Ltd,personal_care,38.24,M,Auburn,ME,44.0948,-70.2389999999999,23045,Tourist information centre manager,1958-09-02,43.733171,-69.389923,0,4554,CUST008807,67,60+,Standard,6635.0,4049.18,25.02,33.68,10,2,1018,30,98,MOBILE,Online,Biometric,No,Yes,No,No,15,Friday,False,0.01,0,Low Risk
2019-01-13 06:35:11,"Bernier, Volkman and Hoeger",misc_net,2.86,M,Harborcreek,PA,42.1767,-79.9416,2518,Event organiser,1946-02-02,42.143881,-80.372176,0,16423,CUST008944,79,60+,Standard,5666.0,1896.6,2.52,3.0,2,1,341,87,63,POS,POS,PIN,Yes,Yes,No,No,6,Sunday,True,0.01,0,Low Risk
2019-01-03 15:42:11,Kulas Group,health_fitness,51.9,F,Saint Paul,MN,44.9913,-92.9487,753116,Fisheries officer,1971-08-06,44.107649,-92.184176,0,55932,CUST004930,54,41-60,Gold,15936.0,14056.18,48.77,41.08,5,3,908,55,82,ATM,POS,OTP,Yes,Yes,No,No,15,Thursday,False,0.0,0,Low Risk
2019-01-13 07:39:42,"Moore, Dibbert and Koepp",misc_net,9.79,M,High Rolls Mountain Park,NM,32.9396,-105.8189,899,Naval architect,1967-08-30,32.607654,-105.036501,0,45777,CUST006589,58,41-60,Standard,4385.0,2665.79,8.04,9.86,4,2,1127,23,2,WEB,Mobile,Biometric,Yes,Yes,No,No,7,Sunday,True,0.0,0,Low Risk
2019-01-04 11:09:29,Parisian and Sons,gas_transport,40.81,F,Llano,NM,36.1486,-105.6648,247,Architectural technologist,1961-10-24,35.431432,-105.674671,0,87552,CUST007099,64,60+,Gold,17775.0,15585.52,28.18,40.94,3,2,1330,50,55,POS,Online,OTP,Yes,No,No,No,11,Friday,False,0.0,0,Low Risk
2019-01-12 18:49:07,Connelly-Carter,home,18.89,F,Holcomb,KS,37.9931,-100.9893,2691,Arboriculturist,1993-08-16,38.779633,-100.121794,0,67584,CUST008027,32,26-40,Gold,17551.0,12355.62,17.03,22.56,4,4,512,25,88,WEB,POS,OTP,Yes,Yes,No,Yes,18,Saturday,True,0.0,0,Low Risk
2019-01-17 21:18:45,"Romaguera, Cruickshank and Greenholt",shopping_net,8.95,F,Oolitic,IN,38.8938,-86.5246,1228,Counsellor,1991-03-13,38.643287,-85.907578,0,47170,CUST004298,34,26-40,Standard,4568.0,2209.52,7.24,8.26,4,0,1379,32,46,WEB,POS,PIN,Yes,Yes,No,No,21,Thursday,False,0.0,0,Low Risk
2019-01-06 15:46:46,"Schneider, Hayes and Nikolaus",food_dining,7.08,F,Lebanon,VA,36.8809,-82.0956,9521,"Teacher, English as a foreign language",1977-10-19,37.74239,-81.5947329999999,0,24827,CUST006682,48,41-60,Gold,15075.0,8228.76,4.88,5.68,11,2,550,52,6,WEB,ATM,Biometric,Yes,Yes,No,No,15,Sunday,True,0.0,0,Low Risk
2019-01-15 09:39:07,Mohr-Bayer,shopping_net,101.43,M,Tuscarora,MD,39.2667,-77.5101,100,"Production assistant, television",1979-12-11,38.63166,-77.8135839999999,0,22712,CUST000535,46,41-60,Platinum,52049.0,39744.91,74.16,101.08,4,1,1096,81,88,POS,POS,OTP,Yes,No,No,No,9,Tuesday,False,0.0,0,Low Risk
2019-01-06 12:17:53,"Graham, Hegmann and Hammes",food_dining,3.74,F,Allentown,PA,40.5891,-75.4645,166081,"Scientist, research (maths)",1998-10-01,40.882083,-74.6998699999999,0,7857,CUST008193,27,26-40,Standard,5981.0,4922.52,2.75,2.79,9,2,369,49,22,MOBILE,POS,OTP,Yes,No,No,No,12,Sunday,True,0.0,0,Low Risk
2019-01-14 11:33:10,Towne LLC,misc_pos,28.77,M,Utica,PA,41.4798,-79.9403,1102,Garment/textile technologist,1989-07-08,41.504307,-80.366374,0,16110,CUST006857,36,26-40,Platinum,52805.0,25653.22,25.5,32.4,4,1,1426,3,51,MOBILE,ATM,Biometric,Yes,Yes,Yes,Yes,11,Monday,False,0.0,0,Low Risk
2019-01-15 19:51:13,Kuhn LLC,shopping_pos,102.44,F,Drakes Branch,VA,36.9688,-78.5615,1970,Energy engineer,1985-09-02,37.856033,-77.941248,0,23065,CUST001189,40,26-40,Standard,4532.0,2734.42,85.9,87.0,7,0,859,55,39,POS,Mobile,Biometric,Yes,No,No,No,19,Tuesday,False,0.0,0,Low Risk
2019-01-16 06:08:14,Kilback LLC,grocery_pos,126.39,F,Georgetown,MN,47.0999,-96.727,346,"Research officer, trade union",1976-12-14,46.881125,-96.150141,0,56554,CUST004545,49,41-60,Standard,4944.0,2305.82,97.11,95.11,9,0,703,9,4,POS,Online,Biometric,Yes,Yes,No,No,6,Wednesday,False,0.0,0,Low Risk
2019-01-06 22:49:02,Kuhn Group,food_dining,8.46,M,Alton,IA,42.9782,-96.0173,1700,"Engineer, land",2001-12-19,43.151941,-95.654721,0,51248,CUST000041,24,18-25,Platinum,51267.0,24380.94,6.24,5.75,8,2,1439,45,33,MOBILE,ATM,OTP,Yes,No,No,No,22,Sunday,True,0.02,0,Low Risk
2019-01-12 12:27:55,Zboncak Ltd,food_dining,7.39,M,Gretna,LA,29.8872,-90.0331,55581,Biomedical scientist,1972-09-12,28.894488,-90.676617,0,45777,CUST001031,53,41-60,Standard,6028.0,5286.37,5.28,7.39,4,2,1102,20,65,WEB,ATM,PIN,Yes,Yes,No,No,12,Saturday,True,0.0,0,Low Risk
2019-01-17 03:40:28,Murray-Smitham,grocery_pos,68.7,M,Armonk,NY,41.136,-73.7009,7987,Television/film/video producer,1964-03-16,40.407452,-74.240613,0,7747,CUST009256,61,60+,Gold,16056.0,6162.36,62.3,49.02,11,4,782,50,27,MOBILE,Mobile,OTP,Yes,Yes,No,No,3,Thursday,False,0.0,0,Low Risk
2019-01-17 06:56:24,Kutch LLC,gas_transport,61.81,M,Kenner,LA,29.9912,-90.2479,68211,"Engineer, petroleum",1941-04-23,29.942485,-90.474926,0,70057,CUST004216,84,60+,Standard,6861.0,2412.34,49.96,39.85,3,2,1387,98,89,ATM,Mobile,Biometric,Yes,Yes,Yes,No,6,Thursday,False,0.01,0,Low Risk
2019-01-19 03:10:48,Bogisich Inc,grocery_pos,94.83,M,Fiddletown,CA,38.5234,-120.6763,832,Immigration officer,1987-05-19,38.014239,-120.167858,0,95346,CUST006304,38,26-40,Gold,15125.0,3463.3,65.45,75.03,5,1,837,50,9,MOBILE,Mobile,OTP,Yes,Yes,No,No,3,Saturday,True,0.0,0,Low Risk
2019-01-05 20:22:57,Schiller Ltd,personal_care,7.43,M,Tickfaw,LA,30.5668,-90.482,8512,"Accountant, chartered public finance",1951-09-03,31.334738,-90.6859,0,39664,CUST010625,74,60+,Gold,7367.5,13998.34,4.78,6.26,10,2,93,25,12,ATM,POS,PIN,Yes,Yes,No,No,20,Saturday,True,0.0,0,Low Risk
2019-01-12 01:22:21,Padberg-Welch,grocery_pos,90.42,M,Oaks,PA,40.1334,-75.4536,737,Oceanographer,1987-04-24,40.958897,-75.076606,0,7832,CUST009097,38,26-40,Standard,6771.0,2208.01,85.42,82.27,3,0,1084,7,32,MOBILE,ATM,Biometric,Yes,Yes,Yes,No,1,Saturday,True,0.0,0,Low Risk
2019-01-18 21:40:44,Kris-Padberg,shopping_pos,8.49,F,Rossville,IL,40.3625,-87.6692,1807,"Buyer, retail",1975-06-02,40.010629,-88.21669,0,61880,CUST008792,50,41-60,Standard,6474.0,3155.5,6.92,8.75,11,2,807,50,37,WEB,Mobile,OTP,Yes,Yes,No,No,21,Friday,False,0.0,0,Low Risk
2019-01-07 07:58:59,Wuckert-Walter,grocery_net,71.37,F,North Tonawanda,NY,43.0498,-78.851,45100,Ambulance person,1993-10-25,42.130941,-79.398116,0,14710,CUST001043,32,26-40,Platinum,51958.0,19376.07,57.26,39.0,11,1,434,79,84,WEB,Online,Biometric,Yes,No,No,No,7,Monday,False,0.01,0,Low Risk
2019-01-01 00:40:44,Kiehn-Emmerich,grocery_pos,212.45,F,Jay,FL,30.8985,-87.1332,5719,Higher education careers adviser,1994-11-05,31.414174,-87.138632,0,36475,CUST007554,31,26-40,Standard,5305.0,3291.14,36.06,144.28,3,2,1045,2,6,WEB,Mobile,OTP,Yes,No,No,No,0,Tuesday,False,0.0,0,Low Risk
2019-01-01 14:54:40,"Moore, Dibbert and Koepp",misc_net,115.91,F,Pembroke Township,IL,41.0646,-87.5917,2135,"Psychotherapist, child",2004-05-08,41.091189,-87.636425,0,60958,CUST008550,21,18-25,Standard,7070.0,3702.51,79.29,83.9,2,3,1118,14,96,WEB,ATM,Biometric,Yes,Yes,No,No,14,Tuesday,False,0.0,0,Low Risk
2019-01-05 16:08:47,"O'Connell, Botsford and Hand",home,46.3,M,Lonsdale,MN,44.4477,-93.4252,5211,Chief Strategy Officer,1987-01-27,44.428646,-94.183743,0,55334,CUST001413,38,26-40,Gold,15020.0,10538.88,40.91,27.19,2,2,29,62,11,MOBILE,POS,PIN,Yes,No,No,No,16,Saturday,True,0.0,0,Low Risk
2019-01-01 12:12:40,Hilpert-Conroy,kids_pets,31.17,M,Luray,MO,40.4931,-91.8912,519,Town planner,1966-02-13,40.858986,-92.209069,0,52588,CUST001793,59,41-60,Gold,16699.0,9904.06,29.01,34.54,8,1,1045,6,1,ATM,POS,PIN,Yes,Yes,No,Yes,12,Tuesday,False,0.0,0,Low Risk
2019-01-13 23:57:39,Kassulke Inc,entertainment,75.57,M,Beaverdam,OH,40.8314,-83.9758,349,Museum/gallery conservator,1978-12-25,39.940863,-83.133978,0,43228,CUST008754,47,41-60,Standard,7587.0,3992.48,63.58,60.82,2,2,1125,36,59,ATM,Mobile,PIN,Yes,Yes,No,Yes,23,Sunday,True,0.01,0,Low Risk
2019-01-18 10:39:24,Cummings LLC,gas_transport,72.24,M,Diamond,OH,41.0935,-81.0425,2644,Air cabin crew,1981-01-06,42.006864,-80.570114,0,44030,CUST003209,44,41-60,Standard,6314.0,5314.72,54.87,47.48,1,1,968,50,23,MOBILE,ATM,PIN,Yes,Yes,No,No,10,Friday,False,0.0,0,Low Risk
2019-01-06 04:44:21,"Johnston, Nikolaus and Maggio",grocery_net,47.5,F,De Witt,AR,34.2853,-91.3336,5161,Electrical engineer,1993-04-08,35.140075,-92.107422,0,72045,CUST007707,32,26-40,Standard,7675.0,6546.39,29.89,23.84,11,0,1226,31,51,ATM,Mobile,OTP,No,Yes,No,No,4,Sunday,True,0.0,0,Low Risk
2019-01-15 18:37:07,"Crist, Jakubowski and Littel",home,80.54,M,Lamberton,MN,44.2378,-95.2739,1507,Land/geomatics surveyor,1993-10-12,43.495985,-94.747107,0,56127,CUST010548,32,26-40,Standard,4847.0,4298.57,54.33,68.4,9,2,691,1,99,MOBILE,ATM,PIN,No,Yes,Yes,No,18,Tuesday,False,0.0,0,Low Risk
2019-01-06 13:30:18,Boyer-Reichert,shopping_net,607.66,F,Fort Myers,FL,26.4722,-81.8122,224256,Paramedic,1985-08-29,25.623212,-82.533397,0,45777,CUST010306,40,26-40,Gold,14685.0,9349.97,375.52,313.22,2,4,897,79,93,POS,Online,Biometric,Yes,Yes,No,No,13,Sunday,True,0.04,0,Low Risk
2019-01-05 16:16:45,Baumbach Ltd,personal_care,132.31,M,Arnold,MO,38.4305,-90.387,35439,Land/geomatics surveyor,1985-03-31,38.795383,-89.871448,0,62294,CUST008946,40,26-40,Standard,5983.0,4482.125,102.71,91.81,4,2,24,68,87,WEB,Online,Biometric,Yes,Yes,No,No,16,Saturday,True,0.0,0,Low Risk
2019-01-07 08:37:27,Cummings LLC,gas_transport,52.17,M,Bowdoin,ME,44.0575,-69.9656,3224,"Engineer, electronics",1997-08-22,44.491327,-70.234725,0,4239,CUST005521,28,26-40,Standard,6096.0,3408.88,43.97,31.75,4,0,558,9,34,WEB,Mobile,Biometric,Yes,Yes,No,No,8,Monday,False,0.0,0,Low Risk
2019-01-08 06:08:17,"Cormier, Stracke and Thiel",entertainment,8.36,M,Washington,DC,38.9757,-77.0282,601723,"Optician, dispensing",1970-07-20,39.749451,-76.26538,0,17314,CUST005168,55,41-60,Standard,4918.0,3968.22,5.95,6.09,10,1,361,62,23,WEB,Mobile,Biometric,Yes,Yes,No,No,6,Tuesday,False,0.0,0,Low Risk
2019-01-01 18:18:29,"Hoppe, Harris and Bednar",entertainment,74.91,M,Orr,MN,48.1439,-92.8561,1680,Horticultural therapist,1976-12-10,48.001146,-93.459403,0,45777,CUST010737,49,41-60,Gold,17094.0,12735.25,52.77,40.98,8,0,829,92,62,MOBILE,Mobile,Biometric,Yes,No,No,No,18,Tuesday,False,0.0,0,Low Risk
2019-01-06 10:07:27,Parisian and Sons,gas_transport,67.51,F,New Memphis,IL,38.4857,-89.6816,254,Magazine journalist,1952-05-07,37.628175,-90.035823,0,63662,CUST001678,73,60+,Platinum,51501.0,16120.3,51.09,46.53,9,3,1314,90,15,POS,POS,Biometric,Yes,Yes,No,No,10,Sunday,True,0.0,0,Low Risk
2019-01-01 02:41:55,Rutherford-Mertz,grocery_pos,88.67,F,Marietta,SC,35.0296,-82.5136,5648,Museum/gallery exhibitions officer,1934-10-06,34.276436,-83.0639449999999,0,30662,CUST000373,91,60+,Standard,7419.0,3948.37,81.17,55.83,5,0,413,61,85,ATM,POS,Biometric,Yes,Yes,No,No,2,Tuesday,False,0.0,0,Low Risk
2019-01-15 16:17:33,"Dare, Casper and Bartoletti",kids_pets,23.11,M,Sacramento,CA,38.5662,-121.3286,757530,Magazine features editor,1979-04-30,39.488153,-122.181358,0,95988,CUST003490,46,41-60,Standard,4714.0,2806.49,36.06,15.17,2,4,167,77,62,ATM,ATM,OTP,Yes,Yes,No,No,16,Tuesday,False,0.0,0,Low Risk
2019-01-16 04:49:48,Turcotte-Halvorson,misc_pos,302.64,M,Clutier,IA,42.0789,-92.3763,590,"Embryologist, clinical",1953-03-30,42.154021,-92.793541,0,50635,CUST001774,72,60+,Standard,6963.0,1687.18,265.76,254.61,6,2,732,23,68,MOBILE,ATM,OTP,Yes,No,No,No,4,Wednesday,False,0.14,0,Low Risk
2019-01-11 07:57:36,"Eichmann, Bogan and Rodriguez",gas_transport,51.46,F,Stanchfield,MN,45.6675,-93.2433,2607,"Lecturer, further education",1995-12-04,46.538191,-92.841262,0,55757,CUST006608,30,26-40,Standard,6731.0,4754.74,48.39,30.55,10,4,639,16,89,MOBILE,Online,Biometric,Yes,Yes,Yes,No,7,Friday,False,0.0,0,Low Risk
2019-01-06 20:55:01,Kuhic LLC,shopping_net,9.14,F,Lomax,IL,40.6761,-91.0391,725,Environmental consultant,1972-11-28,40.620034,-90.957716,0,61450,CUST005254,53,41-60,Standard,4552.0,4482.125,5.75,6.72,10,4,4,33,52,ATM,Mobile,OTP,Yes,Yes,No,No,20,Sunday,True,0.0,0,Low Risk
2019-01-18 14:01:28,Sporer-Keebler,personal_care,18.04,F,Florence,MS,32.153,-90.1217,19685,Fine artist,1984-12-24,31.296734,-89.4441069999999,0,39402,CUST010254,41,41-60,Standard,5679.0,3651.67,15.01,11.47,11,4,701,86,44,ATM,Mobile,PIN,Yes,Yes,No,No,14,Friday,False,0.0,0,Low Risk
2019-01-14 17:18:46,Bechtelar-Rippin,food_dining,105.61,F,Kingsford Heights,IN,41.4802,-86.6919,1423,"Psychologist, forensic",1998-10-07,40.896801,-86.255146,0,46988,CUST005488,27,26-40,Platinum,52109.0,32945.66,65.45,82.88,6,1,726,81,18,POS,ATM,PIN,Yes,No,No,No,17,Monday,False,0.0,0,Low Risk
2019-01-06 16:18:20,Ziemann-Waters,health_fitness,10.66,F,Miamisburg,OH,39.6321,-84.2675,36784,"Investment banker, corporate",1941-07-31,38.801005,-84.836052,0,41095,CUST009932,84,60+,Gold,14795.0,7547.06,7.49,7.6,5,4,301,21,86,MOBILE,ATM,OTP,Yes,No,No,No,16,Sunday,True,0.0,0,Low Risk
2019-01-04 12:20:22,Stark-Batz,entertainment,14.68,M,Hancock,MD,39.6991,-78.1762,3766,Press photographer,1984-02-14,40.219986,-78.335121,0,16695,CUST007095,41,41-60,Gold,17581.0,12822.21,13.33,14.02,8,3,807,25,80,WEB,ATM,Biometric,Yes,Yes,No,No,12,Friday,False,0.0,0,Low Risk
2019-01-05 19:54:33,"Koss, McLaughlin and Mayer",food_dining,2.62,F,Birmingham,IA,40.8626,-91.9534,888,Camera operator,1988-03-25,40.086989,-91.088167,0,62320,CUST002159,37,26-40,Standard,4990.0,3112.85,2.17,1.82,10,2,342,93,13,MOBILE,ATM,OTP,Yes,Yes,No,No,19,Saturday,True,0.0,0,Low Risk
2019-01-08 13:38:12,Kris-Kertzmann,travel,2.2,M,Oxford,MI,42.8223,-83.2829,24840,Agricultural consultant,1960-01-20,43.738863,-82.6201849999999,0,48470,CUST002411,65,60+,Platinum,52827.0,34116.89,1.85,2.07,1,4,1404,11,71,MOBILE,ATM,PIN,Yes,No,No,No,13,Tuesday,False,0.0,0,Low Risk
2019-01-18 06:44:52,Lynch Ltd,shopping_pos,5.19,M,Portland,OR,45.5303,-122.7033,841711,"Engineer, building services",1963-04-04,46.20092,-122.318913,0,98616,CUST004439,62,60+,Gold,15016.0,12501.62,3.82,37.755,8,1,209,5,28,WEB,ATM,PIN,Yes,Yes,No,No,6,Friday,False,0.0,0,Low Risk
2019-01-08 02:08:10,Rau and Sons,grocery_pos,89.32,M,North Augusta,SC,33.6028,-81.9748,46944,Secondary school teacher,1942-04-02,33.75728,-81.313357,0,29123,CUST008109,83,60+,Standard,7772.0,5433.62,72.49,49.36,2,4,661,46,5,MOBILE,Mobile,Biometric,Yes,No,No,No,2,Tuesday,False,0.0,0,Low Risk
2019-01-06 22:21:24,"Parisian, Schiller and Altenwerth",misc_net,2.07,F,University,MS,34.3396,-89.5736,4198,Curator,2001-06-22,35.119663,-89.205258,0,38042,CUST010925,24,18-25,Gold,16404.0,13727.18,1.93,1.89,8,3,125,35,9,POS,Mobile,PIN,Yes,Yes,No,No,22,Sunday,True,0.03,0,Low Risk
2019-01-07 15:40:09,"O'Connell, Botsford and Hand",home,142.65,F,Manchester,MD,39.6747,-76.8941,11751,Clinical research associate,1964-02-15,40.66392,-76.9576,0,17853,CUST001022,61,60+,Standard,4231.0,2248.85,128.23,166.0,1,0,1387,2,2,ATM,Mobile,OTP,Yes,Yes,No,No,15,Monday,False,0.0,0,Low Risk
2019-01-13 22:08:03,Beer-Jast,kids_pets,19.55,F,Fort Myers,FL,26.4722,-81.8122,224256,Paramedic,1985-08-29,25.666077,-82.130955,0,45777,CUST008805,40,26-40,Platinum,52381.0,28305.73,36.06,16.22,2,0,1348,13,97,WEB,ATM,Biometric,No,Yes,Yes,No,22,Sunday,True,0.02,0,Low Risk
2019-01-08 09:46:48,Wiza LLC,misc_pos,109.6,M,Andrews,NC,35.1959,-83.8228,5354,Retail buyer,1965-04-13,35.187732,-83.304955,0,28734,CUST004072,60,41-60,Gold,14270.0,9510.01,88.33,67.38,5,4,988,5,61,WEB,POS,PIN,Yes,No,No,No,9,Tuesday,False,0.0,0,Low Risk
2019-01-05 06:16:18,Schuppe LLC,entertainment,7.44,M,Stoneham,MA,42.4828,-71.0978,21437,Artist,1964-06-25,42.421671,-70.8750089999999,0,1908,CUST006027,61,60+,Standard,5370.0,2901.1,5.72,5.09,3,3,10,28,22,MOBILE,POS,OTP,Yes,Yes,No,No,6,Saturday,True,0.01,0,Low Risk
2019-01-12 22:02:44,"Jones, Sawayn and Romaguera",misc_net,843.44,M,Harborcreek,PA,42.1767,-79.9416,2518,Event organiser,1946-02-02,42.665706,-80.0648569999999,1,45777,CUST002527,79,60+,Standard,6414.0,2410.29,706.72,37.755,10,4,492,82,46,POS,Online,PIN,Yes,Yes,No,No,22,Saturday,True,0.39,1,Medium Risk
2019-01-02 14:12:40,"Kihn, Brakus and Goyette",personal_care,29.14,M,Winfield,WV,38.5072,-81.89,5512,Exhibition designer,1980-03-24,39.463586,-82.420897,0,43138,CUST009277,45,41-60,Gold,16416.0,10136.17,23.07,23.68,10,1,554,18,34,MOBILE,POS,Biometric,Yes,Yes,Yes,No,14,Wednesday,False,0.0,0,Low Risk
2019-01-03 01:05:58,Boyer PLC,misc_pos,5.91,F,Lahoma,OK,36.385,-98.0727,1078,"Programme researcher, broadcasting/film/video",1952-07-06,36.731396,-98.070196,0,73761,CUST009337,73,60+,Standard,7298.0,2575.17,5.58,3.65,11,2,619,27,35,MOBILE,Online,PIN,Yes,Yes,No,Yes,1,Thursday,False,0.0,0,Low Risk
2019-01-17 15:12:18,Schaefer Ltd,kids_pets,54.84,M,Oakland,CA,37.7878,-122.1884,381459,Barista,1974-01-03,38.492726,-122.2569,0,94558,CUST009595,51,41-60,Standard,7500.0,2462.64,44.93,63.17,8,0,1235,91,79,WEB,Mobile,OTP,Yes,Yes,No,No,15,Thursday,False,0.0,0,Low Risk
2019-01-17 00:54:51,DuBuque LLC,grocery_pos,218.47,F,Holcomb,KS,37.9931,-100.9893,2691,Arboriculturist,1993-08-16,37.160446,-101.141247,0,45777,CUST002285,32,26-40,Standard,5013.0,1691.05,169.87,207.11,3,2,666,5,80,POS,POS,PIN,Yes,Yes,No,No,0,Thursday,False,0.0,0,Low Risk
2019-01-01 21:36:43,Schulist Ltd,food_dining,15.85,M,Andrews,IN,40.8618,-85.6067,2304,Retail banker,1955-07-25,40.56629,-84.717185,0,45828,CUST003881,70,60+,Standard,4200.0,3153.01,9.54,17.09,4,3,1368,26,93,POS,Online,Biometric,Yes,No,No,No,21,Tuesday,False,0.0,0,Low Risk
2019-01-12 07:19:58,Schmitt Inc,gas_transport,62.42,F,Goodrich,MI,42.9147,-83.4845,6951,Learning disability nurse,1985-06-18,43.160276,-84.061422,0,48616,CUST005348,40,26-40,Standard,5237.0,2834.54,48.55,52.42,5,0,50,33,70,POS,POS,Biometric,Yes,No,No,No,7,Saturday,True,0.0,0,Low Risk
2019-01-14 20:19:07,Kozey-Kuhlman,personal_care,22.22,F,Moriches,NY,40.8095,-72.8229,3285,"Research officer, trade union",1988-04-27,41.561246,-72.498305,1,6424,CUST003607,37,26-40,Standard,6565.0,4738.9,14.61,19.45,3,0,1219,15,8,POS,Mobile,OTP,Yes,Yes,No,Yes,20,Monday,False,0.01,0,Low Risk
2019-01-16 11:54:56,Stoltenberg-Beatty,shopping_pos,8.66,M,Pea Ridge,AR,36.4539,-94.118,6434,Product designer,1967-08-28,36.773822,-94.970414,0,74333,CUST000737,58,41-60,Standard,5684.0,2187.19,6.24,5.69,2,4,385,6,93,POS,ATM,PIN,Yes,Yes,No,No,11,Wednesday,False,0.0,0,Low Risk
2019-01-09 15:53:05,Brown-Greenholt,entertainment,14.26,F,Duncan,MS,34.047,-90.7652,466,Trading standards officer,1955-04-03,34.865383,-90.549485,0,72320,CUST002783,70,60+,Standard,5767.0,3148.7,36.06,8.42,1,4,38,97,52,MOBILE,ATM,OTP,Yes,No,No,No,15,Wednesday,False,0.0,0,Low Risk
2019-01-15 23:42:26,Leffler-Goldner,personal_care,70.42,M,Newark Valley,NY,42.2281,-76.1625,4354,Further education lecturer,1994-02-16,41.531034,-75.472178,0,18407,CUST008951,31,26-40,Gold,7367.5,12234.42,64.6,68.74,11,3,342,45,81,POS,ATM,OTP,Yes,Yes,No,No,23,Tuesday,False,0.02,0,Low Risk
2019-01-04 01:12:48,Kozey-Boehm,shopping_net,54.99,F,River,KY,37.8795,-82.7251,571,Quarry manager,1931-03-07,37.540835,-82.137193,0,41528,CUST003010,94,60+,Gold,17461.0,11289.5,47.11,51.42,1,0,846,74,54,POS,ATM,OTP,Yes,No,No,No,1,Friday,False,0.0,0,Low Risk
2019-01-14 17:42:53,"Konopelski, Schneider and Hartmann",food_dining,5.77,F,Hinesburg,VT,44.3346,-73.098,4542,Claims inspector/assessor,1998-03-19,44.760952,-72.236181,0,5822,CUST004436,27,26-40,Standard,4629.0,2024.27,4.5,5.49,7,0,691,58,6,POS,Online,Biometric,Yes,No,No,No,17,Monday,False,0.0,0,Low Risk
2019-01-13 10:41:24,Price Inc,shopping_net,89.33,M,Cokeburg,PA,40.1008,-80.0652,632,Dealer,1989-04-08,39.956619,-80.4260209999999,0,15337,CUST010446,36,26-40,Standard,5139.0,1499.31,36.06,60.23,1,0,177,92,24,WEB,POS,Biometric,Yes,No,No,No,10,Sunday,True,0.0,0,Low Risk
2019-01-15 08:29:48,Mayert Group,shopping_pos,6.05,M,Lohrville,IA,42.2619,-94.5566,695,Administrator,1954-07-15,42.867098,-94.579033,0,50581,CUST003094,71,60+,Standard,4389.0,1479.13,5.74,6.07,6,1,851,23,98,ATM,Mobile,PIN,Yes,Yes,No,No,8,Tuesday,False,0.0,0,Low Risk
2019-01-10 14:34:20,Medhurst Inc,home,4.6,M,Cord,AR,35.8184,-91.3375,376,"Designer, ceramics/pottery",1938-09-08,35.096043,-90.679843,0,72394,CUST002499,87,60+,Standard,5269.0,2601.08,3.69,4.0,9,4,1225,72,70,WEB,ATM,OTP,Yes,Yes,No,No,14,Thursday,False,0.0,0,Low Risk
2019-01-05 20:52:51,Thiel Ltd,travel,4.1,F,Wilton,ND,47.1709,-100.7944,1190,"Designer, ceramics/pottery",1948-06-30,47.755703,-101.62702,0,58735,CUST006215,77,60+,Gold,15940.0,10498.61,3.68,3.83,2,4,180,98,57,WEB,ATM,PIN,No,Yes,No,No,20,Saturday,True,0.0,0,Low Risk
2019-01-18 14:34:11,Gottlieb Group,kids_pets,137.55,F,San Diego,CA,33.0067,-117.069,1241364,"Pharmacist, hospital",1960-03-01,32.01614,-117.137117,0,45777,CUST007931,65,60+,Platinum,51896.0,31367.06,85.65,88.76,4,3,1205,66,51,MOBILE,POS,OTP,Yes,Yes,No,No,14,Friday,False,0.0,0,Low Risk
2019-01-11 17:18:49,"Schroeder, Hauck and Treutel",entertainment,48.68,M,Sauk Rapids,MN,45.604,-94.1591,16163,Hydrographic surveyor,1987-02-22,45.112369,-94.607673,0,55355,CUST000067,38,26-40,Gold,7367.5,13083.35,40.79,28.85,3,1,360,41,19,MOBILE,ATM,OTP,Yes,No,No,No,17,Friday,False,0.0,0,Low Risk
2019-01-13 16:14:01,Upton PLC,entertainment,37.29,F,Rule,TX,33.0771,-99.959,932,"Physicist, medical",1954-12-10,32.84568,-100.697089,0,45777,CUST004489,71,60+,Standard,7437.0,2927.98,36.06,44.08,2,1,709,7,2,WEB,ATM,Biometric,Yes,No,No,No,16,Sunday,True,0.0,0,Low Risk
2019-01-16 09:08:24,Fisher Inc,shopping_net,792.22,F,Clay Center,OH,41.5686,-83.3632,269,Insurance underwriter,1965-09-15,41.152752,-83.349747,0,44830,CUST010015,60,41-60,Standard,6872.0,2178.98,612.88,774.09,3,0,403,81,29,MOBILE,ATM,PIN,Yes,Yes,No,No,9,Wednesday,False,0.28,0,Low Risk
2019-01-04 01:50:40,Lebsack and Sons,misc_net,7.83,F,Winger,MN,47.5375,-95.9941,516,Applications developer,1966-06-07,47.631646,-95.776886,0,56542,CUST003139,59,41-60,Standard,5837.0,4395.35,7.02,7.11,10,0,665,34,78,MOBILE,ATM,OTP,Yes,No,No,No,1,Friday,False,0.0,0,Low Risk
2019-01-04 20:07:22,Barton LLC,kids_pets,93.21,M,Ballwin,MO,38.577,-90.5255,92608,"Engineer, communications",2001-07-26,37.582973,-91.142185,0,65440,CUST000656,24,18-25,Standard,4054.0,2941.47,61.08,77.47,4,2,222,4,98,MOBILE,Online,OTP,Yes,No,No,Yes,20,Friday,False,0.0,0,Low Risk
2019-01-14 08:22:49,"Turner, Ruecker and Parisian",misc_pos,2.68,M,Allentown,GA,32.6064,-83.2095,112,"Lecturer, higher education",1965-02-03,31.870488,-82.761721,0,31549,CUST007805,60,41-60,Gold,7367.5,7098.25,2.19,2.36,3,3,869,56,96,MOBILE,Online,Biometric,Yes,No,No,No,8,Monday,False,0.0,0,Low Risk
2019-01-06 07:00:56,Kuhic Inc,grocery_pos,80.97,M,Farmington,NY,42.958,-77.3083,10717,Cytogeneticist,1952-10-13,43.570674,-76.782337,0,45777,CUST007010,73,60+,Gold,16390.0,9157.87,53.77,44.16,7,1,621,86,60,MOBILE,POS,Biometric,Yes,Yes,No,No,7,Sunday,True,0.0,0,Low Risk
2019-01-18 10:09:59,VonRueden Group,grocery_net,41.57,M,Quanah,TX,34.2956,-99.7494,3202,"Librarian, public",1998-03-18,33.618706,-100.465183,0,45777,CUST007474,27,26-40,Gold,15818.0,12341.36,25.33,34.01,7,3,1011,4,13,MOBILE,POS,Biometric,Yes,Yes,No,No,10,Friday,False,0.0,0,Low Risk
2019-01-06 21:42:08,"Weimann, Kuhic and Beahan",shopping_pos,391.87,F,Prosperity,SC,34.1832,-81.5324,8333,Archaeologist,1994-07-09,33.640587,-82.2966979999999,0,30802,CUST001782,31,26-40,Standard,6181.0,1373.89,363.23,425.71,9,2,1010,93,72,MOBILE,Online,Biometric,Yes,No,No,No,21,Sunday,True,0.02,0,Low Risk
2019-01-15 00:08:14,McCullough Group,grocery_net,74.78,F,Sebring,FL,27.4703,-81.4872,50835,Environmental consultant,1986-01-30,28.413689,-80.520711,0,32920,CUST000400,39,26-40,Standard,7742.0,3017.56,45.34,38.59,2,4,611,13,56,MOBILE,ATM,PIN,Yes,No,No,No,0,Tuesday,False,0.0,0,Low Risk
2019-01-14 19:34:15,"Klocko, Runolfsdottir and Breitenberg",health_fitness,2.92,M,Fairview,NJ,40.817,-74.0,13835,"Programmer, multimedia",1967-05-28,39.81755,-74.7358699999999,0,8055,CUST007128,58,41-60,Standard,4083.0,3357.45,2.62,2.77,9,1,304,76,56,POS,Online,PIN,Yes,Yes,No,No,19,Monday,False,0.0,0,Low Risk
2019-01-12 01:28:47,Cummerata-Jones,gas_transport,76.29,F,Mansfield,OH,40.7559,-82.5123,92985,Press photographer,1968-05-29,41.073727,-83.172406,0,44883,CUST002087,57,41-60,Standard,6502.0,2816.66,61.51,82.17,10,4,1217,81,21,WEB,ATM,PIN,Yes,Yes,No,No,1,Saturday,True,0.01,0,Low Risk
2019-01-08 08:20:57,"Schoen, Kuphal and Nitzsche",grocery_pos,103.39,M,Elkhart,IA,41.8114,-93.4855,1195,Trading standards officer,1974-03-13,41.474851,-94.022251,0,50069,CUST007991,51,41-60,Standard,4549.0,1983.44,87.94,79.1,6,1,82,22,78,ATM,POS,PIN,Yes,Yes,No,No,8,Tuesday,False,0.0,0,Low Risk
2019-01-15 03:27:12,Stoltenberg-Beatty,shopping_pos,59.74,F,Cromona,KY,37.1788,-82.695,502,Chief Financial Officer,1960-02-01,36.83868,-83.027015,0,40927,CUST008686,65,60+,Standard,4925.0,1842.8,36.16,63.58,5,3,1421,53,95,ATM,POS,PIN,No,Yes,No,No,3,Tuesday,False,0.0,0,Low Risk
2019-01-06 12:29:24,Lind-Buckridge,entertainment,1.66,M,Big Indian,NY,42.074,-74.453,397,Psychiatrist,1931-09-12,42.60223,-74.340716,0,12122,CUST006089,94,60+,Standard,4499.0,2436.24,1.2,1.86,5,0,265,95,92,WEB,Mobile,PIN,Yes,Yes,No,No,12,Sunday,True,0.0,0,Low Risk
2019-01-17 20:43:01,Wilkinson Ltd,entertainment,4.42,M,Shrewsbury,MA,42.2848,-71.7205,35299,English as a second language teacher,1975-04-30,41.339546,-70.852628,0,2535,CUST003278,50,41-60,Gold,7367.5,12811.17,3.13,37.755,4,2,1063,39,57,MOBILE,Online,Biometric,Yes,Yes,No,Yes,20,Thursday,False,0.0,0,Low Risk
2019-01-16 16:45:22,Rippin-VonRueden,health_fitness,61.19,F,Loxahatchee,FL,26.7383,-80.276,26551,Paramedic,1977-01-04,26.286154,-80.0987229999999,0,33064,CUST005907,48,41-60,Gold,17354.0,14299.31,46.22,72.56,4,0,522,15,65,WEB,Mobile,OTP,Yes,Yes,No,Yes,16,Wednesday,False,0.0,0,Low Risk
2019-01-11 06:22:32,Koepp-Witting,grocery_pos,178.19,F,Amanda,OH,39.6251,-82.7552,4512,Farm manager,1992-10-03,38.79064,-82.345075,0,45658,CUST004999,33,26-40,Gold,15624.0,4075.34,155.5,122.23,11,2,36,1,87,WEB,Mobile,Biometric,Yes,Yes,No,Yes,6,Friday,False,0.01,0,Low Risk
2019-01-14 03:05:21,Halvorson Group,misc_pos,17.85,F,Grand Ridge,FL,30.7148,-85.021,3699,Art gallery manager,1948-09-07,31.463035,-84.112015,0,31705,CUST007026,77,60+,Standard,5451.0,2745.13,11.84,11.62,3,4,1394,86,79,POS,ATM,Biometric,Yes,No,No,No,3,Monday,False,0.01,0,Low Risk
2019-01-10 13:29:03,Schmeler-Howe,personal_care,25.59,F,Houston,TX,29.7736,-95.4034,2906700,"Copywriter, advertising",1984-12-16,29.428195,-95.242544,0,77511,CUST005885,41,41-60,Standard,7480.0,5236.05,23.74,15.09,7,1,1177,9,99,POS,ATM,Biometric,Yes,Yes,No,No,13,Thursday,False,0.0,0,Low Risk
2019-01-11 13:35:27,Botsford and Sons,home,51.87,M,Allentown,GA,32.6064,-83.2095,112,"Lecturer, higher education",1965-02-03,32.665437,-83.316489,0,31044,CUST002789,60,41-60,Standard,7096.0,3186.23,39.36,47.67,9,0,554,32,42,MOBILE,Mobile,OTP,Yes,Yes,No,No,13,Friday,False,0.0,0,Low Risk
2019-01-08 21:13:28,Fritsch LLC,travel,3.98,M,Lubbock,TX,33.5466,-101.8871,254282,"Doctor, general practice",1952-01-29,33.302002,-100.989902,0,45777,CUST001141,73,60+,Standard,6592.0,4699.45,2.71,3.17,11,4,794,86,85,MOBILE,Mobile,PIN,Yes,Yes,No,No,21,Tuesday,False,0.0,0,Low Risk
2019-01-09 12:00:22,"McCullough, Hudson and Schuster",food_dining,44.12,F,Stephensport,KY,37.9048,-86.524,344,Chartered public finance accountant,1967-03-30,38.645333,-85.532477,0,47138,CUST008728,58,41-60,Standard,4445.0,2189.39,35.95,44.04,5,0,96,46,60,MOBILE,Online,PIN,Yes,Yes,No,Yes,12,Wednesday,False,0.0,0,Low Risk
2019-01-05 21:14:05,Pouros-Conroy,shopping_pos,1.32,M,Mc Veytown,PA,40.5046,-77.7186,4653,Nutritional therapist,1997-07-01,40.974197,-78.131685,0,16879,CUST008006,28,26-40,Gold,14468.0,7302.86,0.91,1.3,4,0,779,53,4,POS,POS,OTP,Yes,Yes,No,No,21,Saturday,True,0.0,0,Low Risk
2019-01-18 15:50:28,"Kling, Howe and Schneider",home,131.01,M,Parsonsfield,ME,43.745,-70.9092,1892,Audiological scientist,1956-03-02,42.906856,-70.61126,0,45777,CUST005438,69,60+,Gold,17913.0,9025.79,122.55,145.9,2,1,736,84,91,ATM,Mobile,OTP,Yes,Yes,No,No,15,Friday,False,0.01,0,Low Risk
2019-01-10 16:11:43,"Witting, Beer and Ernser",home,48.42,F,Brunson,SC,32.9413,-81.1807,1725,Social researcher,1974-12-05,32.034862,-81.54508,0,31308,CUST010326,51,41-60,Gold,16383.0,14195.98,33.37,28.34,1,3,1259,41,11,POS,Mobile,Biometric,Yes,No,Yes,No,16,Thursday,False,0.0,0,Low Risk
2019-01-01 04:32:24,Dibbert and Sons,entertainment,16.71,M,Mooresville,NC,35.584,-80.8685,69793,Control and instrumentation engineer,1953-12-08,35.262871,-80.2157699999999,0,28128,CUST003441,72,60+,Standard,7913.0,1673.38,13.69,12.81,2,4,584,17,75,MOBILE,Online,PIN,Yes,Yes,No,No,4,Tuesday,False,0.0,0,Low Risk
2019-01-10 07:13:15,McGlynn-Heathcote,misc_net,6.95,F,Gibsonville,NC,36.1183,-79.5685,12486,Arboriculturist,1934-02-09,35.287962,-78.834293,0,28323,CUST006538,91,60+,Standard,7117.0,6377.09,4.98,5.47,6,3,653,44,48,WEB,POS,OTP,Yes,Yes,No,Yes,7,Thursday,False,0.0,0,Low Risk
2019-01-09 03:00:35,Spinka-Welch,grocery_net,101.71,F,Albuquerque,NM,35.1506,-106.569,641349,Civil Service administrator,1976-04-11,34.174218,-106.228497,0,45777,CUST009923,49,41-60,Standard,6038.0,5254.31,95.3,95.16,5,1,1246,57,46,ATM,ATM,OTP,Yes,No,No,No,3,Wednesday,False,0.0,0,Low Risk
2019-01-01 00:55:05,Cummings LLC,gas_transport,57.23,M,Thida,AR,35.5762,-91.4539,111,Careers information officer,2000-06-13,36.144895,-92.188172,0,72519,CUST010123,25,18-25,Standard,7869.0,6092.1,41.03,29.3,1,4,1064,60,40,ATM,Mobile,OTP,Yes,No,No,No,0,Tuesday,False,0.0,0,Low Risk
2019-01-08 23:38:07,Crona and Sons,kids_pets,91.4,F,Sturgis,MS,33.357,-89.0473,1923,Medical physicist,1960-01-16,32.783015,-88.624416,0,39328,CUST001095,65,60+,Platinum,7367.5,15333.21,72.92,101.88,4,0,1020,64,95,MOBILE,POS,PIN,Yes,Yes,Yes,No,23,Tuesday,False,0.0,0,Low Risk
2019-01-17 23:39:47,Stamm-Witting,shopping_net,177.62,M,Muskegon,MI,43.2326,-86.2492,128715,Historic buildings inspector/conservation officer,1995-05-25,43.746081,-85.359654,0,49342,CUST007169,30,26-40,Standard,4494.0,4482.125,166.58,106.85,2,3,810,83,48,POS,Mobile,OTP,Yes,Yes,No,No,23,Thursday,False,0.0,0,Low Risk
2019-01-11 04:41:24,Murray Ltd,grocery_net,96.6,F,Amanda,OH,39.6251,-82.7552,4512,Farm manager,1992-10-03,40.363016,-82.980263,0,43003,CUST001300,33,26-40,Standard,4484.0,3941.01,58.11,96.88,5,0,921,16,75,ATM,Online,OTP,Yes,No,No,No,4,Friday,False,0.0,0,Low Risk
2019-01-10 21:38:56,Crona and Sons,kids_pets,24.52,F,Bradley,SC,34.0326,-82.2027,1523,Research scientist (physical sciences),1984-06-03,34.045918,-82.723549,0,29628,CUST007277,41,41-60,Standard,7365.0,3383.48,23.24,27.97,6,1,967,41,6,ATM,ATM,OTP,Yes,Yes,No,No,21,Thursday,False,0.0,0,Low Risk
2019-01-02 21:19:01,"McCullough, Hudson and Schuster",food_dining,8.39,M,Heiskell,TN,36.115,-84.0438,4729,"Geologist, wellsite",1982-04-19,36.813789,-84.175326,0,40759,CUST005749,43,41-60,Standard,5815.0,1869.06,7.48,4.51,2,2,657,13,2,MOBILE,Online,OTP,No,Yes,No,No,21,Wednesday,False,0.0,0,Low Risk
2019-01-13 15:25:51,Bode-Schuster,kids_pets,51.77,M,Elkhart,IA,41.8114,-93.4855,1195,Trading standards officer,1974-03-13,42.131668,-92.521318,0,50675,CUST008497,51,41-60,Standard,4097.0,1766.7,48.01,41.37,3,0,919,66,52,WEB,ATM,PIN,Yes,No,No,No,15,Sunday,True,0.0,0,Low Risk
2019-01-11 18:23:38,"Turner, Ziemann and Lehner",food_dining,156.81,F,Wilmington,NC,34.2651,-77.867,186140,English as a second language teacher,1983-02-08,35.112871,-78.386558,0,28328,CUST005839,42,41-60,Standard,5086.0,2278.17,121.41,119.62,10,2,974,43,85,ATM,POS,PIN,Yes,Yes,No,No,18,Friday,False,0.0,0,Low Risk
2019-01-19 01:57:56,Cole PLC,grocery_pos,137.76,M,Dresden,KS,39.6094,-100.4112,169,"Librarian, public",1953-07-30,39.323299,-99.412805,0,67663,CUST002428,72,60+,Standard,6043.0,4482.125,105.64,100.1,8,0,1299,43,94,WEB,ATM,OTP,Yes,Yes,No,Yes,1,Saturday,True,0.0,0,Low Risk
2019-01-10 18:49:07,Lynch Ltd,shopping_pos,144.03,F,Baton Rouge,LA,30.4066,-91.1468,378909,"Designer, furniture",1977-02-22,30.762854,-91.919918,0,71358,CUST006595,48,41-60,Standard,4530.0,2016.77,114.04,121.19,6,3,979,93,8,WEB,Online,OTP,Yes,Yes,No,No,18,Thursday,False,0.0,0,Low Risk
2019-01-08 23:05:32,"Effertz, Welch and Schowalter",entertainment,388.02,M,De Queen,AR,34.0442,-94.3386,11253,"Scientist, biomedical",1957-04-25,33.89745,-95.330061,1,74756,CUST006360,68,60+,Standard,5145.0,4183.92,368.3,401.14,7,2,816,51,89,ATM,POS,Biometric,Yes,Yes,No,No,23,Tuesday,False,0.7,1,High Risk
2019-01-02 23:25:06,Pacocha-Bauch,shopping_pos,85.12,F,Sebring,FL,27.4703,-81.4872,50835,Environmental consultant,1986-01-30,26.733457,-82.102841,0,33993,CUST009534,39,26-40,Standard,7192.0,5025.6,56.34,64.96,5,2,55,49,48,WEB,ATM,Biometric,No,No,No,No,23,Wednesday,False,0.0,0,Low Risk
2019-01-01 17:30:30,Gulgowski LLC,home,81.25,M,Mount Saint Joseph,OH,39.0965,-84.6431,177,Exhibition designer,1974-05-30,39.051227,-84.596666,0,41017,CUST006646,51,41-60,Standard,4241.0,1689.32,77.0,40.73,11,4,1159,86,6,MOBILE,POS,PIN,Yes,No,No,No,17,Tuesday,False,0.0,0,Low Risk
2019-01-14 19:57:59,Swift PLC,kids_pets,19.51,F,Clayton,OK,34.5906,-95.38,1760,Occupational psychologist,1972-01-20,34.350904,-94.871805,0,74724,CUST001341,53,41-60,Gold,16196.0,11242.89,13.42,20.45,7,1,389,98,62,MOBILE,Online,OTP,Yes,No,No,No,19,Monday,False,0.0,0,Low Risk
2019-01-17 00:40:59,Kemmer-Buckridge,misc_pos,93.31,F,Sebring,FL,27.4703,-81.4872,50835,Environmental consultant,1986-01-30,28.25415,-81.809901,0,33868,CUST001766,39,26-40,Standard,7721.0,6021.42,76.95,82.62,4,2,955,80,28,POS,ATM,PIN,Yes,Yes,No,No,0,Thursday,False,0.0,0,Low Risk
2019-01-16 08:35:04,Keeling-Crist,misc_pos,83.28,F,New Waverly,TX,30.5354,-95.4532,4993,"Scientist, biomedical",1948-11-30,30.240305,-95.103523,0,77372,CUST006611,77,60+,Standard,7609.0,1934.35,77.77,84.23,3,1,582,43,51,MOBILE,ATM,PIN,Yes,Yes,No,No,8,Wednesday,False,0.0,0,Low Risk
2019-01-12 13:16:01,Kulas Group,health_fitness,33.27,M,Wichita,KS,37.6395,-97.1714,409656,Heritage manager,1985-12-27,38.093186,-97.82188,0,67522,CUST001227,40,26-40,Standard,6130.0,2342.33,28.46,24.72,7,2,116,48,35,MOBILE,Online,PIN,Yes,No,No,No,13,Saturday,True,0.0,0,Low Risk
2019-01-06 12:50:44,Hills-Boyer,personal_care,12.42,F,Liberty Mills,IN,41.0356,-85.7358,136,Soil scientist,1953-03-19,41.028872,-84.831342,0,46773,CUST000370,72,60+,Standard,5638.0,4631.75,7.66,14.22,5,0,270,45,41,MOBILE,ATM,PIN,Yes,Yes,No,No,12,Sunday,True,0.0,0,Low Risk
2019-01-08 03:02:34,Bailey-Morar,grocery_pos,52.85,M,Lawrence,MA,42.6911,-71.1605,76383,Geoscientist,1985-04-04,41.7911,-71.841131,0,6239,CUST005352,40,26-40,Standard,4924.0,1504.31,31.75,33.74,6,0,1256,98,2,MOBILE,Online,OTP,Yes,Yes,No,No,3,Tuesday,False,0.0,0,Low Risk
2019-01-16 04:40:30,"Swaniawski, Bahringer and Ledner",grocery_net,50.44,F,Meredith,CO,39.3199,-106.6596,61,Public relations account executive,1939-11-04,40.044962,-106.832351,0,80463,CUST009504,86,60+,Gold,16031.0,4482.125,32.11,51.98,8,2,1325,28,21,POS,POS,PIN,Yes,No,No,No,4,Wednesday,False,0.0,0,Low Risk
2019-01-07 07:56:36,Berge LLC,gas_transport,66.95,M,Reno,NV,39.5483,-119.7957,276896,Immunologist,1997-03-12,40.446751,-120.205713,0,96117,CUST007354,28,26-40,Standard,6691.0,5528.66,40.91,48.72,2,4,201,97,2,ATM,ATM,Biometric,Yes,Yes,No,No,7,Monday,False,0.0,0,Low Risk
2019-01-11 22:01:27,"Towne, Greenholt and Koepp",shopping_net,5.92,F,Thomas,WV,39.1505,-79.503,836,Forensic psychologist,1981-08-29,38.346955,-80.395012,0,26266,CUST008756,44,41-60,Platinum,52711.0,15279.01,5.51,7.08,2,3,890,50,51,POS,POS,PIN,No,Yes,No,No,22,Friday,False,0.0,0,Low Risk
2019-01-15 00:44:36,"Raynor, Feest and Miller",gas_transport,38.02,M,Mallie,KY,37.2692,-82.9161,798,Facilities manager,1926-06-26,37.514839,-82.433623,0,41557,CUST009377,99,60+,Platinum,49408.0,42561.11,31.04,33.64,9,4,1059,73,84,MOBILE,Mobile,Biometric,No,No,No,No,0,Tuesday,False,0.0,0,Low Risk
2019-01-07 14:41:12,"Schneider, Hayes and Nikolaus",food_dining,39.78,M,Zavalla,TX,31.1569,-94.3871,2836,"Designer, jewellery",1985-12-03,32.015176,-94.390849,0,75643,CUST009268,40,26-40,Standard,6426.0,5537.97,35.04,24.23,4,2,124,87,21,ATM,Mobile,OTP,Yes,No,No,No,14,Monday,False,0.0,0,Low Risk
2019-01-01 04:34:51,"Lind, Huel and McClure",gas_transport,63.89,M,San Antonio,TX,29.5894,-98.5201,1595797,Exhibition designer,1975-12-28,28.740953,-99.391846,0,45777,CUST007118,50,41-60,Standard,6669.0,1876.49,52.59,43.54,10,2,351,69,81,ATM,ATM,Biometric,Yes,Yes,No,No,4,Tuesday,False,0.0,0,Low Risk
2019-01-15 14:00:05,Spencer-Runolfsson,misc_pos,19.59,F,Orient,WA,48.8878,-118.2105,149,Special educational needs teacher,1978-06-21,49.317853,-118.301112,0,45777,CUST006202,47,41-60,Gold,15692.0,4421.6,15.86,20.89,8,4,1232,87,79,POS,ATM,OTP,Yes,Yes,Yes,No,14,Tuesday,False,0.0,0,Low Risk
2019-01-10 21:03:15,"O'Connell, Botsford and Hand",home,63.73,M,Southfield,MI,42.4969,-83.2911,75830,"Engineer, automotive",1974-12-28,42.181773,-82.942,0,45777,CUST002535,51,41-60,Standard,6555.0,4124.94,49.68,59.59,7,1,1231,69,16,WEB,Online,OTP,Yes,Yes,No,No,21,Thursday,False,0.0,0,Low Risk
2019-01-14 19:37:25,Crona and Sons,kids_pets,1.38,F,Browning,MO,40.029,-93.1607,602,Cytogeneticist,1954-07-14,39.193946,-92.937544,0,65330,CUST002247,71,60+,Standard,6447.0,3685.73,0.88,1.48,1,3,29,73,41,ATM,POS,OTP,Yes,No,No,No,19,Monday,False,0.0,0,Low Risk
2019-01-01 22:43:53,Stamm-Witting,shopping_net,6.99,F,Utica,MO,39.7417,-93.6289,271,Land/geomatics surveyor,1972-04-18,38.973135,-93.829432,0,64071,CUST000348,53,41-60,Standard,5475.0,4624.64,5.51,7.86,3,1,302,15,43,ATM,POS,OTP,Yes,Yes,No,No,22,Tuesday,False,0.0,0,Low Risk
2019-01-16 12:48:14,Berge-Ullrich,home,8.21,M,Fairview,NJ,40.817,-74.0,13835,"Programmer, multimedia",1967-05-28,40.587163,-73.886096,0,11234,CUST010335,58,41-60,Standard,5958.0,4450.04,6.65,7.96,4,0,1374,19,5,POS,POS,PIN,Yes,Yes,No,No,12,Wednesday,False,0.0,0,Low Risk
2019-01-16 17:31:41,Daugherty-Thompson,food_dining,68.04,F,May,TX,31.9571,-98.9656,1791,Corporate investment banker,1965-07-26,31.437502,-99.838782,0,76862,CUST000312,60,41-60,Standard,7144.0,6098.02,60.37,79.39,7,0,1419,68,45,ATM,Online,PIN,Yes,Yes,No,No,17,Wednesday,False,0.0,0,Low Risk
2019-01-05 05:51:00,"Mosciski, Gislason and Mertz",grocery_pos,93.48,M,Indian Wells,CA,33.7163,-116.3381,4677,Learning mentor,1955-05-06,33.142058,-117.068501,0,92027,CUST009876,70,60+,Standard,4547.0,1609.26,88.41,90.11,4,2,951,15,23,MOBILE,POS,PIN,No,Yes,No,No,5,Saturday,True,0.0,0,Low Risk
2019-01-14 18:09:05,Schimmel-Olson,kids_pets,22.16,M,Bowdoin,ME,44.0575,-69.9656,3224,"Engineer, electronics",1997-08-22,43.634601,-69.347439,0,45777,CUST003970,28,26-40,Standard,7367.5,6246.63,16.74,14.62,1,4,249,57,55,ATM,ATM,PIN,Yes,Yes,No,No,18,Monday,False,0.01,0,Low Risk
2019-01-10 18:05:06,"Windler, Goodwin and Kovacek",home,37.28,M,Arnold,MO,38.4305,-90.387,35439,Land/geomatics surveyor,1985-03-31,38.192881,-90.711323,0,63030,CUST010361,40,26-40,Standard,6726.0,4482.125,32.82,33.7,2,2,1439,60,68,WEB,Online,OTP,Yes,Yes,No,No,18,Thursday,False,0.01,0,Low Risk
2019-01-01 14:47:58,Emmerich-Rau,personal_care,13.5,F,Miamisburg,OH,39.6321,-84.2675,36784,"Investment banker, corporate",1941-07-31,40.597816,-84.290584,0,45819,CUST006210,84,60+,Gold,14272.0,10835.1,12.28,15.53,7,2,1136,67,67,ATM,POS,OTP,Yes,Yes,No,Yes,14,Tuesday,False,0.0,0,Low Risk
2019-01-13 19:48:38,Weber and Sons,food_dining,29.43,F,Ronceverte,WV,37.7418,-80.4626,4575,Statistician,1991-10-22,37.521396,-81.177885,0,25820,CUST004709,34,26-40,Standard,6966.0,6149.09,26.91,17.9,9,0,790,72,88,WEB,ATM,OTP,Yes,Yes,No,No,19,Sunday,True,0.0,0,Low Risk
2019-01-13 21:59:28,Fahey Inc,kids_pets,61.93,F,Burlington,WA,48.4786,-122.3345,14871,Public house manager,1974-03-10,48.761999,-122.334005,0,98226,CUST006195,51,41-60,Standard,6277.0,5117.15,44.48,44.91,7,3,109,50,12,ATM,ATM,OTP,Yes,Yes,No,No,21,Sunday,True,0.0,0,Low Risk
2019-01-15 18:14:49,Kihn-Fritsch,food_dining,25.56,F,Noonan,ND,48.8856,-103.0098,248,Industrial/product designer,1968-05-13,49.130059,-102.842541,0,45777,CUST003399,57,41-60,Standard,7703.0,3656.76,18.42,18.4,5,2,1046,36,13,POS,Online,Biometric,Yes,No,No,No,18,Tuesday,False,0.01,0,Low Risk
2019-01-17 11:25:38,Nader-Heller,misc_net,7.54,M,Ashfield,MA,42.5232,-72.811,1506,"Production assistant, radio",1960-04-03,42.023315,-71.982736,0,6262,CUST002757,65,60+,Gold,15988.0,13049.37,6.92,4.15,6,4,1313,86,51,WEB,Online,Biometric,Yes,Yes,No,No,11,Thursday,False,0.0,0,Low Risk
2019-01-06 09:11:48,Dach-Borer,grocery_net,55.49,M,Cedar,MI,44.8605,-85.8138,3096,"Social research officer, government",1975-10-11,44.694405,-85.785263,0,49650,CUST008213,50,41-60,Platinum,52532.0,33259.67,49.3,37.755,8,0,675,37,25,WEB,POS,PIN,Yes,Yes,No,Yes,9,Sunday,True,0.0,0,Low Risk
2019-01-09 20:33:56,Skiles LLC,home,53.03,M,Arnold,MO,38.4305,-90.387,35439,Land/geomatics surveyor,1985-03-31,38.045601,-90.974799,0,45777,CUST001711,40,26-40,Standard,6615.0,4870.69,47.21,62.07,2,3,1314,17,44,ATM,Mobile,Biometric,Yes,Yes,No,No,20,Wednesday,False,0.0,0,Low Risk
2019-01-07 22:48:10,"Medhurst, Cartwright and Ebert",personal_care,1.99,M,Tallmansville,WV,38.8564,-80.158,571,Accounting technician,1967-09-16,39.713709,-80.560878,0,26581,CUST002035,58,41-60,Standard,6005.0,3341.47,1.82,1.99,2,1,542,51,26,WEB,POS,PIN,Yes,Yes,No,Yes,22,Monday,False,0.0,0,Low Risk
2019-01-01 16:20:18,Mohr Inc,shopping_pos,6.12,F,Brandon,VT,43.8065,-73.0882,5895,"Scientist, marine",1975-07-13,44.277874,-72.6267209999999,0,5602,CUST003206,50,41-60,Standard,4629.0,1390.71,3.89,3.24,4,4,1110,18,86,WEB,Online,Biometric,Yes,Yes,No,No,16,Tuesday,False,0.0,0,Low Risk
2019-01-11 21:52:13,"Schneider, Hayes and Nikolaus",food_dining,5.42,F,Basye,VA,38.8089,-78.7776,863,"Engineer, mining",1972-08-09,39.416404,-78.555521,0,25437,CUST009768,53,41-60,Standard,4748.0,2209.97,5.1,4.83,10,2,1153,40,27,WEB,Mobile,OTP,Yes,Yes,No,No,21,Friday,False,0.0,0,Low Risk
2019-01-10 12:10:28,Gottlieb Group,kids_pets,97.19,M,Big Indian,NY,42.074,-74.453,397,Psychiatrist,1931-09-12,42.355897,-74.012734,0,12176,CUST007293,94,60+,Standard,5417.0,4475.18,36.06,98.15,1,3,324,98,53,MOBILE,Mobile,Biometric,No,Yes,No,No,12,Thursday,False,0.0,0,Low Risk
2019-01-15 15:55:12,"Labadie, Treutel and Bode",shopping_net,8.34,F,North Wilkesboro,NC,36.2017,-81.1286,21134,Dispensing optician,1984-03-06,36.389646,-80.680429,0,27017,CUST003551,41,41-60,Standard,5668.0,1185.13,6.21,6.17,8,0,1207,49,32,MOBILE,POS,Biometric,Yes,No,No,No,15,Tuesday,False,0.0,0,Low Risk
2019-01-07 00:57:23,"Gottlieb, Considine and Schultz",shopping_net,90.97,M,Clune,PA,40.5503,-79.3237,168,Race relations officer,1978-10-04,41.046876,-78.969359,0,15711,CUST003504,47,41-60,Standard,4733.0,3848.48,68.39,70.29,2,3,1056,77,8,MOBILE,Mobile,Biometric,Yes,No,No,No,0,Monday,False,0.01,0,Low Risk
2019-01-14 14:36:39,Hamill-D'Amore,health_fitness,51.93,M,Moriarty,NM,34.9889,-106.0609,7268,"Therapist, art",1988-08-04,35.478116,-106.7828,0,87053,CUST001700,37,26-40,Gold,14005.0,6391.46,31.72,29.35,5,0,1246,66,49,POS,Online,OTP,No,Yes,No,No,14,Monday,False,0.0,0,Low Risk
2019-01-08 23:33:42,Monahan-Morar,personal_care,38.33,M,Carlisle,IN,38.9763,-87.3667,4081,Energy engineer,1938-03-15,39.850455,-87.904798,0,61810,CUST009099,87,60+,Standard,7299.0,3156.21,28.27,26.52,7,0,584,27,97,ATM,Online,Biometric,No,Yes,No,No,23,Tuesday,False,0.0,0,Low Risk
2019-01-12 16:14:34,Osinski Inc,personal_care,6.8,F,Armagh,PA,40.4603,-79.0097,922,Early years teacher,1972-10-04,40.967914,-79.752843,0,16025,CUST008549,53,41-60,Standard,7712.0,5875.36,4.24,5.71,6,3,210,36,75,WEB,ATM,OTP,Yes,Yes,No,Yes,16,Saturday,True,0.01,0,Low Risk
2019-01-07 04:23:58,Miller-Harris,misc_net,31.65,F,Shields,ND,46.1838,-101.2589,77,Film/video editor,1989-12-17,45.977938,-101.052115,0,57659,CUST006412,36,26-40,Gold,16452.0,9278.26,21.53,17.49,6,0,398,58,84,MOBILE,Mobile,PIN,Yes,Yes,No,No,4,Monday,False,0.0,0,Low Risk
2019-01-07 22:46:28,Kessler Group,travel,448.28,M,Summerfield,TX,34.7437,-102.5064,53,Fisheries officer,1992-06-19,33.944587,-102.453152,0,79312,CUST006051,33,26-40,Standard,5360.0,2508.68,382.7,353.91,9,0,1256,15,61,POS,POS,PIN,Yes,Yes,No,No,22,Monday,False,0.1,0,Low Risk
2019-01-04 10:10:52,McGlynn-Jaskolski,misc_pos,1.89,F,Eureka,IL,40.7152,-89.2706,6713,Archivist,1945-08-19,41.544233,-89.27169,0,61330,CUST005483,80,60+,Standard,6538.0,1413.29,1.2,2.14,5,1,787,20,75,WEB,POS,PIN,No,No,No,No,10,Friday,False,0.0,0,Low Risk
2019-01-10 00:32:29,Barton Inc,grocery_pos,111.24,F,West Henrietta,NY,43.0397,-77.6871,10256,"Teacher, primary school",1968-06-24,43.368751,-78.017259,0,14476,CUST002917,57,41-60,Platinum,51990.0,34336.34,73.41,77.34,8,0,614,8,36,MOBILE,Mobile,Biometric,Yes,Yes,No,Yes,0,Thursday,False,0.01,0,Low Risk
2019-01-17 14:21:40,Abbott-Steuber,personal_care,49.37,F,Hurley,SD,43.2893,-97.1904,811,Neurosurgeon,1972-03-28,43.526028,-96.555777,0,57056,CUST010825,53,41-60,Standard,7367.5,2303.63,31.95,40.16,6,2,771,75,89,WEB,POS,Biometric,Yes,Yes,No,No,14,Thursday,False,0.0,0,Low Risk
2019-01-08 02:57:03,"Ferry, Lynch and Kautzer",misc_net,100.82,M,Acworth,NH,43.196,-72.3001,477,Naval architect,1988-04-15,42.491659,-73.20215,0,1224,CUST006126,37,26-40,Standard,4027.0,3108.85,83.14,99.93,8,3,923,68,51,POS,POS,Biometric,Yes,Yes,No,No,2,Tuesday,False,0.0,0,Low Risk
2019-01-13 19:12:04,Kuhn LLC,misc_net,1.76,F,Brunson,SC,32.9413,-81.1807,1725,Social researcher,1974-12-05,33.32526,-80.6638349999999,0,29018,CUST008661,51,41-60,Standard,7367.5,3293.76,1.34,1.92,4,0,1120,18,67,WEB,ATM,Biometric,Yes,No,No,No,19,Sunday,True,0.0,0,Low Risk
2019-01-01 11:15:28,Kunze Inc,grocery_pos,46.08,M,Lima,OH,40.7641,-84.0973,86954,"Copywriter, advertising",1992-07-23,40.12046,-84.220024,0,45356,CUST002780,33,26-40,Standard,5505.0,2200.86,32.12,24.37,4,3,403,16,44,POS,Online,OTP,No,Yes,No,No,11,Tuesday,False,0.0,0,Low Risk
2019-01-07 18:22:06,Gutmann-Upton,misc_pos,2.5,F,Hannawa Falls,NY,44.6087,-74.9732,69,Chief Executive Officer,1991-06-05,44.703197,-75.790762,0,45777,CUST008364,34,26-40,Standard,6998.0,4742.75,1.8,2.28,11,0,953,67,14,MOBILE,ATM,PIN,Yes,No,No,Yes,18,Monday,False,0.0,0,Low Risk
2019-01-14 21:09:01,"Hills, Hegmann and Schaefer",health_fitness,6.79,M,Montgomery,AL,32.3374,-86.2715,214703,"Chemist, analytical",1994-10-07,33.073541,-86.185152,0,35072,CUST001003,31,26-40,Standard,4356.0,1670.58,4.64,4.87,3,3,1191,56,44,POS,Mobile,PIN,Yes,Yes,No,Yes,21,Monday,False,0.0,0,Low Risk
2019-01-07 13:47:25,Friesen Inc,shopping_pos,138.33,M,Palermo,ND,48.3396,-102.24,229,Administrator,1983-03-20,48.393642,-102.994958,0,58852,CUST001158,42,41-60,Platinum,52302.0,27938.37,111.37,137.44,10,2,87,1,28,WEB,ATM,Biometric,Yes,Yes,No,No,13,Monday,False,0.0,0,Low Risk
2019-01-04 20:40:07,Block Group,misc_pos,446.91,M,Heidelberg,MS,31.882,-88.9981,4573,"Exhibitions officer, museum/gallery",1988-02-15,31.719802,-89.222688,0,39480,CUST005671,37,26-40,Standard,6319.0,2992.14,290.96,530.68,7,1,630,62,55,MOBILE,ATM,PIN,Yes,Yes,No,No,20,Friday,False,0.07,0,Low Risk
2019-01-05 16:26:48,"Watsica, Haag and Considine",shopping_pos,6.81,M,Kensington,MD,39.0298,-77.0793,19054,Operations geologist,1976-09-08,38.158914,-77.299121,0,22538,CUST004991,49,41-60,Standard,7075.0,3279.95,6.27,3.42,9,3,939,22,41,MOBILE,Online,Biometric,Yes,No,No,No,16,Saturday,True,0.0,0,Low Risk
2019-01-14 03:19:30,Spinka-Welch,grocery_net,53.31,F,Milford,OH,39.1657,-84.2329999999999,31394,Hospital doctor,1996-11-12,39.837595,-83.53182,0,43140,CUST005518,29,26-40,Standard,7716.0,4770.71,32.3,50.87,11,1,853,43,65,ATM,Mobile,PIN,Yes,No,No,No,3,Monday,False,0.0,0,Low Risk
2019-01-03 08:05:45,Bradtke PLC,grocery_pos,79.82,M,Leo,IN,41.2249,-85.0301,5341,Biomedical engineer,1994-11-24,41.385587,-84.361023,0,43512,CUST000682,31,26-40,Standard,5219.0,2591.63,36.06,71.8,9,1,408,79,44,WEB,POS,Biometric,No,Yes,No,No,8,Thursday,False,0.0,0,Low Risk
2019-01-15 17:35:16,Morissette LLC,entertainment,51.47,M,Warren,MI,42.5164,-82.9832,134056,"Doctor, hospital",1980-05-18,42.334823,-82.347168,0,45777,CUST008634,45,41-60,Standard,7198.0,3287.51,37.48,51.85,9,2,554,100,46,POS,ATM,OTP,Yes,Yes,No,No,17,Tuesday,False,0.0,0,Low Risk
2019-01-07 19:17:59,Hermann and Sons,shopping_pos,5.51,F,Bigelow,MN,43.5336,-95.6515,399,Economist,1977-04-28,44.19204,-96.261707,0,56149,CUST006796,48,41-60,Gold,16109.0,5126.4,5.06,6.01,9,4,1383,76,16,WEB,Online,PIN,Yes,Yes,No,Yes,19,Monday,False,0.0,0,Low Risk
2019-01-01 12:59:20,"Crist, Jakubowski and Littel",home,74.22,F,Independence,MO,39.1412,-94.3515,123373,"Engineer, production",1992-11-27,38.442726,-94.42199,0,64725,CUST008760,33,26-40,Gold,14862.0,12104.96,57.1,63.28,3,2,1210,62,3,ATM,POS,Biometric,Yes,Yes,No,No,12,Tuesday,False,0.0,0,Low Risk
2019-01-02 17:41:07,Kub PLC,personal_care,15.29,F,Creola,OH,39.3543,-82.5029999999999,321,"Copywriter, advertising",1979-06-24,38.412647,-82.818467,0,41121,CUST003279,46,41-60,Gold,15746.0,13310.33,13.52,9.43,3,1,232,2,35,MOBILE,Mobile,OTP,Yes,Yes,No,No,17,Wednesday,False,0.0,0,Low Risk
2019-01-08 07:53:32,Bins-Rice,gas_transport,76.15,M,Harrington Park,NJ,40.9918,-73.98,4664,"Radiographer, diagnostic",1965-06-30,40.543502,-74.804637,0,8887,CUST008795,60,41-60,Standard,7827.0,3070.35,61.82,46.67,9,4,1077,88,51,MOBILE,ATM,OTP,Yes,Yes,No,No,7,Tuesday,False,0.0,0,Low Risk
2019-01-09 23:26:18,Gleason-Macejkovic,shopping_net,10.0,F,Thrall,TX,30.592,-97.2893,1766,Press sub,1976-01-02,30.784571,-98.213971,0,78611,CUST006684,49,41-60,Gold,17986.0,6304.18,8.29,37.755,10,4,1167,83,12,POS,ATM,OTP,Yes,Yes,No,No,23,Wednesday,False,0.01,0,Low Risk
2019-01-09 19:18:16,Yost-Rogahn,personal_care,25.77,F,Bethel,OH,38.9424,-84.092,12349,Field trials officer,1985-07-08,38.575906,-83.648217,0,41189,CUST001967,40,26-40,Standard,4825.0,2599.64,23.81,29.7,10,4,43,62,9,MOBILE,ATM,PIN,Yes,Yes,Yes,No,19,Wednesday,False,0.0,0,Low Risk
2019-01-12 14:40:24,Beier and Sons,home,51.93,F,Lowell,OR,43.921,-122.7806,1420,Systems analyst,1965-11-11,42.953907,-122.990057,0,97429,CUST007789,60,41-60,Standard,4414.0,1617.52,36.84,50.99,8,1,1397,64,34,MOBILE,POS,Biometric,Yes,No,Yes,No,14,Saturday,True,0.0,0,Low Risk
2019-01-13 17:09:29,Keeling-Crist,misc_pos,67.39,M,Thida,AR,35.5762,-91.4539,111,Careers information officer,2000-06-13,34.872716,-91.218542,0,72021,CUST006142,25,18-25,Standard,7943.0,3345.88,36.06,66.43,3,0,539,4,91,WEB,Online,PIN,Yes,No,No,No,17,Sunday,True,0.0,0,Low Risk
2019-01-15 14:34:43,Kovacek Ltd,travel,9.89,F,Phil Campbell,AL,34.347,-87.7154,5778,"Engineer, aeronautical",1952-12-05,34.576488,-88.125537,0,38873,CUST001803,73,60+,Gold,15362.0,9473.72,8.45,7.58,2,4,172,14,3,WEB,POS,OTP,Yes,No,No,No,14,Tuesday,False,0.0,0,Low Risk
2019-01-10 20:30:01,Berge-Hills,kids_pets,7.77,F,Esbon,KS,39.7562,-98.4462,242,Tourism officer,1987-07-18,40.204148,-98.738662,0,68932,CUST005234,38,26-40,Platinum,51710.0,28852.47,6.78,6.02,4,3,231,55,47,POS,POS,PIN,Yes,Yes,No,No,20,Thursday,False,0.0,0,Low Risk
2019-01-05 05:45:29,Kiehn-Emmerich,grocery_pos,103.11,F,Tomales,CA,38.2427,-122.9145,337,Occupational psychologist,1954-07-05,38.90195,-123.772579,0,45777,CUST002605,71,60+,Gold,16481.0,4667.95,78.45,37.755,5,0,484,38,54,ATM,Mobile,PIN,Yes,Yes,No,Yes,5,Saturday,True,0.0,0,Low Risk
2019-01-03 23:04:11,"Hintz, Bauch and Smith",health_fitness,52.73,F,Orangeburg,NY,41.0442,-73.9609,5950,Records manager,1971-07-02,40.924827,-74.331293,0,7082,CUST010010,54,41-60,Standard,5478.0,4161.56,42.03,27.87,7,1,1426,29,25,ATM,Online,OTP,No,Yes,No,Yes,23,Thursday,False,0.01,0,Low Risk
2019-01-06 20:16:46,Kerluke-Abshire,shopping_net,95.76,F,Bauxite,AR,34.5091,-92.4828,4074,"Scientist, audiological",1975-12-20,33.928322,-92.596867,0,45777,CUST005317,50,41-60,Gold,17863.0,9763.89,60.19,110.43,8,4,965,82,74,MOBILE,Mobile,PIN,Yes,Yes,No,No,20,Sunday,True,0.0,0,Low Risk
2019-01-17 17:38:33,Crooks and Sons,personal_care,55.2,F,Mulberry Grove,IL,38.9311,-89.2463,1810,Race relations officer,1974-12-24,39.326865,-88.714636,0,62444,CUST006430,51,41-60,Gold,14497.0,5025.96,34.74,59.28,10,0,1391,44,64,ATM,POS,OTP,Yes,Yes,No,Yes,17,Thursday,False,0.0,0,Low Risk
2019-01-14 01:47:23,Rodriguez Group,gas_transport,62.17,M,Port Costa,CA,38.046,-122.1866,198,Armed forces training and education officer,1959-03-31,38.288363,-121.345442,0,95757,CUST007367,66,60+,Standard,7167.0,4419.54,38.91,47.65,10,0,100,98,53,POS,POS,PIN,Yes,No,No,Yes,1,Monday,False,0.0,0,Low Risk
2019-01-07 01:48:21,"Baumbach, Strosin and Nicolas",shopping_pos,7.63,F,Cassatt,SC,34.3424,-80.5,4424,Lawyer,1961-07-31,34.352558,-79.542373,0,29592,CUST001176,64,60+,Standard,5146.0,4343.01,5.86,6.97,6,2,979,12,40,POS,POS,Biometric,Yes,Yes,No,No,1,Monday,False,0.01,0,Low Risk
2019-01-14 06:38:55,Emmerich-Luettgen,grocery_net,108.82,M,Huntsville,AL,34.6205,-86.551,190178,"Engineer, automotive",1959-06-06,34.835837,-85.686437,0,35966,CUST005285,66,60+,Platinum,50218.0,18481.79,98.78,77.52,11,0,325,50,73,ATM,Online,PIN,Yes,Yes,No,No,6,Monday,False,0.0,0,Low Risk
2019-01-01 22:21:30,"Streich, Rolfson and Wilderman",kids_pets,45.12,M,South Hero,VT,44.64,-73.3113,1654,Transport planner,1991-01-31,43.728417,-74.195392,0,12842,CUST003740,34,26-40,Platinum,50390.0,10434.01,42.69,45.14,11,0,892,28,80,MOBILE,ATM,OTP,Yes,No,No,No,22,Tuesday,False,0.01,0,Low Risk
2019-01-14 22:32:42,Turner and Sons,shopping_pos,4.98,M,Hudson,NY,42.247,-73.7552,17867,Travel agency manager,1998-07-29,41.521113,-74.561905,0,10963,CUST009946,27,26-40,Standard,7675.0,4004.33,3.1,4.78,3,0,1176,44,12,ATM,POS,PIN,Yes,No,No,No,22,Monday,False,0.01,0,Low Risk
2019-01-14 18:05:59,Hammes-Beatty,kids_pets,22.29,F,Roma,TX,26.4215,-99.0025,18128,IT trainer,1990-11-07,26.898953,-98.199405,0,78353,CUST000932,35,26-40,Standard,6932.0,5151.56,16.94,17.84,9,0,983,47,72,WEB,ATM,PIN,Yes,No,No,No,18,Monday,False,0.0,0,Low Risk
2019-01-09 12:44:34,Adams-Barrows,health_fitness,8.43,F,Lahoma,OK,36.385,-98.0727,1078,"Programme researcher, broadcasting/film/video",1952-07-06,36.025224,-98.951144,0,73667,CUST004834,73,60+,Standard,5458.0,1199.06,5.26,7.39,4,2,1008,3,5,MOBILE,Mobile,PIN,Yes,Yes,No,Yes,12,Wednesday,False,0.0,0,Low Risk
2019-01-14 21:23:10,Ruecker-Mayert,kids_pets,49.03,M,Harper,TX,30.2816,-99.241,2395,"Pharmacist, community",1993-11-17,29.733449,-98.414452,0,78261,CUST004899,32,26-40,Platinum,50619.0,37055.34,33.45,53.43,3,1,671,87,16,MOBILE,POS,PIN,Yes,No,No,No,21,Monday,False,0.0,0,Low Risk
2019-01-15 17:56:35,McGlynn-Jaskolski,misc_pos,111.79,M,Quanah,TX,34.2956,-99.7494,3202,"Librarian, public",1998-03-18,33.896261,-100.150391,0,45777,CUST001637,27,26-40,Standard,7940.0,3100.05,74.56,111.69,6,1,858,80,40,POS,ATM,Biometric,Yes,Yes,No,No,17,Tuesday,False,0.0,0,Low Risk
2019-01-16 02:03:42,Hills-Olson,grocery_net,24.45,F,Pembroke Township,IL,41.0646,-87.5917,2135,"Psychotherapist, child",2004-05-08,41.675751,-87.14551,0,46368,CUST003233,21,18-25,Standard,6175.0,3641.55,22.21,12.49,2,0,189,83,86,MOBILE,Online,PIN,No,No,No,No,2,Wednesday,False,0.01,0,Low Risk
2019-01-15 08:28:33,Mohr-Bayer,shopping_net,8.66,M,Iliff,CO,40.7692,-103.0968,648,Community arts worker,1969-09-21,41.066143,-103.15392,0,80747,CUST005049,56,41-60,Standard,6006.0,5342.9,5.52,6.03,6,2,1122,62,84,ATM,Online,PIN,Yes,Yes,No,No,8,Tuesday,False,0.01,0,Low Risk
2019-01-18 23:18:35,"Hettinger, McCullough and Fay",home,63.62,F,Avoca,IA,41.4768,-95.3509,2036,Engineering geologist,1971-08-20,41.959154,-95.489268,0,51520,CUST006025,54,41-60,Gold,17786.0,6187.24,52.1,64.88,7,0,711,77,94,POS,ATM,OTP,Yes,Yes,No,No,23,Friday,False,0.0,0,Low Risk
2019-01-15 19:10:03,"Kilback, Nitzsche and Leffler",travel,7.52,F,Cisco,IL,39.9972,-88.6962,478,Landscape architect,1960-01-13,39.38267,-87.91385,0,62442,CUST001560,65,60+,Standard,4113.0,1737.3,7.13,7.48,11,4,1164,6,5,POS,ATM,PIN,Yes,Yes,No,No,19,Tuesday,False,0.0,0,Low Risk
2019-01-07 13:34:24,Haag-Blanda,food_dining,67.77,F,Thomas,OK,35.7382,-98.7388,1675,Barrister,1986-05-01,35.736102,-98.991032,0,73639,CUST003983,39,26-40,Platinum,51098.0,41720.21,48.4,67.77,8,2,551,6,64,MOBILE,Online,PIN,Yes,No,No,No,13,Monday,False,0.0,0,Low Risk
2019-01-07 00:06:39,"Baumbach, Feeney and Morar",shopping_net,23.93,F,Tiptonville,TN,36.3846,-89.4649,5577,Geochemist,1964-12-30,36.727905,-89.661879,0,63867,CUST007238,61,60+,Platinum,50666.0,40027.9,22.37,22.68,6,2,631,37,64,POS,POS,PIN,Yes,Yes,No,No,0,Monday,False,0.0,0,Low Risk
2019-01-18 07:06:11,Kuvalis Ltd,gas_transport,76.78,F,Orient,WA,48.8878,-118.2105,149,Special educational needs teacher,1978-06-21,48.407078,-117.461923,0,99119,CUST000075,47,41-60,Standard,6581.0,4639.24,72.14,64.86,5,2,723,2,67,WEB,Online,PIN,Yes,No,No,No,7,Friday,False,0.0,0,Low Risk
2019-01-12 08:12:09,Miller-Hauck,grocery_pos,125.18,M,Sea Island,GA,31.1989,-81.3322,298,"Engineer, structural",1963-04-22,30.478576,-81.035659,0,45777,CUST007111,62,60+,Gold,15403.0,13553.54,107.88,107.83,9,4,796,57,35,ATM,ATM,Biometric,Yes,Yes,No,No,8,Saturday,True,0.0,0,Low Risk
2019-01-08 06:30:14,"Eichmann, Bogan and Rodriguez",gas_transport,64.71,F,Bailey,NC,35.8072,-78.0892,6629,Call centre manager,1962-08-13,35.322122,-77.547437,0,28501,CUST008382,63,60+,Standard,7746.0,4482.125,44.29,70.57,10,0,15,93,9,ATM,Online,OTP,Yes,No,No,No,6,Tuesday,False,0.0,0,Low Risk
2019-01-12 16:11:55,Cormier LLC,health_fitness,4.74,F,Hurricane,WV,38.4257,-81.9943,21902,Sub,1980-09-18,38.149576,-81.88915,0,25572,CUST002398,45,41-60,Standard,6887.0,1414.46,3.51,2.84,6,0,765,84,55,ATM,POS,PIN,Yes,No,No,No,16,Saturday,True,0.0,0,Low Risk
2019-01-19 02:41:39,Schmitt Inc,gas_transport,51.6,M,Norwalk,CA,33.9056,-118.0818,105549,Firefighter,1973-09-22,34.614084,-118.177469,0,93551,CUST000336,52,41-60,Standard,7367.5,3219.96,35.34,57.7,2,4,228,40,43,WEB,POS,OTP,Yes,Yes,No,No,2,Saturday,True,0.0,0,Low Risk
2019-01-07 16:05:07,Schulist Ltd,food_dining,56.88,M,Bridger,MT,45.2857,-108.9082,1446,Chartered loss adjuster,1978-01-15,44.773814,-107.98555,0,45777,CUST004620,47,41-60,Standard,6308.0,3925.24,41.75,30.9,9,2,208,9,67,POS,Online,PIN,Yes,Yes,No,No,16,Monday,False,0.0,0,Low Risk
2019-01-09 02:06:17,"Douglas, Schneider and Turner",shopping_pos,2.69,M,Parks,AZ,35.2563,-111.95,759,"Geologist, engineering",1957-03-28,34.490701,-112.030958,0,86327,CUST006937,68,60+,Standard,7755.0,1951.21,2.24,2.47,3,2,577,38,95,MOBILE,Online,Biometric,Yes,Yes,No,No,2,Wednesday,False,0.0,0,Low Risk
2019-01-07 14:31:30,Brown-Greenholt,entertainment,39.35,F,Diamond,OH,41.0935,-81.0425,2644,"Engineer, biomedical",1983-08-25,40.939545,-81.145785,0,44601,CUST004498,42,41-60,Standard,4429.0,3957.55,26.62,22.87,4,0,309,76,71,POS,POS,PIN,Yes,Yes,No,No,14,Monday,False,0.0,0,Low Risk
2019-01-01 19:11:15,Bernhard-Lesch,food_dining,60.29,M,Alva,WY,44.6873,-104.4414,110,"Administrator, local government",1973-05-16,44.572457,-103.864062,0,57717,CUST002245,52,41-60,Gold,15534.0,4482.125,46.74,65.3,5,3,423,55,79,ATM,ATM,OTP,Yes,No,No,No,19,Tuesday,False,0.0,0,Low Risk
2019-01-08 05:18:18,Heidenreich PLC,grocery_pos,109.93,M,West Green,GA,31.6143,-82.7243,782,Audiological scientist,1982-01-16,31.176394,-82.955283,0,45777,CUST008155,43,41-60,Standard,5869.0,1686.78,73.37,127.53,7,3,1226,71,91,WEB,Online,Biometric,Yes,Yes,No,No,5,Tuesday,False,0.0,0,Low Risk
2019-01-09 00:54:39,Brown PLC,misc_net,4.25,M,Andrews,IN,40.8618,-85.6067,2304,Retail banker,1955-07-25,39.924242,-85.587399,0,47384,CUST009280,70,60+,Standard,7878.0,1635.55,2.68,37.755,1,3,1438,28,87,ATM,ATM,OTP,Yes,Yes,No,No,0,Wednesday,False,0.0,0,Low Risk
2019-01-11 10:58:28,Cummings LLC,gas_transport,59.13,M,Thida,AR,35.5762,-91.4539,111,Careers information officer,2000-06-13,35.49876,-92.374292,0,72013,CUST006073,25,18-25,Standard,5394.0,2845.27,47.97,53.85,5,4,421,15,46,ATM,Mobile,OTP,No,No,No,No,10,Friday,False,0.0,0,Low Risk
2019-01-04 17:47:03,"Lowe, Dietrich and Erdman",kids_pets,53.72,M,Shippingport,PA,40.6025,-80.3863,198,Secretary/administrator,1978-10-26,39.946343,-81.097813,0,43713,CUST004283,47,41-60,Gold,16880.0,4482.125,41.21,39.97,10,3,512,20,26,ATM,ATM,Biometric,Yes,No,No,No,17,Friday,False,0.0,0,Low Risk
2019-01-12 08:07:43,Schamberger-O'Keefe,grocery_pos,110.81,F,North Loup,NE,41.4972,-98.7858,509,"Nurse, children's",1980-09-15,41.223164,-99.352646,0,68855,CUST002788,45,41-60,Platinum,49857.0,14993.95,103.04,66.3,10,1,676,30,7,ATM,Mobile,PIN,Yes,No,No,No,8,Saturday,True,0.0,0,Low Risk
2019-01-13 09:19:00,Bernhard Inc,gas_transport,113.98,F,Westfir,OR,43.7575,-122.481,597,Forensic psychologist,1961-05-19,43.272789,-122.798829,0,45777,CUST001657,64,60+,Gold,17250.0,12081.3,83.55,105.45,2,2,1320,70,11,ATM,Online,Biometric,Yes,No,No,No,9,Sunday,True,0.0,0,Low Risk
2019-01-10 14:11:01,Stark-Batz,entertainment,1.26,M,Belfast,NY,42.32,-78.0943,1766,Mechanical engineer,1962-06-04,42.516953,-78.240147,0,14024,CUST001526,63,60+,Standard,4474.0,2287.25,0.92,0.67,6,2,1370,15,65,ATM,ATM,OTP,Yes,Yes,No,No,14,Thursday,False,0.0,0,Low Risk
2019-01-12 04:06:17,"Rodriguez, Yost and Jenkins",misc_net,3.86,M,Columbia,SC,33.9659,-80.9355,333497,Mechanical engineer,1968-03-19,33.666702,-81.1482209999999,0,29112,CUST000547,57,41-60,Standard,6146.0,2452.51,3.05,3.64,2,2,517,40,50,WEB,Online,Biometric,Yes,Yes,No,No,4,Saturday,True,0.0,0,Low Risk
2019-01-14 15:29:04,"Hills, Hegmann and Schaefer",health_fitness,53.49,F,Comfort,WV,38.1372,-81.5962,630,Fine artist,1959-07-30,37.575404,-81.143917,0,25841,CUST010251,66,60+,Standard,6827.0,1573.33,39.35,33.15,9,2,1070,65,51,WEB,ATM,Biometric,Yes,Yes,No,No,15,Monday,False,0.0,0,Low Risk
2019-01-15 17:08:20,Johns Inc,entertainment,183.32,F,Bellmore,NY,40.6729,-73.5365,34496,"Librarian, public",1970-10-21,40.32837,-74.190578,0,7733,CUST002539,55,41-60,Standard,6798.0,2836.69,148.49,130.55,8,2,572,47,55,MOBILE,POS,Biometric,Yes,Yes,Yes,No,17,Tuesday,False,0.0,0,Low Risk
2019-01-14 14:41:40,Dickinson Ltd,personal_care,10.98,F,Corsica,PA,41.1762,-79.1976,1274,Maintenance engineer,1949-03-20,41.98492,-79.924064,0,16441,CUST006086,76,60+,Platinum,51947.0,29002.35,9.79,8.39,5,1,1101,71,43,POS,Online,PIN,Yes,No,No,No,14,Monday,False,0.0,0,Low Risk
2019-01-17 20:52:39,Lemke-Gutmann,shopping_net,4.39,M,Haines City,FL,28.0758,-81.5929,33804,Exercise physiologist,1991-01-01,28.707248,-80.6929459999999,0,32754,CUST002769,35,26-40,Gold,16714.0,9531.73,2.77,4.68,8,2,1025,56,73,WEB,POS,OTP,Yes,Yes,No,No,20,Thursday,False,0.0,0,Low Risk
2019-01-06 01:37:29,"Tillman, Dickinson and Labadie",gas_transport,76.67,F,Hahira,GA,30.9416,-83.3574,10295,"Teacher, special educational needs",1997-12-26,30.109978,-84.354255,0,32327,CUST004725,28,26-40,Gold,14959.0,6907.96,62.38,48.89,10,0,964,11,82,ATM,ATM,Biometric,Yes,Yes,No,No,1,Sunday,True,0.0,0,Low Risk
2019-01-18 10:41:55,Gutmann Ltd,grocery_net,31.88,F,Norman,AR,34.4596,-93.6743,1383,Manufacturing engineer,1999-09-11,33.730671,-94.433118,0,71836,CUST003021,26,26-40,Gold,14904.0,12678.98,22.74,35.94,10,4,420,81,22,MOBILE,POS,OTP,Yes,No,No,No,10,Friday,False,0.0,0,Low Risk
2019-01-16 00:32:50,"Zieme, Bode and Dooley",gas_transport,70.88,M,Egan,LA,30.251,-92.5002,1261,Broadcast presenter,1972-07-01,31.229005,-92.899985,0,71472,CUST004001,53,41-60,Gold,15224.0,5623.57,53.97,74.56,11,0,1405,36,97,ATM,POS,Biometric,Yes,Yes,No,No,0,Wednesday,False,0.0,0,Low Risk
2019-01-04 14:48:07,"Yost, Schamberger and Windler",kids_pets,7.63,F,Center Tuftonboro,NH,43.6849,-71.2551,1368,"Optician, dispensing",1971-08-05,43.507644,-72.04251,0,3284,CUST010840,54,41-60,Standard,7846.0,5571.08,5.03,6.32,4,3,283,81,58,POS,Online,OTP,Yes,No,No,No,14,Friday,False,0.0,0,Low Risk
